delivery_id,delivery_date,route_id,stop_seq,zone,customer_type,n_items,distance_km,window_start,window_end,arrival_time,discrepancy_type,transport_cost_eur
20001,2026-01-07,2026-01-07-AM-V1,1,RA-province,B2B,3,44,08:00,10:00,08:55,,40.94
20002,2026-01-07,2026-01-07-AM-V1,2,RA-province,B2C,1,16,08:00,12:00,09:17,,40.94
20003,2026-01-07,2026-01-07-AM-V1,3,RA-province,B2C,2,42,08:00,12:00,09:41,,40.94
20004,2026-01-07,2026-01-07-AM-V1,4,RA-province,B2C,1,18,08:00,12:00,10:12,,40.94
20005,2026-01-07,2026-01-07-AM-V1,5,RA-province,B2C,4,39,08:00,12:00,10:41,,40.94
20006,2026-01-07,2026-01-07-PM-V1,1,RA-city,B2B,6,15,14:00,16:00,14:15,,24.23
20007,2026-01-07,2026-01-07-PM-V1,2,RA-city,B2B,7,15,14:00,16:00,14:40,,24.23
20008,2026-01-07,2026-01-07-PM-V1,3,RA-city,B2B,3,13,14:00,16:00,15:08,,24.23
20009,2026-01-07,2026-01-07-PM-V1,4,RA-city,B2C,3,19,14:00,18:00,15:27,,24.23
20010,2026-01-07,2026-01-07-PM-V1,5,RA-city,B2C,2,6,14:00,18:00,15:58,,24.23
20011,2026-01-07,2026-01-07-PM-V1,6,RA-city,B2C,3,10,14:00,18:00,16:25,,24.23
20012,2026-01-07,2026-01-07-PM-V1,7,RA-city,B2C,4,18,14:00,18:00,16:57,,24.23
20013,2026-01-07,2026-01-07-AM-V2,1,RA-city,B2B,7,9,08:00,10:00,08:12,,22.28
20014,2026-01-07,2026-01-07-AM-V2,2,RA-city,B2C,1,17,08:00,12:00,08:39,,22.28
20015,2026-01-07,2026-01-07-AM-V2,3,RA-city,B2C,1,19,08:00,12:00,08:58,,22.28
20016,2026-01-07,2026-01-07-AM-V2,4,RA-city,B2C,4,5,08:00,12:00,09:17,,22.28
20017,2026-01-07,2026-01-07-AM-V2,5,RA-city,B2C,4,8,08:00,12:00,09:52,,22.28
20018,2026-01-07,2026-01-07-AM-V2,6,RA-city,B2C,2,13,08:00,12:00,10:30,,22.28
20019,2026-01-07,2026-01-07-AM-V2,7,RA-city,B2C,1,5,08:00,12:00,10:58,,22.28
20020,2026-01-07,2026-01-07-PM-V2,1,BO,B2B,9,65,14:00,16:00,15:32,,49.39
20021,2026-01-07,2026-01-07-PM-V2,2,BO,B2B,6,51,14:00,16:00,16:19,,49.39
20022,2026-01-07,2026-01-07-PM-V2,3,BO,B2C,2,72,14:00,18:00,16:50,,49.39
20023,2026-01-07,2026-01-07-PM-V2,4,BO,B2C,4,89,14:00,18:00,17:20,,49.39
20024,2026-01-07,2026-01-07-PM-V2,5,BO,B2C,5,62,14:00,18:00,18:12,,49.39
20025,2026-01-07,2026-01-07-AM-V3,1,RA-province,B2B,4,29,08:00,10:00,08:41,,32.93
20026,2026-01-07,2026-01-07-AM-V3,2,RA-province,B2B,3,19,08:00,10:00,09:13,missing_item,32.93
20027,2026-01-07,2026-01-07-AM-V3,3,RA-province,B2C,2,38,08:00,12:00,09:46,,32.93
20028,2026-01-07,2026-01-07-AM-V3,4,RA-province,B2C,2,23,08:00,12:00,10:16,,32.93
20029,2026-01-07,2026-01-07-AM-V3,5,RA-province,B2C,4,16,08:00,12:00,10:52,,32.93
20030,2026-01-07,2026-01-07-AM-V3,6,RA-province,B2C,2,31,08:00,12:00,11:31,,32.93
20031,2026-01-07,2026-01-07-PM-V3,1,FC,B2B,3,31,14:00,16:00,14:45,,40.81
20032,2026-01-07,2026-01-07-PM-V3,2,FC,B2C,1,60,14:00,18:00,15:08,,40.81
20033,2026-01-07,2026-01-07-PM-V3,3,FC,B2C,4,42,14:00,18:00,15:42,,40.81
20034,2026-01-07,2026-01-07-PM-V3,4,FC,B2C,2,41,14:00,18:00,16:35,,40.81
20035,2026-01-07,2026-01-07-PM-V3,5,FC,B2C,1,29,14:00,18:00,17:15,,40.81
20036,2026-01-08,2026-01-08-AM-V1,1,RN,B2B,5,70,08:00,10:00,09:42,,41.92
20037,2026-01-08,2026-01-08-AM-V1,2,RN,B2B,5,77,08:00,10:00,10:12,,41.92
20038,2026-01-08,2026-01-08-AM-V1,3,RN,B2B,7,74,08:00,10:00,10:46,,41.92
20039,2026-01-08,2026-01-08-AM-V1,4,RN,B2C,4,59,08:00,12:00,11:13,,41.92
20040,2026-01-08,2026-01-08-AM-V1,5,RN,B2C,4,72,08:00,12:00,12:06,,41.92
20041,2026-01-08,2026-01-08-AM-V1,6,RN,B2C,3,65,08:00,12:00,12:44,,41.92
20042,2026-01-08,2026-01-08-PM-V1,1,BO,B2C,6,50,14:00,18:00,15:38,,54.91
20043,2026-01-08,2026-01-08-PM-V1,2,BO,B2C,4,65,14:00,18:00,16:32,,54.91
20044,2026-01-08,2026-01-08-PM-V1,3,BO,B2C,3,63,14:00,18:00,17:16,,54.91
20045,2026-01-08,2026-01-08-PM-V1,4,BO,B2C,3,51,14:00,18:00,18:05,,54.91
20046,2026-01-08,2026-01-08-AM-V2,1,BO,B2B,10,64,08:00,10:00,09:14,,49.65
20047,2026-01-08,2026-01-08-AM-V2,2,BO,B2B,9,53,08:00,10:00,09:50,,49.65
20048,2026-01-08,2026-01-08-AM-V2,3,BO,B2C,4,74,08:00,12:00,10:36,,49.65
20049,2026-01-08,2026-01-08-AM-V2,4,BO,B2C,4,67,08:00,12:00,11:21,,49.65
20050,2026-01-08,2026-01-08-AM-V2,5,BO,B2C,2,69,08:00,12:00,12:03,,49.65
20051,2026-01-08,2026-01-08-PM-V2,1,RA-province,B2B,4,24,14:00,16:00,14:27,,38.21
20052,2026-01-08,2026-01-08-PM-V2,2,RA-province,B2C,4,43,14:00,18:00,14:58,,38.21
20053,2026-01-08,2026-01-08-PM-V2,3,RA-province,B2C,2,41,14:00,18:00,15:46,,38.21
20054,2026-01-08,2026-01-08-PM-V2,4,RA-province,B2C,1,15,14:00,18:00,16:16,,38.21
20055,2026-01-08,2026-01-08-PM-V2,5,RA-province,B2C,2,32,14:00,18:00,16:39,transport_damage,38.21
20056,2026-01-08,2026-01-08-AM-V3,1,BO,B2B,5,54,08:00,10:00,09:17,,57.35
20057,2026-01-08,2026-01-08-AM-V3,2,BO,B2C,4,81,08:00,12:00,09:48,,57.35
20058,2026-01-08,2026-01-08-AM-V3,3,BO,B2C,4,59,08:00,12:00,10:32,,57.35
20059,2026-01-08,2026-01-08-AM-V3,4,BO,B2C,5,56,08:00,12:00,11:23,,57.35
20060,2026-01-08,2026-01-08-PM-V3,1,RA-city,B2B,4,13,14:00,16:00,14:15,,21.04
20061,2026-01-08,2026-01-08-PM-V3,2,RA-city,B2B,8,16,14:00,16:00,14:34,,21.04
20062,2026-01-08,2026-01-08-PM-V3,3,RA-city,B2B,3,20,14:00,16:00,15:02,,21.04
20063,2026-01-08,2026-01-08-PM-V3,4,RA-city,B2B,3,18,14:00,16:00,15:20,transport_damage,21.04
20064,2026-01-08,2026-01-08-PM-V3,5,RA-city,B2C,2,15,14:00,18:00,15:50,,21.04
20065,2026-01-08,2026-01-08-PM-V3,6,RA-city,B2C,1,17,14:00,18:00,16:20,,21.04
20066,2026-01-08,2026-01-08-PM-V3,7,RA-city,B2C,3,8,14:00,18:00,16:39,,21.04
20067,2026-01-08,2026-01-08-PM-V3,8,RA-city,B2C,4,15,14:00,18:00,17:10,,21.04
20068,2026-01-09,2026-01-09-AM-V1,1,RN,B2B,8,63,08:00,10:00,09:18,,41.48
20069,2026-01-09,2026-01-09-AM-V1,2,RN,B2C,4,61,08:00,12:00,09:56,,41.48
20070,2026-01-09,2026-01-09-AM-V1,3,RN,B2C,5,49,08:00,12:00,10:37,,41.48
20071,2026-01-09,2026-01-09-AM-V1,4,RN,B2C,3,72,08:00,12:00,11:23,,41.48
20072,2026-01-09,2026-01-09-AM-V1,5,RN,B2C,2,61,08:00,12:00,12:04,,41.48
20073,2026-01-09,2026-01-09-AM-V1,6,RN,B2C,2,69,08:00,12:00,12:36,,41.48
20074,2026-01-09,2026-01-09-PM-V1,1,FC,B2B,3,44,14:00,16:00,15:35,,44.06
20075,2026-01-09,2026-01-09-PM-V1,2,FC,B2C,4,56,14:00,18:00,15:55,,44.06
20076,2026-01-09,2026-01-09-PM-V1,3,FC,B2C,4,58,14:00,18:00,16:43,wrong_address,44.06
20077,2026-01-09,2026-01-09-PM-V1,4,FC,B2C,1,33,14:00,18:00,17:40,,44.06
20078,2026-01-09,2026-01-09-PM-V1,5,FC,B2C,3,52,14:00,18:00,18:04,,44.06
20079,2026-01-09,2026-01-09-AM-V2,1,FC,B2B,4,40,08:00,10:00,08:49,,41.98
20080,2026-01-09,2026-01-09-AM-V2,2,FC,B2B,8,28,08:00,10:00,09:12,,41.98
20081,2026-01-09,2026-01-09-AM-V2,3,FC,B2C,3,48,08:00,12:00,09:48,,41.98
20082,2026-01-09,2026-01-09-AM-V2,4,FC,B2C,4,43,08:00,12:00,10:29,,41.98
20083,2026-01-09,2026-01-09-AM-V2,5,FC,B2C,3,39,08:00,12:00,11:16,,41.98
20084,2026-01-09,2026-01-09-PM-V2,1,FC,B2B,8,34,14:00,16:00,14:41,,42.76
20085,2026-01-09,2026-01-09-PM-V2,2,FC,B2B,5,32,14:00,16:00,15:16,,42.76
20086,2026-01-09,2026-01-09-PM-V2,3,FC,B2C,3,44,14:00,18:00,15:57,,42.76
20087,2026-01-09,2026-01-09-PM-V2,4,FC,B2C,1,30,14:00,18:00,16:38,,42.76
20088,2026-01-09,2026-01-09-PM-V2,5,FC,B2C,4,44,14:00,18:00,17:07,,42.76
20089,2026-01-09,2026-01-09-AM-V3,1,BO,B2B,10,52,08:00,10:00,09:04,,48.09
20090,2026-01-09,2026-01-09-AM-V3,2,BO,B2B,8,71,08:00,10:00,09:44,,48.09
20091,2026-01-09,2026-01-09-AM-V3,3,BO,B2C,6,69,08:00,12:00,10:17,,48.09
20092,2026-01-09,2026-01-09-AM-V3,4,BO,B2C,5,64,08:00,12:00,11:09,,48.09
20093,2026-01-09,2026-01-09-AM-V3,5,BO,B2C,3,81,08:00,12:00,11:58,missing_item,48.09
20094,2026-01-09,2026-01-09-PM-V3,1,RN,B2B,8,68,14:00,16:00,16:00,,46.92
20095,2026-01-09,2026-01-09-PM-V3,2,RN,B2B,8,49,14:00,16:00,16:38,,46.92
20096,2026-01-09,2026-01-09-PM-V3,3,RN,B2C,3,49,14:00,18:00,17:13,,46.92
20097,2026-01-09,2026-01-09-PM-V3,4,RN,B2C,6,59,14:00,18:00,17:48,,46.92
20098,2026-01-09,2026-01-09-PM-V3,5,RN,B2C,6,52,14:00,18:00,18:39,,46.92
20099,2026-01-10,2026-01-10-AM-V1,1,RA-city,B2B,3,12,08:00,10:00,08:16,,26.64
20100,2026-01-10,2026-01-10-AM-V1,2,RA-city,B2B,3,12,08:00,10:00,08:36,,26.64
20101,2026-01-10,2026-01-10-AM-V1,3,RA-city,B2C,2,11,08:00,12:00,08:52,,26.64
20102,2026-01-10,2026-01-10-AM-V1,4,RA-city,B2C,3,8,08:00,12:00,09:22,,26.64
20103,2026-01-10,2026-01-10-AM-V1,5,RA-city,B2C,2,13,08:00,12:00,09:51,,26.64
20104,2026-01-10,2026-01-10-AM-V1,6,RA-city,B2C,4,14,08:00,12:00,10:15,,26.64
20105,2026-01-10,2026-01-10-PM-V1,1,FC,B2B,5,51,14:00,16:00,15:16,,43.54
20106,2026-01-10,2026-01-10-PM-V1,2,FC,B2C,4,48,14:00,18:00,15:52,transport_damage,43.54
20107,2026-01-10,2026-01-10-PM-V1,3,FC,B2C,1,35,14:00,18:00,16:48,,43.54
20108,2026-01-10,2026-01-10-PM-V1,4,FC,B2C,4,25,14:00,18:00,17:14,,43.54
20109,2026-01-10,2026-01-10-PM-V1,5,FC,B2C,2,34,14:00,18:00,17:58,,43.54
20110,2026-01-10,2026-01-10-AM-V2,1,RN,B2B,9,65,08:00,10:00,09:05,,56.38
20111,2026-01-10,2026-01-10-AM-V2,2,RN,B2B,5,55,08:00,10:00,09:52,,56.38
20112,2026-01-10,2026-01-10-AM-V2,3,RN,B2C,6,58,08:00,12:00,10:15,,56.38
20113,2026-01-10,2026-01-10-AM-V2,4,RN,B2C,2,57,08:00,12:00,11:04,,56.38
20114,2026-01-10,2026-01-10-PM-V2,1,FE,B2C,5,83,14:00,18:00,15:41,transport_damage,63.36
20115,2026-01-10,2026-01-10-PM-V2,2,FE,B2C,6,91,14:00,18:00,16:47,,63.36
20116,2026-01-10,2026-01-10-PM-V2,3,FE,B2C,5,66,14:00,18:00,17:39,,63.36
20117,2026-01-10,2026-01-10-PM-V2,4,FE,B2C,4,62,14:00,18:00,18:35,,63.36
20118,2026-01-10,2026-01-10-AM-V3,1,RA-province,B2C,4,19,08:00,12:00,08:28,,38.6
20119,2026-01-10,2026-01-10-AM-V3,2,RA-province,B2C,3,38,08:00,12:00,09:07,,38.6
20120,2026-01-10,2026-01-10-AM-V3,3,RA-province,B2C,4,43,08:00,12:00,09:46,,38.6
20121,2026-01-10,2026-01-10-AM-V3,4,RA-province,B2C,2,16,08:00,12:00,10:26,,38.6
20122,2026-01-10,2026-01-10-AM-V3,5,RA-province,B2C,1,40,08:00,12:00,10:56,,38.6
20123,2026-01-10,2026-01-10-PM-V3,1,FC,B2B,7,49,14:00,16:00,15:14,,43.54
20124,2026-01-10,2026-01-10-PM-V3,2,FC,B2B,5,28,14:00,16:00,15:51,,43.54
20125,2026-01-10,2026-01-10-PM-V3,3,FC,B2C,2,45,14:00,18:00,16:18,,43.54
20126,2026-01-10,2026-01-10-PM-V3,4,FC,B2C,1,28,14:00,18:00,16:51,transport_damage,43.54
20127,2026-01-10,2026-01-10-PM-V3,5,FC,B2C,3,47,14:00,18:00,17:30,,43.54
20128,2026-01-11,2026-01-11-AM-V1,1,RA-province,B2B,5,19,08:00,10:00,08:27,,33.57
20129,2026-01-11,2026-01-11-AM-V1,2,RA-province,B2B,7,32,08:00,10:00,08:58,,33.57
20130,2026-01-11,2026-01-11-AM-V1,3,RA-province,B2C,1,43,08:00,12:00,09:24,,33.57
20131,2026-01-11,2026-01-11-AM-V1,4,RA-province,B2C,2,15,08:00,12:00,09:57,,33.57
20132,2026-01-11,2026-01-11-AM-V1,5,RA-province,B2C,2,35,08:00,12:00,10:34,,33.57
20133,2026-01-11,2026-01-11-AM-V1,6,RA-province,B2C,1,38,08:00,12:00,11:12,,33.57
20134,2026-01-11,2026-01-11-PM-V1,1,BO,B2C,4,71,14:00,18:00,15:44,,64.83
20135,2026-01-11,2026-01-11-PM-V1,2,BO,B2C,3,83,14:00,18:00,16:27,,64.83
20136,2026-01-11,2026-01-11-PM-V1,3,BO,B2C,4,62,14:00,18:00,17:06,,64.83
20137,2026-01-11,2026-01-11-PM-V1,4,BO,B2C,6,90,14:00,18:00,18:05,,64.83
20138,2026-01-11,2026-01-11-AM-V2,1,RA-province,B2B,3,16,08:00,10:00,08:15,,28.96
20139,2026-01-11,2026-01-11-AM-V2,2,RA-province,B2B,8,15,08:00,10:00,08:34,,28.96
20140,2026-01-11,2026-01-11-AM-V2,3,RA-province,B2C,1,33,08:00,12:00,09:08,,28.96
20141,2026-01-11,2026-01-11-AM-V2,4,RA-province,B2C,1,22,08:00,12:00,09:33,,28.96
20142,2026-01-11,2026-01-11-AM-V2,5,RA-province,B2C,2,41,08:00,12:00,10:00,,28.96
20143,2026-01-11,2026-01-11-AM-V2,6,RA-province,B2C,3,28,08:00,12:00,10:30,,28.96
20144,2026-01-11,2026-01-11-AM-V2,7,RA-province,B2C,3,39,08:00,12:00,11:12,,28.96
20145,2026-01-11,2026-01-11-PM-V2,1,BO,B2B,5,86,14:00,16:00,16:02,,52.77
20146,2026-01-11,2026-01-11-PM-V2,2,BO,B2B,4,53,14:00,16:00,16:28,,52.77
20147,2026-01-11,2026-01-11-PM-V2,3,BO,B2C,3,72,14:00,18:00,17:00,,52.77
20148,2026-01-11,2026-01-11-PM-V2,4,BO,B2C,5,57,14:00,18:00,17:50,,52.77
20149,2026-01-11,2026-01-11-PM-V2,5,BO,B2C,5,72,14:00,18:00,18:36,,52.77
20150,2026-01-11,2026-01-11-AM-V3,1,RA-province,B2B,7,29,08:00,10:00,08:30,,33.68
20151,2026-01-11,2026-01-11-AM-V3,2,RA-province,B2B,6,25,08:00,10:00,09:05,,33.68
20152,2026-01-11,2026-01-11-AM-V3,3,RA-province,B2C,2,39,08:00,12:00,09:36,,33.68
20153,2026-01-11,2026-01-11-AM-V3,4,RA-province,B2C,2,23,08:00,12:00,10:10,,33.68
20154,2026-01-11,2026-01-11-AM-V3,5,RA-province,B2C,2,26,08:00,12:00,10:39,,33.68
20155,2026-01-11,2026-01-11-AM-V3,6,RA-province,B2C,2,36,08:00,12:00,11:06,,33.68
20156,2026-01-11,2026-01-11-PM-V3,1,RA-city,B2B,4,14,14:00,16:00,14:17,,21.85
20157,2026-01-11,2026-01-11-PM-V3,2,RA-city,B2B,8,18,14:00,16:00,14:41,,21.85
20158,2026-01-11,2026-01-11-PM-V3,3,RA-city,B2B,3,12,14:00,16:00,15:12,,21.85
20159,2026-01-11,2026-01-11-PM-V3,4,RA-city,B2C,2,18,14:00,18:00,15:29,,21.85
20160,2026-01-11,2026-01-11-PM-V3,5,RA-city,B2C,2,18,14:00,18:00,15:59,,21.85
20161,2026-01-11,2026-01-11-PM-V3,6,RA-city,B2C,2,8,14:00,18:00,16:22,,21.85
20162,2026-01-11,2026-01-11-PM-V3,7,RA-city,B2C,2,8,14:00,18:00,16:51,,21.85
20163,2026-01-11,2026-01-11-PM-V3,8,RA-city,B2C,4,15,14:00,18:00,17:19,,21.85
20164,2026-01-14,2026-01-14-AM-V1,1,RA-city,B2C,1,16,08:00,12:00,08:20,,21.52
20165,2026-01-14,2026-01-14-AM-V1,2,RA-city,B2C,2,12,08:00,12:00,08:43,,21.52
20166,2026-01-14,2026-01-14-AM-V1,3,RA-city,B2C,2,20,08:00,12:00,09:13,,21.52
20167,2026-01-14,2026-01-14-AM-V1,4,RA-city,B2C,2,18,08:00,12:00,09:42,,21.52
20168,2026-01-14,2026-01-14-AM-V1,5,RA-city,B2C,4,17,08:00,12:00,10:11,,21.52
20169,2026-01-14,2026-01-14-AM-V1,6,RA-city,B2C,3,16,08:00,12:00,10:46,,21.52
20170,2026-01-14,2026-01-14-AM-V1,7,RA-city,B2C,4,16,08:00,12:00,11:17,,21.52
20171,2026-01-14,2026-01-14-AM-V1,8,RA-city,B2C,1,9,08:00,12:00,11:57,,21.52
20172,2026-01-14,2026-01-14-PM-V1,1,FC,B2B,4,50,14:00,16:00,15:10,,45.62
20173,2026-01-14,2026-01-14-PM-V1,2,FC,B2B,4,60,14:00,16:00,15:50,,45.62
20174,2026-01-14,2026-01-14-PM-V1,3,FC,B2C,4,32,14:00,18:00,16:21,,45.62
20175,2026-01-14,2026-01-14-PM-V1,4,FC,B2C,2,54,14:00,18:00,17:04,,45.62
20176,2026-01-14,2026-01-14-PM-V1,5,FC,B2C,4,45,14:00,18:00,17:45,,45.62
20177,2026-01-14,2026-01-14-AM-V2,1,RN,B2C,4,47,08:00,12:00,09:03,,54.75
20178,2026-01-14,2026-01-14-AM-V2,2,RN,B2C,5,54,08:00,12:00,09:40,,54.75
20179,2026-01-14,2026-01-14-AM-V2,3,RN,B2C,3,75,08:00,12:00,10:33,,54.75
20180,2026-01-14,2026-01-14-AM-V2,4,RN,B2C,5,63,08:00,12:00,11:09,,54.75
20181,2026-01-14,2026-01-14-PM-V2,1,RN,B2B,4,50,14:00,16:00,15:10,,38.77
20182,2026-01-14,2026-01-14-PM-V2,2,RN,B2B,4,70,14:00,16:00,15:34,,38.77
20183,2026-01-14,2026-01-14-PM-V2,3,RN,B2C,6,77,14:00,18:00,16:07,,38.77
20184,2026-01-14,2026-01-14-PM-V2,4,RN,B2C,5,50,14:00,18:00,16:56,,38.77
20185,2026-01-14,2026-01-14-PM-V2,5,RN,B2C,2,71,14:00,18:00,17:41,,38.77
20186,2026-01-14,2026-01-14-PM-V2,6,RN,B2C,2,61,14:00,18:00,18:12,,38.77
20187,2026-01-14,2026-01-14-AM-V3,1,RA-city,B2B,6,9,08:00,10:00,08:11,,21.52
20188,2026-01-14,2026-01-14-AM-V3,2,RA-city,B2B,8,5,08:00,10:00,08:35,,21.52
20189,2026-01-14,2026-01-14-AM-V3,3,RA-city,B2C,3,8,08:00,12:00,09:02,,21.52
20190,2026-01-14,2026-01-14-AM-V3,4,RA-city,B2C,2,6,08:00,12:00,09:34,,21.52
20191,2026-01-14,2026-01-14-AM-V3,5,RA-city,B2C,3,19,08:00,12:00,10:05,,21.52
20192,2026-01-14,2026-01-14-AM-V3,6,RA-city,B2C,2,7,08:00,12:00,10:37,,21.52
20193,2026-01-14,2026-01-14-AM-V3,7,RA-city,B2C,2,19,08:00,12:00,11:05,,21.52
20194,2026-01-14,2026-01-14-AM-V3,8,RA-city,B2C,4,18,08:00,12:00,11:33,,21.52
20195,2026-01-14,2026-01-14-PM-V3,1,RA-city,B2B,4,18,14:00,16:00,14:27,,21.93
20196,2026-01-14,2026-01-14-PM-V3,2,RA-city,B2B,5,19,14:00,16:00,14:48,,21.93
20197,2026-01-14,2026-01-14-PM-V3,3,RA-city,B2B,7,6,14:00,16:00,15:11,,21.93
20198,2026-01-14,2026-01-14-PM-V3,4,RA-city,B2B,7,20,14:00,16:00,15:37,,21.93
20199,2026-01-14,2026-01-14-PM-V3,5,RA-city,B2C,4,12,14:00,18:00,16:04,,21.93
20200,2026-01-14,2026-01-14-PM-V3,6,RA-city,B2C,3,17,14:00,18:00,16:41,,21.93
20201,2026-01-14,2026-01-14-PM-V3,7,RA-city,B2C,2,15,14:00,18:00,17:14,,21.93
20202,2026-01-14,2026-01-14-PM-V3,8,RA-city,B2C,4,16,14:00,18:00,17:43,,21.93
20203,2026-01-15,2026-01-15-AM-V1,1,FC,B2C,1,42,08:00,12:00,08:53,,43.54
20204,2026-01-15,2026-01-15-AM-V1,2,FC,B2C,3,38,08:00,12:00,09:25,,43.54
20205,2026-01-15,2026-01-15-AM-V1,3,FC,B2C,3,33,08:00,12:00,10:08,,43.54
20206,2026-01-15,2026-01-15-AM-V1,4,FC,B2C,4,60,08:00,12:00,10:52,,43.54
20207,2026-01-15,2026-01-15-AM-V1,5,FC,B2C,1,50,08:00,12:00,11:34,,43.54
20208,2026-01-15,2026-01-15-PM-V1,1,BO,B2B,6,61,14:00,16:00,15:01,,49.65
20209,2026-01-15,2026-01-15-PM-V1,2,BO,B2B,9,53,14:00,16:00,15:36,,49.65
20210,2026-01-15,2026-01-15-PM-V1,3,BO,B2C,3,70,14:00,18:00,16:19,,49.65
20211,2026-01-15,2026-01-15-PM-V1,4,BO,B2C,4,56,14:00,18:00,17:02,,49.65
20212,2026-01-15,2026-01-15-PM-V1,5,BO,B2C,5,59,14:00,18:00,17:58,,49.65
20213,2026-01-15,2026-01-15-AM-V2,1,RA-city,B2B,5,19,08:00,10:00,08:28,,21.61
20214,2026-01-15,2026-01-15-AM-V2,2,RA-city,B2B,8,12,08:00,10:00,08:52,,21.61
20215,2026-01-15,2026-01-15-AM-V2,3,RA-city,B2B,3,18,08:00,10:00,09:21,,21.61
20216,2026-01-15,2026-01-15-AM-V2,4,RA-city,B2B,6,20,08:00,10:00,09:36,,21.61
20217,2026-01-15,2026-01-15-AM-V2,5,RA-city,B2C,3,11,08:00,12:00,10:03,,21.61
20218,2026-01-15,2026-01-15-AM-V2,6,RA-city,B2C,1,13,08:00,12:00,10:34,,21.61
20219,2026-01-15,2026-01-15-AM-V2,7,RA-city,B2C,1,14,08:00,12:00,10:55,,21.61
20220,2026-01-15,2026-01-15-AM-V2,8,RA-city,B2C,1,14,08:00,12:00,11:15,,21.61
20221,2026-01-15,2026-01-15-PM-V2,1,RA-city,B2B,4,13,14:00,16:00,14:14,,27.62
20222,2026-01-15,2026-01-15-PM-V2,2,RA-city,B2C,4,11,14:00,18:00,14:31,,27.62
20223,2026-01-15,2026-01-15-PM-V2,3,RA-city,B2C,4,14,14:00,18:00,15:12,,27.62
20224,2026-01-15,2026-01-15-PM-V2,4,RA-city,B2C,3,13,14:00,18:00,15:47,,27.62
20225,2026-01-15,2026-01-15-PM-V2,5,RA-city,B2C,1,16,14:00,18:00,16:22,,27.62
20226,2026-01-15,2026-01-15-PM-V2,6,RA-city,B2C,1,15,14:00,18:00,16:49,,27.62
20227,2026-01-15,2026-01-15-AM-V3,1,RA-city,B2B,8,5,08:00,10:00,08:05,,19.9
20228,2026-01-15,2026-01-15-AM-V3,2,RA-city,B2C,4,19,08:00,12:00,08:34,,19.9
20229,2026-01-15,2026-01-15-AM-V3,3,RA-city,B2C,3,8,08:00,12:00,09:12,,19.9
20230,2026-01-15,2026-01-15-AM-V3,4,RA-city,B2C,4,12,08:00,12:00,09:41,,19.9
20231,2026-01-15,2026-01-15-AM-V3,5,RA-city,B2C,1,17,08:00,12:00,10:21,,19.9
20232,2026-01-15,2026-01-15-AM-V3,6,RA-city,B2C,3,12,08:00,12:00,10:43,,19.9
20233,2026-01-15,2026-01-15-AM-V3,7,RA-city,B2C,1,16,08:00,12:00,11:14,,19.9
20234,2026-01-15,2026-01-15-AM-V3,8,RA-city,B2C,4,5,08:00,12:00,11:33,,19.9
20235,2026-01-15,2026-01-15-PM-V3,1,FE,B2C,6,103,14:00,18:00,16:16,,93.58
20236,2026-01-15,2026-01-15-PM-V3,2,FE,B2C,2,60,14:00,18:00,17:13,,93.58
20237,2026-01-15,2026-01-15-PM-V3,3,FE,B2C,2,98,14:00,18:00,18:00,,93.58
20238,2026-01-16,2026-01-16-AM-V1,1,RA-city,B2B,4,12,08:00,10:00,08:16,,23.3
20239,2026-01-16,2026-01-16-AM-V1,2,RA-city,B2B,3,20,08:00,10:00,08:38,,23.3
20240,2026-01-16,2026-01-16-AM-V1,3,RA-city,B2B,4,17,08:00,10:00,08:55,,23.3
20241,2026-01-16,2026-01-16-AM-V1,4,RA-city,B2C,1,14,08:00,12:00,09:13,,23.3
20242,2026-01-16,2026-01-16-AM-V1,5,RA-city,B2C,4,6,08:00,12:00,09:36,,23.3
20243,2026-01-16,2026-01-16-AM-V1,6,RA-city,B2C,3,9,08:00,12:00,10:13,,23.3
20244,2026-01-16,2026-01-16-AM-V1,7,RA-city,B2C,4,8,08:00,12:00,10:50,,23.3
20245,2026-01-16,2026-01-16-PM-V1,1,RA-province,B2B,5,33,14:00,16:00,14:35,,38.34
20246,2026-01-16,2026-01-16-PM-V1,2,RA-province,B2B,5,29,14:00,16:00,15:04,,38.34
20247,2026-01-16,2026-01-16-PM-V1,3,RA-province,B2C,3,15,14:00,18:00,15:36,,38.34
20248,2026-01-16,2026-01-16-PM-V1,4,RA-province,B2C,3,33,14:00,18:00,16:10,,38.34
20249,2026-01-16,2026-01-16-PM-V1,5,RA-province,B2C,1,21,14:00,18:00,16:53,,38.34
20250,2026-01-16,2026-01-16-AM-V2,1,FC,B2B,8,47,08:00,10:00,08:47,,37.04
20251,2026-01-16,2026-01-16-AM-V2,2,FC,B2C,4,31,08:00,12:00,09:25,,37.04
20252,2026-01-16,2026-01-16-AM-V2,3,FC,B2C,3,51,08:00,12:00,10:13,,37.04
20253,2026-01-16,2026-01-16-AM-V2,4,FC,B2C,2,48,08:00,12:00,10:51,,37.04
20254,2026-01-16,2026-01-16-AM-V2,5,FC,B2C,3,57,08:00,12:00,11:30,,37.04
20255,2026-01-16,2026-01-16-AM-V2,6,FC,B2C,1,28,08:00,12:00,12:18,,37.04
20256,2026-01-16,2026-01-16-PM-V2,1,RA-province,B2B,3,33,14:00,16:00,14:32,,39.77
20257,2026-01-16,2026-01-16-PM-V2,2,RA-province,B2C,2,35,14:00,18:00,15:02,,39.77
20258,2026-01-16,2026-01-16-PM-V2,3,RA-province,B2C,1,39,14:00,18:00,15:36,,39.77
20259,2026-01-16,2026-01-16-PM-V2,4,RA-province,B2C,3,28,14:00,18:00,15:59,,39.77
20260,2026-01-16,2026-01-16-PM-V2,5,RA-province,B2C,1,35,14:00,18:00,16:35,,39.77
20261,2026-01-16,2026-01-16-AM-V3,1,FE,B2B,10,70,08:00,10:00,09:44,transport_damage,52.77
20262,2026-01-16,2026-01-16-AM-V3,2,FE,B2C,4,89,08:00,12:00,10:39,,52.77
20263,2026-01-16,2026-01-16-AM-V3,3,FE,B2C,3,84,08:00,12:00,11:36,,52.77
20264,2026-01-16,2026-01-16-AM-V3,4,FE,B2C,4,75,08:00,12:00,12:13,transport_damage,52.77
20265,2026-01-16,2026-01-16-AM-V3,5,FE,B2C,2,78,08:00,12:00,13:16,,52.77
20266,2026-01-17,2026-01-17-AM-V1,1,RN,B2B,6,60,08:00,10:00,09:13,,48.61
20267,2026-01-17,2026-01-17-AM-V1,2,RN,B2C,3,50,08:00,12:00,09:41,,48.61
20268,2026-01-17,2026-01-17-AM-V1,3,RN,B2C,5,68,08:00,12:00,10:18,,48.61
20269,2026-01-17,2026-01-17-AM-V1,4,RN,B2C,5,77,08:00,12:00,11:03,,48.61
20270,2026-01-17,2026-01-17-AM-V1,5,RN,B2C,6,73,08:00,12:00,12:01,,48.61
20271,2026-01-17,2026-01-17-PM-V1,1,RA-city,B2B,4,7,14:00,16:00,14:30,,21.77
20272,2026-01-17,2026-01-17-PM-V1,2,RA-city,B2B,4,16,14:00,16:00,14:54,,21.77
20273,2026-01-17,2026-01-17-PM-V1,3,RA-city,B2B,6,17,14:00,16:00,15:14,,21.77
20274,2026-01-17,2026-01-17-PM-V1,4,RA-city,B2B,8,13,14:00,16:00,15:36,,21.77
20275,2026-01-17,2026-01-17-PM-V1,5,RA-city,B2C,4,19,14:00,18:00,16:04,,21.77
20276,2026-01-17,2026-01-17-PM-V1,6,RA-city,B2C,4,12,14:00,18:00,16:44,,21.77
20277,2026-01-17,2026-01-17-PM-V1,7,RA-city,B2C,3,17,14:00,18:00,17:22,,21.77
20278,2026-01-17,2026-01-17-PM-V1,8,RA-city,B2C,4,20,14:00,18:00,17:58,,21.77
20279,2026-01-17,2026-01-17-AM-V2,1,BO,B2B,6,57,08:00,10:00,08:57,,52.38
20280,2026-01-17,2026-01-17-AM-V2,2,BO,B2B,5,75,08:00,10:00,09:40,,52.38
20281,2026-01-17,2026-01-17-AM-V2,3,BO,B2B,9,71,08:00,10:00,10:20,,52.38
20282,2026-01-17,2026-01-17-AM-V2,4,BO,B2C,3,63,08:00,12:00,11:02,,52.38
20283,2026-01-17,2026-01-17-AM-V2,5,BO,B2C,3,85,08:00,12:00,11:40,,52.38
20284,2026-01-17,2026-01-17-PM-V2,1,RA-city,B2C,4,12,14:00,18:00,14:11,,23.95
20285,2026-01-17,2026-01-17-PM-V2,2,RA-city,B2C,3,9,14:00,18:00,14:50,,23.95
20286,2026-01-17,2026-01-17-PM-V2,3,RA-city,B2C,4,9,14:00,18:00,15:26,,23.95
20287,2026-01-17,2026-01-17-PM-V2,4,RA-city,B2C,3,11,14:00,18:00,15:59,,23.95
20288,2026-01-17,2026-01-17-PM-V2,5,RA-city,B2C,3,10,14:00,18:00,16:30,,23.95
20289,2026-01-17,2026-01-17-PM-V2,6,RA-city,B2C,3,20,14:00,18:00,16:59,,23.95
20290,2026-01-17,2026-01-17-PM-V2,7,RA-city,B2C,3,18,14:00,18:00,17:31,missing_item,23.95
20291,2026-01-17,2026-01-17-AM-V3,1,FE,B2B,4,65,08:00,10:00,09:08,,49.52
20292,2026-01-17,2026-01-17-AM-V3,2,FE,B2C,3,100,08:00,12:00,09:48,,49.52
20293,2026-01-17,2026-01-17-AM-V3,3,FE,B2C,4,84,08:00,12:00,10:29,,49.52
20294,2026-01-17,2026-01-17-AM-V3,4,FE,B2C,2,76,08:00,12:00,11:12,,49.52
20295,2026-01-17,2026-01-17-AM-V3,5,FE,B2C,5,63,08:00,12:00,11:49,,49.52
20296,2026-01-17,2026-01-17-PM-V3,1,RA-city,B2B,5,11,14:00,16:00,14:12,missing_item,27.51
20297,2026-01-17,2026-01-17-PM-V3,2,RA-city,B2C,1,18,14:00,18:00,14:44,,27.51
20298,2026-01-17,2026-01-17-PM-V3,3,RA-city,B2C,3,10,14:00,18:00,15:08,missing_item,27.51
20299,2026-01-17,2026-01-17-PM-V3,4,RA-city,B2C,1,16,14:00,18:00,15:52,,27.51
20300,2026-01-17,2026-01-17-PM-V3,5,RA-city,B2C,1,9,14:00,18:00,16:16,,27.51
20301,2026-01-17,2026-01-17-PM-V3,6,RA-city,B2C,3,14,14:00,18:00,16:40,,27.51
20302,2026-01-18,2026-01-18-AM-V1,1,FE,B2B,9,104,08:00,10:00,09:46,,86.65
20303,2026-01-18,2026-01-18-AM-V1,2,FE,B2B,6,75,08:00,10:00,10:34,,86.65
20304,2026-01-18,2026-01-18-AM-V1,3,FE,B2C,4,67,08:00,12:00,11:11,,86.65
20305,2026-01-18,2026-01-18-PM-V1,1,RA-city,B2C,2,7,14:00,18:00,14:09,,24.14
20306,2026-01-18,2026-01-18-PM-V1,2,RA-city,B2C,1,8,14:00,18:00,14:42,,24.14
20307,2026-01-18,2026-01-18-PM-V1,3,RA-city,B2C,1,11,14:00,18:00,15:05,,24.14
20308,2026-01-18,2026-01-18-PM-V1,4,RA-city,B2C,2,16,14:00,18:00,15:23,,24.14
20309,2026-01-18,2026-01-18-PM-V1,5,RA-city,B2C,2,7,14:00,18:00,15:54,,24.14
20310,2026-01-18,2026-01-18-PM-V1,6,RA-city,B2C,3,15,14:00,18:00,16:25,,24.14
20311,2026-01-18,2026-01-18-PM-V1,7,RA-city,B2C,3,20,14:00,18:00,16:54,,24.14
20312,2026-01-18,2026-01-18-AM-V2,1,RN,B2B,4,46,08:00,10:00,08:57,,37.04
20313,2026-01-18,2026-01-18-AM-V2,2,RN,B2C,4,69,08:00,12:00,09:21,,37.04
20314,2026-01-18,2026-01-18-AM-V2,3,RN,B2C,3,45,08:00,12:00,09:58,,37.04
20315,2026-01-18,2026-01-18-AM-V2,4,RN,B2C,6,49,08:00,12:00,10:34,,37.04
20316,2026-01-18,2026-01-18-AM-V2,5,RN,B2C,6,70,08:00,12:00,11:27,,37.04
20317,2026-01-18,2026-01-18-AM-V2,6,RN,B2C,3,53,08:00,12:00,12:27,,37.04
20318,2026-01-18,2026-01-18-PM-V2,1,RA-province,B2B,4,34,14:00,16:00,14:44,,34.98
20319,2026-01-18,2026-01-18-PM-V2,2,RA-province,B2C,2,23,14:00,18:00,15:12,,34.98
20320,2026-01-18,2026-01-18-PM-V2,3,RA-province,B2C,1,42,14:00,18:00,15:45,,34.98
20321,2026-01-18,2026-01-18-PM-V2,4,RA-province,B2C,3,45,14:00,18:00,16:11,,34.98
20322,2026-01-18,2026-01-18-PM-V2,5,RA-province,B2C,4,22,14:00,18:00,16:52,,34.98
20323,2026-01-18,2026-01-18-PM-V2,6,RA-province,B2C,2,40,14:00,18:00,17:38,,34.98
20324,2026-01-18,2026-01-18-AM-V3,1,FE,B2C,4,64,08:00,12:00,09:07,,49.91
20325,2026-01-18,2026-01-18-AM-V3,2,FE,B2C,2,64,08:00,12:00,09:54,,49.91
20326,2026-01-18,2026-01-18-AM-V3,3,FE,B2C,2,109,08:00,12:00,10:40,,49.91
20327,2026-01-18,2026-01-18-AM-V3,4,FE,B2C,4,94,08:00,12:00,11:14,transport_damage,49.91
20328,2026-01-18,2026-01-18-AM-V3,5,FE,B2C,6,63,08:00,12:00,12:15,,49.91
20329,2026-01-18,2026-01-18-PM-V3,1,RA-city,B2B,8,11,14:00,16:00,14:37,,26.86
20330,2026-01-18,2026-01-18-PM-V3,2,RA-city,B2B,6,15,14:00,16:00,15:06,,26.86
20331,2026-01-18,2026-01-18-PM-V3,3,RA-city,B2C,3,18,14:00,18:00,15:28,,26.86
20332,2026-01-18,2026-01-18-PM-V3,4,RA-city,B2C,3,5,14:00,18:00,15:57,,26.86
20333,2026-01-18,2026-01-18-PM-V3,5,RA-city,B2C,2,7,14:00,18:00,16:25,,26.86
20334,2026-01-18,2026-01-18-PM-V3,6,RA-city,B2C,2,16,14:00,18:00,16:55,,26.86
20335,2026-01-21,2026-01-21-AM-V1,1,RA-province,B2B,5,26,08:00,10:00,08:32,transport_damage,28.31
20336,2026-01-21,2026-01-21-AM-V1,2,RA-province,B2C,3,30,08:00,12:00,09:10,,28.31
20337,2026-01-21,2026-01-21-AM-V1,3,RA-province,B2C,1,44,08:00,12:00,09:43,,28.31
20338,2026-01-21,2026-01-21-AM-V1,4,RA-province,B2C,2,45,08:00,12:00,10:13,,28.31
20339,2026-01-21,2026-01-21-AM-V1,5,RA-province,B2C,4,26,08:00,12:00,10:44,,28.31
20340,2026-01-21,2026-01-21-AM-V1,6,RA-province,B2C,1,21,08:00,12:00,11:30,,28.31
20341,2026-01-21,2026-01-21-AM-V1,7,RA-province,B2C,4,27,08:00,12:00,11:56,,28.31
20342,2026-01-21,2026-01-21-PM-V1,1,RA-city,B2B,7,20,14:00,16:00,14:21,,23.76
20343,2026-01-21,2026-01-21-PM-V1,2,RA-city,B2C,3,9,14:00,18:00,14:47,missing_item,23.76
20344,2026-01-21,2026-01-21-PM-V1,3,RA-city,B2C,4,12,14:00,18:00,15:29,,23.76
20345,2026-01-21,2026-01-21-PM-V1,4,RA-city,B2C,4,16,14:00,18:00,16:03,,23.76
20346,2026-01-21,2026-01-21-PM-V1,5,RA-city,B2C,1,5,14:00,18:00,16:36,,23.76
20347,2026-01-21,2026-01-21-PM-V1,6,RA-city,B2C,1,10,14:00,18:00,16:59,,23.76
20348,2026-01-21,2026-01-21-PM-V1,7,RA-city,B2C,2,15,14:00,18:00,17:18,,23.76
20349,2026-01-21,2026-01-21-AM-V2,1,RA-city,B2B,3,9,08:00,10:00,08:11,,23.21
20350,2026-01-21,2026-01-21-AM-V2,2,RA-city,B2B,6,8,08:00,10:00,08:31,,23.21
20351,2026-01-21,2026-01-21-AM-V2,3,RA-city,B2B,8,12,08:00,10:00,08:57,,23.21
20352,2026-01-21,2026-01-21-AM-V2,4,RA-city,B2C,3,6,08:00,12:00,09:28,,23.21
20353,2026-01-21,2026-01-21-AM-V2,5,RA-city,B2C,4,14,08:00,12:00,10:01,,23.21
20354,2026-01-21,2026-01-21-AM-V2,6,RA-city,B2C,2,15,08:00,12:00,10:39,,23.21
20355,2026-01-21,2026-01-21-AM-V2,7,RA-city,B2C,3,5,08:00,12:00,11:05,,23.21
20356,2026-01-21,2026-01-21-PM-V2,1,BO,B2B,9,85,14:00,16:00,15:38,,64.99
20357,2026-01-21,2026-01-21-PM-V2,2,BO,B2B,7,80,14:00,16:00,16:27,,64.99
20358,2026-01-21,2026-01-21-PM-V2,3,BO,B2B,7,90,14:00,16:00,17:15,,64.99
20359,2026-01-21,2026-01-21-PM-V2,4,BO,B2C,6,70,14:00,18:00,17:47,,64.99
20360,2026-01-21,2026-01-21-AM-V3,1,FE,B2B,8,108,08:00,10:00,10:17,,63.04
20361,2026-01-21,2026-01-21-AM-V3,2,FE,B2C,2,69,08:00,12:00,11:03,,63.04
20362,2026-01-21,2026-01-21-AM-V3,3,FE,B2C,5,86,08:00,12:00,11:40,,63.04
20363,2026-01-21,2026-01-21-AM-V3,4,FE,B2C,5,88,08:00,12:00,12:35,,63.04
20364,2026-01-21,2026-01-21-AM-V3,5,FE,B2C,6,106,08:00,12:00,13:34,,63.04
20365,2026-01-22,2026-01-22-AM-V1,1,RA-city,B2B,5,14,08:00,10:00,08:19,,24.04
20366,2026-01-22,2026-01-22-AM-V1,2,RA-city,B2C,4,20,08:00,12:00,08:38,,24.04
20367,2026-01-22,2026-01-22-AM-V1,3,RA-city,B2C,3,19,08:00,12:00,09:15,,24.04
20368,2026-01-22,2026-01-22-AM-V1,4,RA-city,B2C,2,12,08:00,12:00,09:49,,24.04
20369,2026-01-22,2026-01-22-AM-V1,5,RA-city,B2C,3,16,08:00,12:00,10:13,,24.04
20370,2026-01-22,2026-01-22-AM-V1,6,RA-city,B2C,1,18,08:00,12:00,10:47,,24.04
20371,2026-01-22,2026-01-22-AM-V1,7,RA-city,B2C,2,18,08:00,12:00,11:11,,24.04
20372,2026-01-22,2026-01-22-PM-V1,1,FE,B2B,10,81,14:00,16:00,15:53,,54.46
20373,2026-01-22,2026-01-22-PM-V1,2,FE,B2C,3,60,14:00,18:00,16:33,,54.46
20374,2026-01-22,2026-01-22-PM-V1,3,FE,B2C,5,90,14:00,18:00,17:11,,54.46
20375,2026-01-22,2026-01-22-PM-V1,4,FE,B2C,3,100,14:00,18:00,17:59,transport_damage,54.46
20376,2026-01-22,2026-01-22-PM-V1,5,FE,B2C,2,94,14:00,18:00,18:54,,54.46
20377,2026-01-22,2026-01-22-AM-V2,1,FC,B2C,1,44,08:00,12:00,08:48,,35.85
20378,2026-01-22,2026-01-22-AM-V2,2,FC,B2C,3,34,08:00,12:00,09:22,,35.85
20379,2026-01-22,2026-01-22-AM-V2,3,FC,B2C,4,45,08:00,12:00,09:57,,35.85
20380,2026-01-22,2026-01-22-AM-V2,4,FC,B2C,2,53,08:00,12:00,10:40,,35.85
20381,2026-01-22,2026-01-22-AM-V2,5,FC,B2C,1,53,08:00,12:00,11:16,,35.85
20382,2026-01-22,2026-01-22-AM-V2,6,FC,B2C,1,29,08:00,12:00,11:53,,35.85
20383,2026-01-22,2026-01-22-PM-V2,1,BO,B2B,4,83,14:00,16:00,15:26,,50.82
20384,2026-01-22,2026-01-22-PM-V2,2,BO,B2B,9,66,14:00,16:00,16:08,,50.82
20385,2026-01-22,2026-01-22-PM-V2,3,BO,B2B,5,60,14:00,16:00,16:49,,50.82
20386,2026-01-22,2026-01-22-PM-V2,4,BO,B2C,3,69,14:00,18:00,17:19,,50.82
20387,2026-01-22,2026-01-22-PM-V2,5,BO,B2C,4,52,14:00,18:00,17:59,,50.82
20388,2026-01-22,2026-01-22-AM-V3,1,BO,B2C,6,63,08:00,12:00,09:36,,48.74
20389,2026-01-22,2026-01-22-AM-V3,2,BO,B2C,4,81,08:00,12:00,10:25,,48.74
20390,2026-01-22,2026-01-22-AM-V3,3,BO,B2C,3,58,08:00,12:00,11:12,,48.74
20391,2026-01-22,2026-01-22-AM-V3,4,BO,B2C,3,50,08:00,12:00,11:51,,48.74
20392,2026-01-22,2026-01-22-AM-V3,5,BO,B2C,3,65,08:00,12:00,12:35,,48.74
20393,2026-01-22,2026-01-22-PM-V3,1,RA-province,B2B,6,35,14:00,16:00,15:18,,29.61
20394,2026-01-22,2026-01-22-PM-V3,2,RA-province,B2C,1,20,14:00,18:00,15:48,,29.61
20395,2026-01-22,2026-01-22-PM-V3,3,RA-province,B2C,2,19,14:00,18:00,16:13,,29.61
20396,2026-01-22,2026-01-22-PM-V3,4,RA-province,B2C,1,29,14:00,18:00,16:43,,29.61
20397,2026-01-22,2026-01-22-PM-V3,5,RA-province,B2C,2,21,14:00,18:00,17:10,,29.61
20398,2026-01-22,2026-01-22-PM-V3,6,RA-province,B2C,2,40,14:00,18:00,17:42,,29.61
20399,2026-01-22,2026-01-22-PM-V3,7,RA-province,B2C,1,28,14:00,18:00,18:18,,29.61
20400,2026-01-23,2026-01-23-AM-V1,1,RA-city,B2B,5,10,08:00,10:00,08:14,,20.79
20401,2026-01-23,2026-01-23-AM-V1,2,RA-city,B2B,3,15,08:00,10:00,08:38,,20.79
20402,2026-01-23,2026-01-23-AM-V1,3,RA-city,B2B,4,9,08:00,10:00,08:57,,20.79
20403,2026-01-23,2026-01-23-AM-V1,4,RA-city,B2C,3,5,08:00,12:00,09:17,,20.79
20404,2026-01-23,2026-01-23-AM-V1,5,RA-city,B2C,1,6,08:00,12:00,09:49,,20.79
20405,2026-01-23,2026-01-23-AM-V1,6,RA-city,B2C,4,20,08:00,12:00,10:16,,20.79
20406,2026-01-23,2026-01-23-AM-V1,7,RA-city,B2C,4,19,08:00,12:00,10:56,,20.79
20407,2026-01-23,2026-01-23-AM-V1,8,RA-city,B2C,3,8,08:00,12:00,11:30,,20.79
20408,2026-01-23,2026-01-23-PM-V1,1,FC,B2B,6,46,14:00,16:00,15:05,,36.82
20409,2026-01-23,2026-01-23-PM-V1,2,FC,B2B,6,52,14:00,16:00,15:35,,36.82
20410,2026-01-23,2026-01-23-PM-V1,3,FC,B2C,2,51,14:00,18:00,16:13,,36.82
20411,2026-01-23,2026-01-23-PM-V1,4,FC,B2C,3,27,14:00,18:00,16:47,,36.82
20412,2026-01-23,2026-01-23-PM-V1,5,FC,B2C,1,40,14:00,18:00,17:22,,36.82
20413,2026-01-23,2026-01-23-PM-V1,6,FC,B2C,3,34,14:00,18:00,17:50,,36.82
20414,2026-01-23,2026-01-23-AM-V2,1,FC,B2B,6,31,08:00,10:00,08:46,,42.24
20415,2026-01-23,2026-01-23-AM-V2,2,FC,B2B,4,60,08:00,10:00,09:25,,42.24
20416,2026-01-23,2026-01-23-AM-V2,3,FC,B2B,5,46,08:00,10:00,09:56,,42.24
20417,2026-01-23,2026-01-23-AM-V2,4,FC,B2C,4,58,08:00,12:00,10:31,,42.24
20418,2026-01-23,2026-01-23-AM-V2,5,FC,B2C,3,32,08:00,12:00,11:20,,42.24
20419,2026-01-23,2026-01-23-PM-V2,1,RA-city,B2B,7,17,14:00,16:00,14:18,,24.88
20420,2026-01-23,2026-01-23-PM-V2,2,RA-city,B2B,6,5,14:00,16:00,14:45,,24.88
20421,2026-01-23,2026-01-23-PM-V2,3,RA-city,B2C,3,16,14:00,18:00,15:15,,24.88
20422,2026-01-23,2026-01-23-PM-V2,4,RA-city,B2C,1,16,14:00,18:00,15:45,,24.88
20423,2026-01-23,2026-01-23-PM-V2,5,RA-city,B2C,4,6,14:00,18:00,16:08,,24.88
20424,2026-01-23,2026-01-23-PM-V2,6,RA-city,B2C,4,20,14:00,18:00,16:43,,24.88
20425,2026-01-23,2026-01-23-PM-V2,7,RA-city,B2C,4,20,14:00,18:00,17:18,,24.88
20426,2026-01-23,2026-01-23-AM-V3,1,RA-city,B2B,5,17,08:00,10:00,08:21,refused,24.79
20427,2026-01-23,2026-01-23-AM-V3,2,RA-city,B2B,5,14,08:00,10:00,08:56,,24.79
20428,2026-01-23,2026-01-23-AM-V3,3,RA-city,B2C,3,18,08:00,12:00,09:20,,24.79
20429,2026-01-23,2026-01-23-AM-V3,4,RA-city,B2C,3,8,08:00,12:00,09:52,,24.79
20430,2026-01-23,2026-01-23-AM-V3,5,RA-city,B2C,4,9,08:00,12:00,10:27,,24.79
20431,2026-01-23,2026-01-23-AM-V3,6,RA-city,B2C,1,7,08:00,12:00,11:03,,24.79
20432,2026-01-23,2026-01-23-AM-V3,7,RA-city,B2C,2,13,08:00,12:00,11:29,,24.79
20433,2026-01-23,2026-01-23-PM-V3,1,FE,B2B,9,78,14:00,16:00,15:22,,90.12
20434,2026-01-23,2026-01-23-PM-V3,2,FE,B2B,8,109,14:00,16:00,16:11,,90.12
20435,2026-01-23,2026-01-23-PM-V3,3,FE,B2C,2,103,14:00,18:00,17:01,,90.12
20436,2026-01-24,2026-01-24-AM-V1,1,RA-province,B2B,3,33,08:00,10:00,08:42,,40.68
20437,2026-01-24,2026-01-24-AM-V1,2,RA-province,B2B,7,35,08:00,10:00,09:10,,40.68
20438,2026-01-24,2026-01-24-AM-V1,3,RA-province,B2C,2,41,08:00,12:00,09:50,,40.68
20439,2026-01-24,2026-01-24-AM-V1,4,RA-province,B2C,1,17,08:00,12:00,10:23,,40.68
20440,2026-01-24,2026-01-24-AM-V1,5,RA-province,B2C,3,42,08:00,12:00,10:47,,40.68
20441,2026-01-24,2026-01-24-PM-V1,1,RA-province,B2B,7,17,14:00,16:00,14:23,missing_item,28.5
20442,2026-01-24,2026-01-24-PM-V1,2,RA-province,B2B,8,39,14:00,16:00,15:08,,28.5
20443,2026-01-24,2026-01-24-PM-V1,3,RA-province,B2C,1,24,14:00,18:00,15:39,,28.5
20444,2026-01-24,2026-01-24-PM-V1,4,RA-province,B2C,3,38,14:00,18:00,16:09,,28.5
20445,2026-01-24,2026-01-24-PM-V1,5,RA-province,B2C,3,18,14:00,18:00,16:43,,28.5
20446,2026-01-24,2026-01-24-PM-V1,6,RA-province,B2C,3,25,14:00,18:00,17:18,,28.5
20447,2026-01-24,2026-01-24-PM-V1,7,RA-province,B2C,2,40,14:00,18:00,17:57,,28.5
20448,2026-01-24,2026-01-24-AM-V2,1,RA-province,B2B,6,27,08:00,10:00,08:28,transport_damage,30.08
20449,2026-01-24,2026-01-24-AM-V2,2,RA-province,B2B,3,21,08:00,10:00,09:15,,30.08
20450,2026-01-24,2026-01-24-AM-V2,3,RA-province,B2B,5,21,08:00,10:00,09:48,,30.08
20451,2026-01-24,2026-01-24-AM-V2,4,RA-province,B2B,4,43,08:00,10:00,10:13,,30.08
20452,2026-01-24,2026-01-24-AM-V2,5,RA-province,B2B,7,19,08:00,10:00,10:38,,30.08
20453,2026-01-24,2026-01-24-AM-V2,6,RA-province,B2C,2,17,08:00,12:00,11:06,,30.08
20454,2026-01-24,2026-01-24-AM-V2,7,RA-province,B2C,4,35,08:00,12:00,11:44,,30.08
20455,2026-01-24,2026-01-24-PM-V2,1,BO,B2B,5,52,14:00,16:00,14:57,,61.25
20456,2026-01-24,2026-01-24-PM-V2,2,BO,B2C,6,64,14:00,18:00,15:40,,61.25
20457,2026-01-24,2026-01-24-PM-V2,3,BO,B2C,2,51,14:00,18:00,16:41,,61.25
20458,2026-01-24,2026-01-24-PM-V2,4,BO,B2C,4,83,14:00,18:00,17:15,,61.25
20459,2026-01-24,2026-01-24-AM-V3,1,RA-city,B2B,8,7,08:00,10:00,08:09,refused,25.99
20460,2026-01-24,2026-01-24-AM-V3,2,RA-city,B2B,7,11,08:00,10:00,08:46,,25.99
20461,2026-01-24,2026-01-24-AM-V3,3,RA-city,B2C,1,11,08:00,12:00,09:16,,25.99
20462,2026-01-24,2026-01-24-AM-V3,4,RA-city,B2C,1,7,08:00,12:00,09:40,,25.99
20463,2026-01-24,2026-01-24-AM-V3,5,RA-city,B2C,3,20,08:00,12:00,10:04,transport_damage,25.99
20464,2026-01-24,2026-01-24-AM-V3,6,RA-city,B2C,2,7,08:00,12:00,10:44,,25.99
20465,2026-01-24,2026-01-24-PM-V3,1,BO,B2B,7,58,14:00,16:00,15:23,,59.46
20466,2026-01-24,2026-01-24-PM-V3,2,BO,B2B,10,66,14:00,16:00,16:03,,59.46
20467,2026-01-24,2026-01-24-PM-V3,3,BO,B2B,9,78,14:00,16:00,16:45,,59.46
20468,2026-01-24,2026-01-24-PM-V3,4,BO,B2C,2,70,14:00,18:00,17:26,transport_damage,59.46
20469,2026-01-25,2026-01-25-AM-V1,1,RA-city,B2B,5,8,08:00,10:00,08:08,,22.46
20470,2026-01-25,2026-01-25-AM-V1,2,RA-city,B2B,3,19,08:00,10:00,08:28,,22.46
20471,2026-01-25,2026-01-25-AM-V1,3,RA-city,B2B,5,7,08:00,10:00,08:49,,22.46
20472,2026-01-25,2026-01-25-AM-V1,4,RA-city,B2B,7,8,08:00,10:00,09:10,,22.46
20473,2026-01-25,2026-01-25-AM-V1,5,RA-city,B2B,3,12,08:00,10:00,09:36,,22.46
20474,2026-01-25,2026-01-25-AM-V1,6,RA-city,B2C,1,9,08:00,12:00,09:56,,22.46
20475,2026-01-25,2026-01-25-AM-V1,7,RA-city,B2C,2,5,08:00,12:00,10:14,,22.46
20476,2026-01-25,2026-01-25-PM-V1,1,FE,B2C,2,104,14:00,18:00,15:51,,66.29
20477,2026-01-25,2026-01-25-PM-V1,2,FE,B2C,3,84,14:00,18:00,16:36,,66.29
20478,2026-01-25,2026-01-25-PM-V1,3,FE,B2C,3,72,14:00,18:00,17:17,,66.29
20479,2026-01-25,2026-01-25-PM-V1,4,FE,B2C,2,62,14:00,18:00,17:57,,66.29
20480,2026-01-25,2026-01-25-AM-V2,1,RA-city,B2B,5,16,08:00,10:00,08:22,,28.27
20481,2026-01-25,2026-01-25-AM-V2,2,RA-city,B2B,3,10,08:00,10:00,08:45,,28.27
20482,2026-01-25,2026-01-25-AM-V2,3,RA-city,B2C,4,16,08:00,12:00,09:02,transport_damage,28.27
20483,2026-01-25,2026-01-25-AM-V2,4,RA-city,B2C,3,8,08:00,12:00,09:54,,28.27
20484,2026-01-25,2026-01-25-AM-V2,5,RA-city,B2C,1,19,08:00,12:00,10:28,,28.27
20485,2026-01-25,2026-01-25-AM-V2,6,RA-city,B2C,2,18,08:00,12:00,10:50,,28.27
20486,2026-01-25,2026-01-25-PM-V2,1,FC,B2B,6,49,14:00,16:00,14:51,,43.02
20487,2026-01-25,2026-01-25-PM-V2,2,FC,B2C,3,38,14:00,18:00,15:18,,43.02
20488,2026-01-25,2026-01-25-PM-V2,3,FC,B2C,2,53,14:00,18:00,16:04,,43.02
20489,2026-01-25,2026-01-25-PM-V2,4,FC,B2C,1,55,14:00,18:00,16:40,,43.02
20490,2026-01-25,2026-01-25-PM-V2,5,FC,B2C,4,27,14:00,18:00,17:17,,43.02
20491,2026-01-25,2026-01-25-AM-V3,1,FE,B2B,4,71,08:00,10:00,09:36,,65.15
20492,2026-01-25,2026-01-25-AM-V3,2,FE,B2B,5,62,08:00,10:00,10:07,,65.15
20493,2026-01-25,2026-01-25-AM-V3,3,FE,B2B,5,64,08:00,10:00,10:39,missing_item,65.15
20494,2026-01-25,2026-01-25-AM-V3,4,FE,B2C,4,90,08:00,12:00,11:21,,65.15
20495,2026-01-25,2026-01-25-PM-V3,1,FC,B2B,4,45,14:00,16:00,14:44,,44.19
20496,2026-01-25,2026-01-25-PM-V3,2,FC,B2C,1,35,14:00,18:00,15:14,,44.19
20497,2026-01-25,2026-01-25-PM-V3,3,FC,B2C,2,60,14:00,18:00,15:44,,44.19
20498,2026-01-25,2026-01-25-PM-V3,4,FC,B2C,1,58,14:00,18:00,16:17,,44.19
20499,2026-01-25,2026-01-25-PM-V3,5,FC,B2C,2,51,14:00,18:00,16:50,,44.19
20500,2026-01-28,2026-01-28-AM-V1,1,RA-province,B2B,4,39,08:00,10:00,08:58,,41.33
20501,2026-01-28,2026-01-28-AM-V1,2,RA-province,B2B,6,35,08:00,10:00,09:31,,41.33
20502,2026-01-28,2026-01-28-AM-V1,3,RA-province,B2B,4,43,08:00,10:00,10:10,,41.33
20503,2026-01-28,2026-01-28-AM-V1,4,RA-province,B2C,4,42,08:00,12:00,10:37,,41.33
20504,2026-01-28,2026-01-28-AM-V1,5,RA-province,B2C,4,38,08:00,12:00,11:15,,41.33
20505,2026-01-28,2026-01-28-PM-V1,1,RA-province,B2B,6,21,14:00,16:00,14:26,,28.31
20506,2026-01-28,2026-01-28-PM-V1,2,RA-province,B2B,5,26,14:00,16:00,15:00,,28.31
20507,2026-01-28,2026-01-28-PM-V1,3,RA-province,B2B,6,16,14:00,16:00,15:31,,28.31
20508,2026-01-28,2026-01-28-PM-V1,4,RA-province,B2B,8,25,14:00,16:00,16:06,,28.31
20509,2026-01-28,2026-01-28-PM-V1,5,RA-province,B2C,1,36,14:00,18:00,16:37,,28.31
20510,2026-01-28,2026-01-28-PM-V1,6,RA-province,B2C,2,35,14:00,18:00,17:05,,28.31
20511,2026-01-28,2026-01-28-PM-V1,7,RA-province,B2C,1,17,14:00,18:00,17:43,,28.31
20512,2026-01-28,2026-01-28-AM-V2,1,RA-province,B2B,8,20,08:00,10:00,08:22,,36.65
20513,2026-01-28,2026-01-28-AM-V2,2,RA-province,B2B,5,17,08:00,10:00,08:54,,36.65
20514,2026-01-28,2026-01-28-AM-V2,3,RA-province,B2C,1,42,08:00,12:00,09:21,,36.65
20515,2026-01-28,2026-01-28-AM-V2,4,RA-province,B2C,3,23,08:00,12:00,09:48,,36.65
20516,2026-01-28,2026-01-28-AM-V2,5,RA-province,B2C,4,32,08:00,12:00,10:21,,36.65
20517,2026-01-28,2026-01-28-PM-V2,1,BO,B2B,5,79,14:00,16:00,15:51,,66.94
20518,2026-01-28,2026-01-28-PM-V2,2,BO,B2C,3,50,14:00,18:00,16:24,,66.94
20519,2026-01-28,2026-01-28-PM-V2,3,BO,B2C,2,77,14:00,18:00,17:09,,66.94
20520,2026-01-28,2026-01-28-PM-V2,4,BO,B2C,6,90,14:00,18:00,17:55,,66.94
20521,2026-01-28,2026-01-28-AM-V3,1,FE,B2B,9,105,08:00,10:00,10:24,,94.67
20522,2026-01-28,2026-01-28-AM-V3,2,FE,B2C,2,63,08:00,12:00,11:17,,94.67
20523,2026-01-28,2026-01-28-AM-V3,3,FE,B2C,3,100,08:00,12:00,11:53,,94.67
20524,2026-01-28,2026-01-28-PM-V3,1,BO,B2B,10,80,14:00,16:00,15:48,,55.24
20525,2026-01-28,2026-01-28-PM-V3,2,BO,B2C,6,76,14:00,18:00,16:41,,55.24
20526,2026-01-28,2026-01-28-PM-V3,3,BO,B2C,4,56,14:00,18:00,17:46,,55.24
20527,2026-01-28,2026-01-28-PM-V3,4,BO,B2C,2,54,14:00,18:00,18:36,,55.24
20528,2026-01-28,2026-01-28-PM-V3,5,BO,B2C,5,77,14:00,18:00,19:13,,55.24
20529,2026-01-29,2026-01-29-AM-V1,1,FE,B2C,3,86,08:00,12:00,09:32,,55.11
20530,2026-01-29,2026-01-29-AM-V1,2,FE,B2C,2,75,08:00,12:00,10:23,,55.11
20531,2026-01-29,2026-01-29-AM-V1,3,FE,B2C,3,84,08:00,12:00,11:01,,55.11
20532,2026-01-29,2026-01-29-AM-V1,4,FE,B2C,3,106,08:00,12:00,11:50,,55.11
20533,2026-01-29,2026-01-29-AM-V1,5,FE,B2C,5,75,08:00,12:00,12:26,,55.11
20534,2026-01-29,2026-01-29-PM-V1,1,RA-province,B2B,5,15,14:00,16:00,15:04,,28.87
20535,2026-01-29,2026-01-29-PM-V1,2,RA-province,B2B,5,42,14:00,16:00,15:35,,28.87
20536,2026-01-29,2026-01-29-PM-V1,3,RA-province,B2B,3,24,14:00,16:00,16:02,,28.87
20537,2026-01-29,2026-01-29-PM-V1,4,RA-province,B2C,1,39,14:00,18:00,16:27,,28.87
20538,2026-01-29,2026-01-29-PM-V1,5,RA-province,B2C,4,23,14:00,18:00,17:01,,28.87
20539,2026-01-29,2026-01-29-PM-V1,6,RA-province,B2C,2,36,14:00,18:00,17:38,,28.87
20540,2026-01-29,2026-01-29-PM-V1,7,RA-province,B2C,1,38,14:00,18:00,18:16,,28.87
20541,2026-01-29,2026-01-29-AM-V2,1,RA-province,B2B,3,25,08:00,10:00,08:36,,32.38
20542,2026-01-29,2026-01-29-AM-V2,2,RA-province,B2B,5,21,08:00,10:00,09:05,,32.38
20543,2026-01-29,2026-01-29-AM-V2,3,RA-province,B2C,3,43,08:00,12:00,09:36,,32.38
20544,2026-01-29,2026-01-29-AM-V2,4,RA-province,B2C,4,18,08:00,12:00,10:16,,32.38
20545,2026-01-29,2026-01-29-AM-V2,5,RA-province,B2C,1,26,08:00,12:00,11:02,,32.38
20546,2026-01-29,2026-01-29-AM-V2,6,RA-province,B2C,1,15,08:00,12:00,11:27,,32.38
20547,2026-01-29,2026-01-29-PM-V2,1,RA-city,B2B,5,18,14:00,16:00,14:19,,21.28
20548,2026-01-29,2026-01-29-PM-V2,2,RA-city,B2B,7,5,14:00,16:00,14:47,,21.28
20549,2026-01-29,2026-01-29-PM-V2,3,RA-city,B2C,1,10,14:00,18:00,15:11,,21.28
20550,2026-01-29,2026-01-29-PM-V2,4,RA-city,B2C,2,5,14:00,18:00,15:36,,21.28
20551,2026-01-29,2026-01-29-PM-V2,5,RA-city,B2C,3,19,14:00,18:00,16:00,,21.28
20552,2026-01-29,2026-01-29-PM-V2,6,RA-city,B2C,3,6,14:00,18:00,16:29,,21.28
20553,2026-01-29,2026-01-29-PM-V2,7,RA-city,B2C,2,12,14:00,18:00,17:04,,21.28
20554,2026-01-29,2026-01-29-PM-V2,8,RA-city,B2C,2,8,14:00,18:00,17:34,,21.28
20555,2026-01-29,2026-01-29-AM-V3,1,RN,B2B,9,65,08:00,10:00,09:20,,46.4
20556,2026-01-29,2026-01-29-AM-V3,2,RN,B2B,7,57,08:00,10:00,09:53,,46.4
20557,2026-01-29,2026-01-29-AM-V3,3,RN,B2B,8,73,08:00,10:00,10:21,,46.4
20558,2026-01-29,2026-01-29-AM-V3,4,RN,B2C,4,73,08:00,12:00,11:01,,46.4
20559,2026-01-29,2026-01-29-AM-V3,5,RN,B2C,5,55,08:00,12:00,11:41,,46.4
20560,2026-01-29,2026-01-29-PM-V3,1,RA-province,B2B,8,30,14:00,16:00,14:35,,31.66
20561,2026-01-29,2026-01-29-PM-V3,2,RA-province,B2B,8,20,14:00,16:00,15:15,,31.66
20562,2026-01-29,2026-01-29-PM-V3,3,RA-province,B2B,7,42,14:00,16:00,15:54,,31.66
20563,2026-01-29,2026-01-29-PM-V3,4,RA-province,B2C,3,32,14:00,18:00,16:30,,31.66
20564,2026-01-29,2026-01-29-PM-V3,5,RA-province,B2C,3,25,14:00,18:00,17:11,,31.66
20565,2026-01-29,2026-01-29-PM-V3,6,RA-province,B2C,4,44,14:00,18:00,17:51,,31.66
20566,2026-01-29,2026-01-29-PM-V3,7,RA-province,B2C,4,42,14:00,18:00,18:31,,31.66
20567,2026-01-30,2026-01-30-AM-V1,1,FE,B2B,9,72,08:00,10:00,09:18,,68.72
20568,2026-01-30,2026-01-30-AM-V1,2,FE,B2C,2,76,08:00,12:00,09:58,,68.72
20569,2026-01-30,2026-01-30-AM-V1,3,FE,B2C,2,69,08:00,12:00,10:41,,68.72
20570,2026-01-30,2026-01-30-AM-V1,4,FE,B2C,3,105,08:00,12:00,11:24,,68.72
20571,2026-01-30,2026-01-30-PM-V1,1,RA-city,B2B,6,8,14:00,16:00,14:16,,20.31
20572,2026-01-30,2026-01-30-PM-V1,2,RA-city,B2C,2,5,14:00,18:00,14:45,,20.31
20573,2026-01-30,2026-01-30-PM-V1,3,RA-city,B2C,1,6,14:00,18:00,15:13,,20.31
20574,2026-01-30,2026-01-30-PM-V1,4,RA-city,B2C,3,19,14:00,18:00,15:32,,20.31
20575,2026-01-30,2026-01-30-PM-V1,5,RA-city,B2C,4,9,14:00,18:00,16:03,,20.31
20576,2026-01-30,2026-01-30-PM-V1,6,RA-city,B2C,2,5,14:00,18:00,16:39,,20.31
20577,2026-01-30,2026-01-30-PM-V1,7,RA-city,B2C,2,10,14:00,18:00,17:06,,20.31
20578,2026-01-30,2026-01-30-PM-V1,8,RA-city,B2C,3,5,14:00,18:00,17:36,,20.31
20579,2026-01-30,2026-01-30-AM-V2,1,FC,B2B,7,52,08:00,10:00,09:12,,38.67
20580,2026-01-30,2026-01-30-AM-V2,2,FC,B2B,4,25,08:00,10:00,09:44,,38.67
20581,2026-01-30,2026-01-30-AM-V2,3,FC,B2B,6,53,08:00,10:00,10:10,,38.67
20582,2026-01-30,2026-01-30-AM-V2,4,FC,B2B,5,38,08:00,10:00,10:40,,38.67
20583,2026-01-30,2026-01-30-AM-V2,5,FC,B2C,3,58,08:00,12:00,11:16,,38.67
20584,2026-01-30,2026-01-30-AM-V2,6,FC,B2C,2,55,08:00,12:00,11:50,,38.67
20585,2026-01-30,2026-01-30-PM-V2,1,BO,B2B,7,82,14:00,16:00,15:21,missing_item,63.2
20586,2026-01-30,2026-01-30-PM-V2,2,BO,B2B,4,55,14:00,16:00,16:23,,63.2
20587,2026-01-30,2026-01-30-PM-V2,3,BO,B2C,6,68,14:00,18:00,16:56,,63.2
20588,2026-01-30,2026-01-30-PM-V2,4,BO,B2C,3,61,14:00,18:00,17:54,,63.2
20589,2026-01-30,2026-01-30-AM-V3,1,RA-province,B2B,7,35,08:00,10:00,08:41,,38.86
20590,2026-01-30,2026-01-30-AM-V3,2,RA-province,B2B,8,40,08:00,10:00,09:16,,38.86
20591,2026-01-30,2026-01-30-AM-V3,3,RA-province,B2B,8,21,08:00,10:00,09:49,,38.86
20592,2026-01-30,2026-01-30-AM-V3,4,RA-province,B2C,3,43,08:00,12:00,10:27,,38.86
20593,2026-01-30,2026-01-30-AM-V3,5,RA-province,B2C,1,25,08:00,12:00,11:01,,38.86
20594,2026-01-30,2026-01-30-PM-V3,1,FC,B2C,3,43,14:00,18:00,14:52,,40.51
20595,2026-01-30,2026-01-30-PM-V3,2,FC,B2C,2,37,14:00,18:00,15:41,,40.51
20596,2026-01-30,2026-01-30-PM-V3,3,FC,B2C,1,40,14:00,18:00,16:19,,40.51
20597,2026-01-30,2026-01-30-PM-V3,4,FC,B2C,3,40,14:00,18:00,16:53,,40.51
20598,2026-01-30,2026-01-30-PM-V3,5,FC,B2C,4,25,14:00,18:00,17:30,,40.51
20599,2026-01-30,2026-01-30-PM-V3,6,FC,B2C,2,57,14:00,18:00,18:16,missing_item,40.51
20600,2026-01-31,2026-01-31-AM-V1,1,RA-city,B2B,6,15,08:00,10:00,08:20,,25.78
20601,2026-01-31,2026-01-31-AM-V1,2,RA-city,B2B,5,18,08:00,10:00,08:42,,25.78
20602,2026-01-31,2026-01-31-AM-V1,3,RA-city,B2C,4,5,08:00,12:00,09:03,,25.78
20603,2026-01-31,2026-01-31-AM-V1,4,RA-city,B2C,2,16,08:00,12:00,09:39,,25.78
20604,2026-01-31,2026-01-31-AM-V1,5,RA-city,B2C,1,10,08:00,12:00,10:05,,25.78
20605,2026-01-31,2026-01-31-AM-V1,6,RA-city,B2C,2,6,08:00,12:00,10:25,transport_damage,25.78
20606,2026-01-31,2026-01-31-PM-V1,1,FE,B2C,2,81,14:00,18:00,15:40,,64.5
20607,2026-01-31,2026-01-31-PM-V1,2,FE,B2C,6,92,14:00,18:00,16:19,,64.5
20608,2026-01-31,2026-01-31-PM-V1,3,FE,B2C,2,108,14:00,18:00,17:12,,64.5
20609,2026-01-31,2026-01-31-PM-V1,4,FE,B2C,4,75,14:00,18:00,17:54,,64.5
20610,2026-01-31,2026-01-31-AM-V2,1,RN,B2B,4,48,08:00,10:00,08:54,,39.86
20611,2026-01-31,2026-01-31-AM-V2,2,RN,B2C,3,77,08:00,12:00,09:21,,39.86
20612,2026-01-31,2026-01-31-AM-V2,3,RN,B2C,2,45,08:00,12:00,09:58,,39.86
20613,2026-01-31,2026-01-31-AM-V2,4,RN,B2C,4,66,08:00,12:00,10:28,,39.86
20614,2026-01-31,2026-01-31-AM-V2,5,RN,B2C,6,54,08:00,12:00,11:05,,39.86
20615,2026-01-31,2026-01-31-AM-V2,6,RN,B2C,5,76,08:00,12:00,11:56,,39.86
20616,2026-01-31,2026-01-31-PM-V2,1,FE,B2C,3,103,14:00,18:00,15:57,,93.15
20617,2026-01-31,2026-01-31-PM-V2,2,FE,B2C,3,64,14:00,18:00,16:37,,93.15
20618,2026-01-31,2026-01-31-PM-V2,3,FE,B2C,4,104,14:00,18:00,17:20,,93.15
20619,2026-01-31,2026-01-31-AM-V3,1,FC,B2B,4,49,08:00,10:00,08:50,missing_item,40.29
20620,2026-01-31,2026-01-31-AM-V3,2,FC,B2B,5,27,08:00,10:00,09:29,,40.29
20621,2026-01-31,2026-01-31-AM-V3,3,FC,B2B,7,53,08:00,10:00,10:11,,40.29
20622,2026-01-31,2026-01-31-AM-V3,4,FC,B2C,2,33,08:00,12:00,10:46,,40.29
20623,2026-01-31,2026-01-31-AM-V3,5,FC,B2C,1,52,08:00,12:00,11:30,,40.29
20624,2026-01-31,2026-01-31-AM-V3,6,FC,B2C,4,48,08:00,12:00,12:04,,40.29
20625,2026-01-31,2026-01-31-PM-V3,1,RA-province,B2B,8,39,14:00,16:00,14:45,,35.2
20626,2026-01-31,2026-01-31-PM-V3,2,RA-province,B2C,1,36,14:00,18:00,15:21,,35.2
20627,2026-01-31,2026-01-31-PM-V3,3,RA-province,B2C,3,45,14:00,18:00,15:56,,35.2
20628,2026-01-31,2026-01-31-PM-V3,4,RA-province,B2C,3,40,14:00,18:00,16:31,,35.2
20629,2026-01-31,2026-01-31-PM-V3,5,RA-province,B2C,4,25,14:00,18:00,17:14,,35.2
20630,2026-01-31,2026-01-31-PM-V3,6,RA-province,B2C,1,37,14:00,18:00,17:53,,35.2
20631,2026-02-01,2026-02-01-AM-V1,1,FE,B2B,7,67,08:00,10:00,09:38,,63.69
20632,2026-02-01,2026-02-01-AM-V1,2,FE,B2C,2,85,08:00,12:00,10:16,,63.69
20633,2026-02-01,2026-02-01-AM-V1,3,FE,B2C,3,62,08:00,12:00,11:02,,63.69
20634,2026-02-01,2026-02-01-AM-V1,4,FE,B2C,3,72,08:00,12:00,11:57,,63.69
20635,2026-02-01,2026-02-01-PM-V1,1,RA-city,B2B,4,16,14:00,16:00,14:16,,23.67
20636,2026-02-01,2026-02-01-PM-V1,2,RA-city,B2B,6,12,14:00,16:00,14:37,,23.67
20637,2026-02-01,2026-02-01-PM-V1,3,RA-city,B2C,1,20,14:00,18:00,15:05,,23.67
20638,2026-02-01,2026-02-01-PM-V1,4,RA-city,B2C,2,20,14:00,18:00,15:30,,23.67
20639,2026-02-01,2026-02-01-PM-V1,5,RA-city,B2C,2,19,14:00,18:00,15:54,,23.67
20640,2026-02-01,2026-02-01-PM-V1,6,RA-city,B2C,4,5,14:00,18:00,16:21,,23.67
20641,2026-02-01,2026-02-01-PM-V1,7,RA-city,B2C,4,10,14:00,18:00,16:55,,23.67
20642,2026-02-01,2026-02-01-AM-V2,1,RA-province,B2B,8,41,08:00,10:00,08:42,,33.03
20643,2026-02-01,2026-02-01-AM-V2,2,RA-province,B2B,3,18,08:00,10:00,09:16,,33.03
20644,2026-02-01,2026-02-01-AM-V2,3,RA-province,B2C,4,36,08:00,12:00,09:40,,33.03
20645,2026-02-01,2026-02-01-AM-V2,4,RA-province,B2C,1,20,08:00,12:00,10:26,,33.03
20646,2026-02-01,2026-02-01-AM-V2,5,RA-province,B2C,4,36,08:00,12:00,10:48,,33.03
20647,2026-02-01,2026-02-01-AM-V2,6,RA-province,B2C,2,20,08:00,12:00,11:33,,33.03
20648,2026-02-01,2026-02-01-PM-V2,1,RA-province,B2C,2,34,14:00,18:00,14:47,,28.87
20649,2026-02-01,2026-02-01-PM-V2,2,RA-province,B2C,2,42,14:00,18:00,15:21,,28.87
20650,2026-02-01,2026-02-01-PM-V2,3,RA-province,B2C,3,16,14:00,18:00,16:01,,28.87
20651,2026-02-01,2026-02-01-PM-V2,4,RA-province,B2C,2,15,14:00,18:00,16:33,,28.87
20652,2026-02-01,2026-02-01-PM-V2,5,RA-province,B2C,3,42,14:00,18:00,17:02,,28.87
20653,2026-02-01,2026-02-01-PM-V2,6,RA-province,B2C,3,15,14:00,18:00,17:34,,28.87
20654,2026-02-01,2026-02-01-PM-V2,7,RA-province,B2C,3,21,14:00,18:00,18:16,transport_damage,28.87
20655,2026-02-01,2026-02-01-AM-V3,1,RA-city,B2B,6,19,08:00,10:00,08:22,,24.14
20656,2026-02-01,2026-02-01-AM-V3,2,RA-city,B2B,6,12,08:00,10:00,08:46,,24.14
20657,2026-02-01,2026-02-01-AM-V3,3,RA-city,B2C,4,19,08:00,12:00,09:12,,24.14
20658,2026-02-01,2026-02-01-AM-V3,4,RA-city,B2C,3,16,08:00,12:00,09:48,,24.14
20659,2026-02-01,2026-02-01-AM-V3,5,RA-city,B2C,4,9,08:00,12:00,10:22,,24.14
20660,2026-02-01,2026-02-01-AM-V3,6,RA-city,B2C,1,12,08:00,12:00,10:59,,24.14
20661,2026-02-01,2026-02-01-AM-V3,7,RA-city,B2C,1,11,08:00,12:00,11:20,,24.14
20662,2026-02-01,2026-02-01-PM-V3,1,FC,B2B,6,52,14:00,16:00,15:14,,44.84
20663,2026-02-01,2026-02-01-PM-V3,2,FC,B2B,4,34,14:00,16:00,15:47,,44.84
20664,2026-02-01,2026-02-01-PM-V3,3,FC,B2C,2,31,14:00,18:00,16:14,,44.84
20665,2026-02-01,2026-02-01-PM-V3,4,FC,B2C,2,56,14:00,18:00,16:43,,44.84
20666,2026-02-01,2026-02-01-PM-V3,5,FC,B2C,3,52,14:00,18:00,17:19,,44.84
20667,2026-02-04,2026-02-04-AM-V1,1,RA-province,B2C,1,32,08:00,12:00,08:45,,37.43
20668,2026-02-04,2026-02-04-AM-V1,2,RA-province,B2C,1,21,08:00,12:00,09:08,wrong_address,37.43
20669,2026-02-04,2026-02-04-AM-V1,3,RA-province,B2C,2,44,08:00,12:00,09:49,,37.43
20670,2026-02-04,2026-02-04-AM-V1,4,RA-province,B2C,1,15,08:00,12:00,10:17,,37.43
20671,2026-02-04,2026-02-04-AM-V1,5,RA-province,B2C,4,26,08:00,12:00,10:39,,37.43
20672,2026-02-04,2026-02-04-PM-V1,1,RA-city,B2B,3,18,14:00,16:00,14:19,,20.63
20673,2026-02-04,2026-02-04-PM-V1,2,RA-city,B2B,6,8,14:00,16:00,14:35,transport_damage,20.63
20674,2026-02-04,2026-02-04-PM-V1,3,RA-city,B2B,4,20,14:00,16:00,15:14,,20.63
20675,2026-02-04,2026-02-04-PM-V1,4,RA-city,B2B,8,11,14:00,16:00,15:33,missing_item,20.63
20676,2026-02-04,2026-02-04-PM-V1,5,RA-city,B2C,3,14,14:00,18:00,16:11,,20.63
20677,2026-02-04,2026-02-04-PM-V1,6,RA-city,B2C,3,7,14:00,18:00,16:41,,20.63
20678,2026-02-04,2026-02-04-PM-V1,7,RA-city,B2C,3,7,14:00,18:00,17:11,,20.63
20679,2026-02-04,2026-02-04-PM-V1,8,RA-city,B2C,3,8,14:00,18:00,17:40,,20.63
20680,2026-02-04,2026-02-04-AM-V2,1,RA-province,B2B,7,23,08:00,10:00,08:33,,39.12
20681,2026-02-04,2026-02-04-AM-V2,2,RA-province,B2B,5,29,08:00,10:00,09:09,,39.12
20682,2026-02-04,2026-02-04-AM-V2,3,RA-province,B2C,1,23,08:00,12:00,09:35,,39.12
20683,2026-02-04,2026-02-04-AM-V2,4,RA-province,B2C,1,24,08:00,12:00,10:08,,39.12
20684,2026-02-04,2026-02-04-AM-V2,5,RA-province,B2C,3,41,08:00,12:00,10:31,,39.12
20685,2026-02-04,2026-02-04-PM-V2,1,RA-city,B2B,4,19,14:00,16:00,14:21,,28.59
20686,2026-02-04,2026-02-04-PM-V2,2,RA-city,B2B,3,18,14:00,16:00,14:41,,28.59
20687,2026-02-04,2026-02-04-PM-V2,3,RA-city,B2C,2,13,14:00,18:00,15:03,,28.59
20688,2026-02-04,2026-02-04-PM-V2,4,RA-city,B2C,1,13,14:00,18:00,15:34,,28.59
20689,2026-02-04,2026-02-04-PM-V2,5,RA-city,B2C,3,15,14:00,18:00,15:59,,28.59
20690,2026-02-04,2026-02-04-PM-V2,6,RA-city,B2C,2,13,14:00,18:00,16:35,,28.59
20691,2026-02-04,2026-02-04-AM-V3,1,FC,B2B,4,41,08:00,10:00,08:59,,44.97
20692,2026-02-04,2026-02-04-AM-V3,2,FC,B2C,1,36,08:00,12:00,09:32,,44.97
20693,2026-02-04,2026-02-04-AM-V3,3,FC,B2C,4,37,08:00,12:00,10:03,,44.97
20694,2026-02-04,2026-02-04-AM-V3,4,FC,B2C,4,43,08:00,12:00,10:52,,44.97
20695,2026-02-04,2026-02-04-AM-V3,5,FC,B2C,1,46,08:00,12:00,11:42,,44.97
20696,2026-02-04,2026-02-04-PM-V3,1,FE,B2B,9,71,14:00,16:00,15:42,,64.34
20697,2026-02-04,2026-02-04-PM-V3,2,FE,B2C,6,90,14:00,18:00,16:28,,64.34
20698,2026-02-04,2026-02-04-PM-V3,3,FE,B2C,4,81,14:00,18:00,17:24,,64.34
20699,2026-02-04,2026-02-04-PM-V3,4,FE,B2C,5,89,14:00,18:00,18:06,,64.34
20700,2026-02-05,2026-02-05-AM-V1,1,RA-province,B2B,3,26,08:00,10:00,08:33,,27.29
20701,2026-02-05,2026-02-05-AM-V1,2,RA-province,B2B,6,37,08:00,10:00,09:02,,27.29
20702,2026-02-05,2026-02-05-AM-V1,3,RA-province,B2C,3,21,08:00,12:00,09:29,,27.29
20703,2026-02-05,2026-02-05-AM-V1,4,RA-province,B2C,3,25,08:00,12:00,10:03,,27.29
20704,2026-02-05,2026-02-05-AM-V1,5,RA-province,B2C,4,45,08:00,12:00,10:42,,27.29
20705,2026-02-05,2026-02-05-AM-V1,6,RA-province,B2C,2,25,08:00,12:00,11:21,,27.29
20706,2026-02-05,2026-02-05-AM-V1,7,RA-province,B2C,4,19,08:00,12:00,11:51,,27.29
20707,2026-02-05,2026-02-05-PM-V1,1,FC,B2B,6,53,14:00,16:00,14:52,,43.28
20708,2026-02-05,2026-02-05-PM-V1,2,FC,B2C,2,33,14:00,18:00,15:21,,43.28
20709,2026-02-05,2026-02-05-PM-V1,3,FC,B2C,4,57,14:00,18:00,15:50,,43.28
20710,2026-02-05,2026-02-05-PM-V1,4,FC,B2C,4,28,14:00,18:00,16:40,,43.28
20711,2026-02-05,2026-02-05-PM-V1,5,FC,B2C,3,45,14:00,18:00,17:22,,43.28
20712,2026-02-05,2026-02-05-AM-V2,1,RA-city,B2B,5,20,08:00,10:00,08:29,,27.83
20713,2026-02-05,2026-02-05-AM-V2,2,RA-city,B2B,4,5,08:00,10:00,08:53,,27.83
20714,2026-02-05,2026-02-05-AM-V2,3,RA-city,B2C,2,6,08:00,12:00,09:13,,27.83
20715,2026-02-05,2026-02-05-AM-V2,4,RA-city,B2C,2,5,08:00,12:00,09:41,,27.83
20716,2026-02-05,2026-02-05-AM-V2,5,RA-city,B2C,3,14,08:00,12:00,10:09,,27.83
20717,2026-02-05,2026-02-05-AM-V2,6,RA-city,B2C,4,10,08:00,12:00,10:39,,27.83
20718,2026-02-05,2026-02-05-PM-V2,1,BO,B2B,6,83,14:00,16:00,16:01,,61.25
20719,2026-02-05,2026-02-05-PM-V2,2,BO,B2B,6,68,14:00,16:00,16:32,,61.25
20720,2026-02-05,2026-02-05-PM-V2,3,BO,B2B,9,50,14:00,16:00,17:10,,61.25
20721,2026-02-05,2026-02-05-PM-V2,4,BO,B2C,2,58,14:00,18:00,17:49,,61.25
20722,2026-02-05,2026-02-05-AM-V3,1,RA-city,B2B,4,13,08:00,10:00,08:13,,27.18
20723,2026-02-05,2026-02-05-AM-V3,2,RA-city,B2B,5,15,08:00,10:00,08:33,,27.18
20724,2026-02-05,2026-02-05-AM-V3,3,RA-city,B2B,7,19,08:00,10:00,08:56,,27.18
20725,2026-02-05,2026-02-05-AM-V3,4,RA-city,B2C,1,12,08:00,12:00,09:27,wrong_address,27.18
20726,2026-02-05,2026-02-05-AM-V3,5,RA-city,B2C,4,15,08:00,12:00,09:58,,27.18
20727,2026-02-05,2026-02-05-AM-V3,6,RA-city,B2C,1,17,08:00,12:00,10:32,transport_damage,27.18
20728,2026-02-05,2026-02-05-PM-V3,1,FE,B2B,4,86,14:00,16:00,15:53,,70.51
20729,2026-02-05,2026-02-05-PM-V3,2,FE,B2C,6,105,14:00,18:00,16:28,,70.51
20730,2026-02-05,2026-02-05-PM-V3,3,FE,B2C,2,86,14:00,18:00,17:24,,70.51
20731,2026-02-05,2026-02-05-PM-V3,4,FE,B2C,5,100,14:00,18:00,18:12,,70.51
20732,2026-02-06,2026-02-06-AM-V1,1,RA-province,B2B,3,28,08:00,10:00,08:30,,32.71
20733,2026-02-06,2026-02-06-AM-V1,2,RA-province,B2C,1,27,08:00,12:00,08:51,,32.71
20734,2026-02-06,2026-02-06-AM-V1,3,RA-province,B2C,4,24,08:00,12:00,09:19,,32.71
20735,2026-02-06,2026-02-06-AM-V1,4,RA-province,B2C,3,34,08:00,12:00,09:58,,32.71
20736,2026-02-06,2026-02-06-AM-V1,5,RA-province,B2C,4,15,08:00,12:00,10:37,,32.71
20737,2026-02-06,2026-02-06-AM-V1,6,RA-province,B2C,1,29,08:00,12:00,11:24,,32.71
20738,2026-02-06,2026-02-06-PM-V1,1,RA-province,B2C,4,18,14:00,18:00,14:23,,28.87
20739,2026-02-06,2026-02-06-PM-V1,2,RA-province,B2C,4,35,14:00,18:00,15:02,,28.87
20740,2026-02-06,2026-02-06-PM-V1,3,RA-province,B2C,2,16,14:00,18:00,15:49,,28.87
20741,2026-02-06,2026-02-06-PM-V1,4,RA-province,B2C,3,17,14:00,18:00,16:19,,28.87
20742,2026-02-06,2026-02-06-PM-V1,5,RA-province,B2C,1,17,14:00,18:00,16:54,,28.87
20743,2026-02-06,2026-02-06-PM-V1,6,RA-province,B2C,4,17,14:00,18:00,17:20,,28.87
20744,2026-02-06,2026-02-06-PM-V1,7,RA-province,B2C,3,38,14:00,18:00,18:05,,28.87
20745,2026-02-06,2026-02-06-AM-V2,1,RA-city,B2B,5,7,08:00,10:00,08:07,,22.93
20746,2026-02-06,2026-02-06-AM-V2,2,RA-city,B2B,5,15,08:00,10:00,08:30,missing_item,22.93
20747,2026-02-06,2026-02-06-AM-V2,3,RA-city,B2B,8,19,08:00,10:00,09:09,,22.93
20748,2026-02-06,2026-02-06-AM-V2,4,RA-city,B2B,5,14,08:00,10:00,09:37,,22.93
20749,2026-02-06,2026-02-06-AM-V2,5,RA-city,B2B,3,17,08:00,10:00,09:57,,22.93
20750,2026-02-06,2026-02-06-AM-V2,6,RA-city,B2B,8,15,08:00,10:00,10:16,,22.93
20751,2026-02-06,2026-02-06-AM-V2,7,RA-city,B2C,1,11,08:00,12:00,10:44,,22.93
20752,2026-02-06,2026-02-06-PM-V2,1,BO,B2B,4,69,14:00,16:00,15:22,,63.69
20753,2026-02-06,2026-02-06-PM-V2,2,BO,B2C,2,61,14:00,18:00,15:56,,63.69
20754,2026-02-06,2026-02-06-PM-V2,3,BO,B2C,5,82,14:00,18:00,16:31,,63.69
20755,2026-02-06,2026-02-06-PM-V2,4,BO,B2C,2,85,14:00,18:00,17:21,,63.69
20756,2026-02-06,2026-02-06-AM-V3,1,RA-province,B2B,8,21,08:00,10:00,08:24,,33.03
20757,2026-02-06,2026-02-06-AM-V3,2,RA-province,B2B,5,33,08:00,10:00,09:03,,33.03
20758,2026-02-06,2026-02-06-AM-V3,3,RA-province,B2C,4,44,08:00,12:00,09:31,,33.03
20759,2026-02-06,2026-02-06-AM-V3,4,RA-province,B2C,2,37,08:00,12:00,10:09,,33.03
20760,2026-02-06,2026-02-06-AM-V3,5,RA-province,B2C,4,32,08:00,12:00,10:45,,33.03
20761,2026-02-06,2026-02-06-AM-V3,6,RA-province,B2C,3,31,08:00,12:00,11:29,,33.03
20762,2026-02-06,2026-02-06-PM-V3,1,FC,B2B,5,44,14:00,16:00,14:48,,44.45
20763,2026-02-06,2026-02-06-PM-V3,2,FC,B2C,4,47,14:00,18:00,15:16,,44.45
20764,2026-02-06,2026-02-06-PM-V3,3,FC,B2C,1,54,14:00,18:00,16:00,,44.45
20765,2026-02-06,2026-02-06-PM-V3,4,FC,B2C,4,45,14:00,18:00,16:33,,44.45
20766,2026-02-06,2026-02-06-PM-V3,5,FC,B2C,3,54,14:00,18:00,17:20,,44.45
20767,2026-02-07,2026-02-07-AM-V1,1,RA-city,B2B,3,6,08:00,10:00,08:07,,23.76
20768,2026-02-07,2026-02-07-AM-V1,2,RA-city,B2B,6,13,08:00,10:00,08:27,,23.76
20769,2026-02-07,2026-02-07-AM-V1,3,RA-city,B2B,4,11,08:00,10:00,08:56,,23.76
20770,2026-02-07,2026-02-07-AM-V1,4,RA-city,B2B,3,9,08:00,10:00,09:18,,23.76
20771,2026-02-07,2026-02-07-AM-V1,5,RA-city,B2C,1,20,08:00,12:00,09:40,,23.76
20772,2026-02-07,2026-02-07-AM-V1,6,RA-city,B2C,4,17,08:00,12:00,10:00,,23.76
20773,2026-02-07,2026-02-07-AM-V1,7,RA-city,B2C,2,16,08:00,12:00,10:37,,23.76
20774,2026-02-07,2026-02-07-PM-V1,1,RA-province,B2B,8,36,14:00,16:00,14:49,,40.81
20775,2026-02-07,2026-02-07-PM-V1,2,RA-province,B2C,4,19,14:00,18:00,15:29,,40.81
20776,2026-02-07,2026-02-07-PM-V1,3,RA-province,B2C,1,40,14:00,18:00,16:16,,40.81
20777,2026-02-07,2026-02-07-PM-V1,4,RA-province,B2C,2,25,14:00,18:00,16:51,,40.81
20778,2026-02-07,2026-02-07-PM-V1,5,RA-province,B2C,2,30,14:00,18:00,17:26,,40.81
20779,2026-02-07,2026-02-07-AM-V2,1,FC,B2C,4,32,08:00,12:00,08:38,,37.69
20780,2026-02-07,2026-02-07-AM-V2,2,FC,B2C,3,34,08:00,12:00,09:20,,37.69
20781,2026-02-07,2026-02-07-AM-V2,3,FC,B2C,3,40,08:00,12:00,10:05,,37.69
20782,2026-02-07,2026-02-07-AM-V2,4,FC,B2C,3,32,08:00,12:00,10:42,,37.69
20783,2026-02-07,2026-02-07-AM-V2,5,FC,B2C,4,54,08:00,12:00,11:22,,37.69
20784,2026-02-07,2026-02-07-AM-V2,6,FC,B2C,1,55,08:00,12:00,12:10,,37.69
20785,2026-02-07,2026-02-07-PM-V2,1,RA-city,B2B,8,15,14:00,16:00,14:22,,28.38
20786,2026-02-07,2026-02-07-PM-V2,2,RA-city,B2B,7,18,14:00,16:00,14:52,,28.38
20787,2026-02-07,2026-02-07-PM-V2,3,RA-city,B2C,2,10,14:00,18:00,15:18,,28.38
20788,2026-02-07,2026-02-07-PM-V2,4,RA-city,B2C,2,13,14:00,18:00,15:47,,28.38
20789,2026-02-07,2026-02-07-PM-V2,5,RA-city,B2C,2,11,14:00,18:00,16:13,,28.38
20790,2026-02-07,2026-02-07-PM-V2,6,RA-city,B2C,3,20,14:00,18:00,16:39,,28.38
20791,2026-02-07,2026-02-07-AM-V3,1,RN,B2B,8,74,08:00,10:00,09:33,,43.54
20792,2026-02-07,2026-02-07-AM-V3,2,RN,B2B,9,79,08:00,10:00,10:05,,43.54
20793,2026-02-07,2026-02-07-AM-V3,3,RN,B2B,6,51,08:00,10:00,10:42,,43.54
20794,2026-02-07,2026-02-07-AM-V3,4,RN,B2C,2,48,08:00,12:00,11:20,,43.54
20795,2026-02-07,2026-02-07-AM-V3,5,RN,B2C,5,50,08:00,12:00,12:00,,43.54
20796,2026-02-07,2026-02-07-AM-V3,6,RN,B2C,4,74,08:00,12:00,12:44,,43.54
20797,2026-02-07,2026-02-07-PM-V3,1,RA-province,B2B,7,24,14:00,16:00,15:22,,29.52
20798,2026-02-07,2026-02-07-PM-V3,2,RA-province,B2B,5,26,14:00,16:00,15:53,,29.52
20799,2026-02-07,2026-02-07-PM-V3,3,RA-province,B2C,2,36,14:00,18:00,16:26,,29.52
20800,2026-02-07,2026-02-07-PM-V3,4,RA-province,B2C,2,26,14:00,18:00,17:04,,29.52
20801,2026-02-07,2026-02-07-PM-V3,5,RA-province,B2C,1,16,14:00,18:00,17:40,,29.52
20802,2026-02-07,2026-02-07-PM-V3,6,RA-province,B2C,1,20,14:00,18:00,18:04,,29.52
20803,2026-02-07,2026-02-07-PM-V3,7,RA-province,B2C,2,32,14:00,18:00,18:31,,29.52
20804,2026-02-08,2026-02-08-AM-V1,1,RA-city,B2B,7,8,08:00,10:00,08:11,,23.3
20805,2026-02-08,2026-02-08-AM-V1,2,RA-city,B2B,5,8,08:00,10:00,08:37,,23.3
20806,2026-02-08,2026-02-08-AM-V1,3,RA-city,B2B,4,18,08:00,10:00,08:58,,23.3
20807,2026-02-08,2026-02-08-AM-V1,4,RA-city,B2C,1,9,08:00,12:00,09:20,,23.3
20808,2026-02-08,2026-02-08-AM-V1,5,RA-city,B2C,4,6,08:00,12:00,09:42,,23.3
20809,2026-02-08,2026-02-08-AM-V1,6,RA-city,B2C,1,19,08:00,12:00,10:17,,23.3
20810,2026-02-08,2026-02-08-AM-V1,7,RA-city,B2C,3,18,08:00,12:00,10:35,,23.3
20811,2026-02-08,2026-02-08-PM-V1,1,RA-city,B2B,3,12,14:00,16:00,14:12,,28.16
20812,2026-02-08,2026-02-08-PM-V1,2,RA-city,B2C,4,9,14:00,18:00,14:29,wrong_address,28.16
20813,2026-02-08,2026-02-08-PM-V1,3,RA-city,B2C,4,12,14:00,18:00,15:21,,28.16
20814,2026-02-08,2026-02-08-PM-V1,4,RA-city,B2C,3,19,14:00,18:00,15:56,transport_damage,28.16
20815,2026-02-08,2026-02-08-PM-V1,5,RA-city,B2C,2,20,14:00,18:00,16:43,missing_item,28.16
20816,2026-02-08,2026-02-08-PM-V1,6,RA-city,B2C,4,20,14:00,18:00,17:26,,28.16
20817,2026-02-08,2026-02-08-AM-V2,1,RA-city,B2C,3,19,08:00,12:00,08:24,,26.75
20818,2026-02-08,2026-02-08-AM-V2,2,RA-city,B2C,3,18,08:00,12:00,08:53,,26.75
20819,2026-02-08,2026-02-08-AM-V2,3,RA-city,B2C,2,11,08:00,12:00,09:22,,26.75
20820,2026-02-08,2026-02-08-AM-V2,4,RA-city,B2C,4,18,08:00,12:00,09:50,,26.75
20821,2026-02-08,2026-02-08-AM-V2,5,RA-city,B2C,3,10,08:00,12:00,10:27,,26.75
20822,2026-02-08,2026-02-08-AM-V2,6,RA-city,B2C,4,5,08:00,12:00,11:03,,26.75
20823,2026-02-08,2026-02-08-PM-V2,1,FC,B2B,8,46,14:00,16:00,14:53,,37.37
20824,2026-02-08,2026-02-08-PM-V2,2,FC,B2C,3,29,14:00,18:00,15:34,,37.37
20825,2026-02-08,2026-02-08-PM-V2,3,FC,B2C,3,51,14:00,18:00,16:17,,37.37
20826,2026-02-08,2026-02-08-PM-V2,4,FC,B2C,4,60,14:00,18:00,17:03,,37.37
20827,2026-02-08,2026-02-08-PM-V2,5,FC,B2C,3,51,14:00,18:00,17:45,missing_item,37.37
20828,2026-02-08,2026-02-08-PM-V2,6,FC,B2C,4,28,14:00,18:00,18:40,,37.37
20829,2026-02-08,2026-02-08-AM-V3,1,RA-province,B2B,8,22,08:00,10:00,08:33,,36.52
20830,2026-02-08,2026-02-08-AM-V3,2,RA-province,B2B,5,38,08:00,10:00,09:12,,36.52
20831,2026-02-08,2026-02-08-AM-V3,3,RA-province,B2B,7,42,08:00,10:00,09:36,,36.52
20832,2026-02-08,2026-02-08-AM-V3,4,RA-province,B2B,5,28,08:00,10:00,10:13,transport_damage,36.52
20833,2026-02-08,2026-02-08-AM-V3,5,RA-province,B2C,3,17,08:00,12:00,10:56,,36.52
20834,2026-02-08,2026-02-08-PM-V3,1,BO,B2C,2,65,14:00,18:00,15:12,,63.69
20835,2026-02-08,2026-02-08-PM-V3,2,BO,B2C,5,56,14:00,18:00,15:44,,63.69
20836,2026-02-08,2026-02-08-PM-V3,3,BO,B2C,3,60,14:00,18:00,16:43,,63.69
20837,2026-02-08,2026-02-08-PM-V3,4,BO,B2C,5,90,14:00,18:00,17:19,,63.69
20838,2026-02-11,2026-02-11-AM-V1,1,RA-city,B2B,7,14,08:00,10:00,08:17,,20.88
20839,2026-02-11,2026-02-11-AM-V1,2,RA-city,B2B,6,12,08:00,10:00,08:42,,20.88
20840,2026-02-11,2026-02-11-AM-V1,3,RA-city,B2B,5,9,08:00,10:00,09:05,,20.88
20841,2026-02-11,2026-02-11-AM-V1,4,RA-city,B2C,1,19,08:00,12:00,09:24,,20.88
20842,2026-02-11,2026-02-11-AM-V1,5,RA-city,B2C,3,9,08:00,12:00,09:45,,20.88
20843,2026-02-11,2026-02-11-AM-V1,6,RA-city,B2C,1,13,08:00,12:00,10:16,,20.88
20844,2026-02-11,2026-02-11-AM-V1,7,RA-city,B2C,1,6,08:00,12:00,10:35,,20.88
20845,2026-02-11,2026-02-11-AM-V1,8,RA-city,B2C,4,17,08:00,12:00,11:00,,20.88
20846,2026-02-11,2026-02-11-PM-V1,1,FC,B2B,7,42,14:00,16:00,14:58,,38.23
20847,2026-02-11,2026-02-11-PM-V1,2,FC,B2C,1,29,14:00,18:00,15:40,,38.23
20848,2026-02-11,2026-02-11-PM-V1,3,FC,B2C,4,30,14:00,18:00,16:05,,38.23
20849,2026-02-11,2026-02-11-PM-V1,4,FC,B2C,1,40,14:00,18:00,16:55,,38.23
20850,2026-02-11,2026-02-11-PM-V1,5,FC,B2C,1,35,14:00,18:00,17:33,,38.23
20851,2026-02-11,2026-02-11-PM-V1,6,FC,B2C,1,46,14:00,18:00,18:09,,38.23
20852,2026-02-11,2026-02-11-AM-V2,1,RA-city,B2B,5,14,08:00,10:00,08:14,,22.65
20853,2026-02-11,2026-02-11-AM-V2,2,RA-city,B2B,5,7,08:00,10:00,08:33,,22.65
20854,2026-02-11,2026-02-11-AM-V2,3,RA-city,B2B,4,6,08:00,10:00,08:53,,22.65
20855,2026-02-11,2026-02-11-AM-V2,4,RA-city,B2B,4,17,08:00,10:00,09:11,,22.65
20856,2026-02-11,2026-02-11-AM-V2,5,RA-city,B2C,4,19,08:00,12:00,09:33,,22.65
20857,2026-02-11,2026-02-11-AM-V2,6,RA-city,B2C,2,16,08:00,12:00,10:11,,22.65
20858,2026-02-11,2026-02-11-AM-V2,7,RA-city,B2C,1,5,08:00,12:00,10:36,,22.65
20859,2026-02-11,2026-02-11-PM-V2,1,FE,B2C,4,61,14:00,18:00,15:16,wrong_address,49.26
20860,2026-02-11,2026-02-11-PM-V2,2,FE,B2C,5,74,14:00,18:00,16:14,,49.26
20861,2026-02-11,2026-02-11-PM-V2,3,FE,B2C,2,92,14:00,18:00,17:11,missing_item,49.26
20862,2026-02-11,2026-02-11-PM-V2,4,FE,B2C,3,71,14:00,18:00,18:08,,49.26
20863,2026-02-11,2026-02-11-PM-V2,5,FE,B2C,4,61,14:00,18:00,18:51,,49.26
20864,2026-02-11,2026-02-11-AM-V3,1,RA-city,B2C,2,18,08:00,12:00,08:25,,24.51
20865,2026-02-11,2026-02-11-AM-V3,2,RA-city,B2C,2,9,08:00,12:00,08:55,,24.51
20866,2026-02-11,2026-02-11-AM-V3,3,RA-city,B2C,3,17,08:00,12:00,09:19,,24.51
20867,2026-02-11,2026-02-11-AM-V3,4,RA-city,B2C,1,5,08:00,12:00,09:48,,24.51
20868,2026-02-11,2026-02-11-AM-V3,5,RA-city,B2C,4,15,08:00,12:00,10:10,,24.51
20869,2026-02-11,2026-02-11-AM-V3,6,RA-city,B2C,1,10,08:00,12:00,10:50,,24.51
20870,2026-02-11,2026-02-11-AM-V3,7,RA-city,B2C,4,19,08:00,12:00,11:10,,24.51
20871,2026-02-11,2026-02-11-PM-V3,1,BO,B2B,4,81,14:00,16:00,15:50,,49.13
20872,2026-02-11,2026-02-11-PM-V3,2,BO,B2B,7,84,14:00,16:00,16:18,,49.13
20873,2026-02-11,2026-02-11-PM-V3,3,BO,B2B,8,72,14:00,16:00,16:56,,49.13
20874,2026-02-11,2026-02-11-PM-V3,4,BO,B2C,4,55,14:00,18:00,17:33,,49.13
20875,2026-02-11,2026-02-11-PM-V3,5,BO,B2C,3,50,14:00,18:00,18:14,,49.13
20876,2026-02-12,2026-02-12-AM-V1,1,FC,B2B,7,34,08:00,10:00,08:43,,40.94
20877,2026-02-12,2026-02-12-AM-V1,2,FC,B2C,3,56,08:00,12:00,09:17,,40.94
20878,2026-02-12,2026-02-12-AM-V1,3,FC,B2C,1,36,08:00,12:00,10:03,,40.94
20879,2026-02-12,2026-02-12-AM-V1,4,FC,B2C,1,57,08:00,12:00,10:35,,40.94
20880,2026-02-12,2026-02-12-AM-V1,5,FC,B2C,2,30,08:00,12:00,11:08,,40.94
20881,2026-02-12,2026-02-12-PM-V1,1,RA-city,B2B,7,12,14:00,16:00,14:15,,22.84
20882,2026-02-12,2026-02-12-PM-V1,2,RA-city,B2B,4,13,14:00,16:00,14:43,,22.84
20883,2026-02-12,2026-02-12-PM-V1,3,RA-city,B2C,2,9,14:00,18:00,15:03,,22.84
20884,2026-02-12,2026-02-12-PM-V1,4,RA-city,B2C,1,6,14:00,18:00,15:31,,22.84
20885,2026-02-12,2026-02-12-PM-V1,5,RA-city,B2C,2,8,14:00,18:00,15:50,,22.84
20886,2026-02-12,2026-02-12-PM-V1,6,RA-city,B2C,3,17,14:00,18:00,16:15,,22.84
20887,2026-02-12,2026-02-12-PM-V1,7,RA-city,B2C,2,7,14:00,18:00,16:43,,22.84
20888,2026-02-12,2026-02-12-AM-V2,1,RA-city,B2B,3,9,08:00,10:00,08:11,,26.86
20889,2026-02-12,2026-02-12-AM-V2,2,RA-city,B2B,6,15,08:00,10:00,08:31,,26.86
20890,2026-02-12,2026-02-12-AM-V2,3,RA-city,B2B,3,6,08:00,10:00,08:56,,26.86
20891,2026-02-12,2026-02-12-AM-V2,4,RA-city,B2C,2,12,08:00,12:00,09:17,,26.86
20892,2026-02-12,2026-02-12-AM-V2,5,RA-city,B2C,2,5,08:00,12:00,09:40,,26.86
20893,2026-02-12,2026-02-12-AM-V2,6,RA-city,B2C,1,15,08:00,12:00,10:05,,26.86
20894,2026-02-12,2026-02-12-PM-V2,1,RA-city,B2B,3,17,14:00,16:00,14:20,,27.94
20895,2026-02-12,2026-02-12-PM-V2,2,RA-city,B2C,4,16,14:00,18:00,14:41,,27.94
20896,2026-02-12,2026-02-12-PM-V2,3,RA-city,B2C,2,15,14:00,18:00,15:20,,27.94
20897,2026-02-12,2026-02-12-PM-V2,4,RA-city,B2C,1,19,14:00,18:00,15:48,,27.94
20898,2026-02-12,2026-02-12-PM-V2,5,RA-city,B2C,3,20,14:00,18:00,16:08,,27.94
20899,2026-02-12,2026-02-12-PM-V2,6,RA-city,B2C,1,14,14:00,18:00,16:37,,27.94
20900,2026-02-12,2026-02-12-AM-V3,1,RA-province,B2B,3,21,08:00,10:00,08:26,,31.95
20901,2026-02-12,2026-02-12-AM-V3,2,RA-province,B2C,3,37,08:00,12:00,08:53,,31.95
20902,2026-02-12,2026-02-12-AM-V3,3,RA-province,B2C,2,15,08:00,12:00,09:31,,31.95
20903,2026-02-12,2026-02-12-AM-V3,4,RA-province,B2C,1,22,08:00,12:00,09:59,,31.95
20904,2026-02-12,2026-02-12-AM-V3,5,RA-province,B2C,1,16,08:00,12:00,10:21,,31.95
20905,2026-02-12,2026-02-12-AM-V3,6,RA-province,B2C,1,32,08:00,12:00,10:45,,31.95
20906,2026-02-12,2026-02-12-PM-V3,1,RA-city,B2B,5,15,14:00,16:00,14:16,,21.28
20907,2026-02-12,2026-02-12-PM-V3,2,RA-city,B2B,3,11,14:00,16:00,14:37,,21.28
20908,2026-02-12,2026-02-12-PM-V3,3,RA-city,B2B,4,7,14:00,16:00,14:56,,21.28
20909,2026-02-12,2026-02-12-PM-V3,4,RA-city,B2C,2,15,14:00,18:00,15:17,,21.28
20910,2026-02-12,2026-02-12-PM-V3,5,RA-city,B2C,4,12,14:00,18:00,15:41,,21.28
20911,2026-02-12,2026-02-12-PM-V3,6,RA-city,B2C,3,6,14:00,18:00,16:18,,21.28
20912,2026-02-12,2026-02-12-PM-V3,7,RA-city,B2C,4,15,14:00,18:00,16:48,,21.28
20913,2026-02-12,2026-02-12-PM-V3,8,RA-city,B2C,3,20,14:00,18:00,17:23,,21.28
20914,2026-02-13,2026-02-13-AM-V1,1,FC,B2B,4,29,08:00,10:00,08:38,,37.37
20915,2026-02-13,2026-02-13-AM-V1,2,FC,B2C,3,35,08:00,12:00,09:18,,37.37
20916,2026-02-13,2026-02-13-AM-V1,3,FC,B2C,3,39,08:00,12:00,09:55,,37.37
20917,2026-02-13,2026-02-13-AM-V1,4,FC,B2C,4,56,08:00,12:00,10:38,,37.37
20918,2026-02-13,2026-02-13-AM-V1,5,FC,B2C,2,56,08:00,12:00,11:28,,37.37
20919,2026-02-13,2026-02-13-AM-V1,6,FC,B2C,2,46,08:00,12:00,12:04,,37.37
20920,2026-02-13,2026-02-13-PM-V1,1,RN,B2B,9,60,14:00,16:00,15:01,,56.05
20921,2026-02-13,2026-02-13-PM-V1,2,RN,B2C,4,78,14:00,18:00,15:41,,56.05
20922,2026-02-13,2026-02-13-PM-V1,3,RN,B2C,4,49,14:00,18:00,16:24,,56.05
20923,2026-02-13,2026-02-13-PM-V1,4,RN,B2C,6,58,14:00,18:00,17:01,,56.05
20924,2026-02-13,2026-02-13-AM-V2,1,FE,B2B,8,100,08:00,10:00,10:21,,85.78
20925,2026-02-13,2026-02-13-AM-V2,2,FE,B2B,8,110,08:00,10:00,10:58,,85.78
20926,2026-02-13,2026-02-13-AM-V2,3,FE,B2C,4,71,08:00,12:00,11:42,,85.78
20927,2026-02-13,2026-02-13-PM-V2,1,RA-province,B2B,6,28,14:00,16:00,14:28,,29.15
20928,2026-02-13,2026-02-13-PM-V2,2,RA-province,B2C,3,35,14:00,18:00,15:01,,29.15
20929,2026-02-13,2026-02-13-PM-V2,3,RA-province,B2C,3,25,14:00,18:00,15:43,,29.15
20930,2026-02-13,2026-02-13-PM-V2,4,RA-province,B2C,3,44,14:00,18:00,16:19,,29.15
20931,2026-02-13,2026-02-13-PM-V2,5,RA-province,B2C,1,24,14:00,18:00,16:58,,29.15
20932,2026-02-13,2026-02-13-PM-V2,6,RA-province,B2C,3,24,14:00,18:00,17:24,,29.15
20933,2026-02-13,2026-02-13-PM-V2,7,RA-province,B2C,2,18,14:00,18:00,18:03,,29.15
20934,2026-02-13,2026-02-13-AM-V3,1,FE,B2B,6,107,08:00,10:00,10:18,,94.23
20935,2026-02-13,2026-02-13-AM-V3,2,FE,B2B,9,108,08:00,10:00,11:02,,94.23
20936,2026-02-13,2026-02-13-AM-V3,3,FE,B2C,2,100,08:00,12:00,11:37,,94.23
20937,2026-02-13,2026-02-13-PM-V3,1,RA-province,B2B,4,45,14:00,16:00,15:12,,38.6
20938,2026-02-13,2026-02-13-PM-V3,2,RA-province,B2B,7,42,14:00,16:00,15:39,,38.6
20939,2026-02-13,2026-02-13-PM-V3,3,RA-province,B2C,3,30,14:00,18:00,16:10,,38.6
20940,2026-02-13,2026-02-13-PM-V3,4,RA-province,B2C,1,33,14:00,18:00,16:45,,38.6
20941,2026-02-13,2026-02-13-PM-V3,5,RA-province,B2C,2,17,14:00,18:00,17:10,,38.6
20942,2026-02-14,2026-02-14-AM-V1,1,RA-city,B2B,3,17,08:00,10:00,08:23,,26.1
20943,2026-02-14,2026-02-14-AM-V1,2,RA-city,B2C,2,16,08:00,12:00,08:38,,26.1
20944,2026-02-14,2026-02-14-AM-V1,3,RA-city,B2C,1,6,08:00,12:00,09:08,,26.1
20945,2026-02-14,2026-02-14-AM-V1,4,RA-city,B2C,2,17,08:00,12:00,09:27,,26.1
20946,2026-02-14,2026-02-14-AM-V1,5,RA-city,B2C,4,10,08:00,12:00,09:50,,26.1
20947,2026-02-14,2026-02-14-AM-V1,6,RA-city,B2C,1,7,08:00,12:00,10:25,,26.1
20948,2026-02-14,2026-02-14-PM-V1,1,RA-province,B2B,7,43,14:00,16:00,14:53,,32.82
20949,2026-02-14,2026-02-14-PM-V1,2,RA-province,B2B,3,18,14:00,16:00,15:23,,32.82
20950,2026-02-14,2026-02-14-PM-V1,3,RA-province,B2C,2,27,14:00,18:00,15:49,,32.82
20951,2026-02-14,2026-02-14-PM-V1,4,RA-province,B2C,2,41,14:00,18:00,16:17,,32.82
20952,2026-02-14,2026-02-14-PM-V1,5,RA-province,B2C,1,40,14:00,18:00,16:45,,32.82
20953,2026-02-14,2026-02-14-PM-V1,6,RA-province,B2C,1,18,14:00,18:00,17:19,,32.82
20954,2026-02-14,2026-02-14-AM-V2,1,FC,B2C,2,38,08:00,12:00,08:44,,42.24
20955,2026-02-14,2026-02-14-AM-V2,2,FC,B2C,4,51,08:00,12:00,09:19,,42.24
20956,2026-02-14,2026-02-14-AM-V2,3,FC,B2C,3,25,08:00,12:00,10:06,,42.24
20957,2026-02-14,2026-02-14-AM-V2,4,FC,B2C,1,30,08:00,12:00,10:44,,42.24
20958,2026-02-14,2026-02-14-AM-V2,5,FC,B2C,4,36,08:00,12:00,11:19,,42.24
20959,2026-02-14,2026-02-14-PM-V2,1,RA-city,B2B,8,10,14:00,16:00,14:10,,20.31
20960,2026-02-14,2026-02-14-PM-V2,2,RA-city,B2B,8,19,14:00,16:00,14:41,missing_item,20.31
20961,2026-02-14,2026-02-14-PM-V2,3,RA-city,B2C,4,13,14:00,18:00,15:19,,20.31
20962,2026-02-14,2026-02-14-PM-V2,4,RA-city,B2C,3,20,14:00,18:00,15:53,,20.31
20963,2026-02-14,2026-02-14-PM-V2,5,RA-city,B2C,1,7,14:00,18:00,16:22,wrong_address,20.31
20964,2026-02-14,2026-02-14-PM-V2,6,RA-city,B2C,1,8,14:00,18:00,16:53,,20.31
20965,2026-02-14,2026-02-14-PM-V2,7,RA-city,B2C,1,7,14:00,18:00,17:14,,20.31
20966,2026-02-14,2026-02-14-PM-V2,8,RA-city,B2C,2,15,14:00,18:00,17:32,,20.31
20967,2026-02-14,2026-02-14-AM-V3,1,RN,B2B,8,70,08:00,10:00,09:31,,47.96
20968,2026-02-14,2026-02-14-AM-V3,2,RN,B2C,4,54,08:00,12:00,10:16,,47.96
20969,2026-02-14,2026-02-14-AM-V3,3,RN,B2C,6,49,08:00,12:00,11:01,,47.96
20970,2026-02-14,2026-02-14-AM-V3,4,RN,B2C,4,68,08:00,12:00,11:49,,47.96
20971,2026-02-14,2026-02-14-AM-V3,5,RN,B2C,5,52,08:00,12:00,12:40,,47.96
20972,2026-02-14,2026-02-14-PM-V3,1,RA-city,B2B,7,12,14:00,16:00,14:44,,23.11
20973,2026-02-14,2026-02-14-PM-V3,2,RA-city,B2B,7,15,14:00,16:00,15:11,,23.11
20974,2026-02-14,2026-02-14-PM-V3,3,RA-city,B2B,4,11,14:00,16:00,15:37,,23.11
20975,2026-02-14,2026-02-14-PM-V3,4,RA-city,B2B,6,10,14:00,16:00,16:02,,23.11
20976,2026-02-14,2026-02-14-PM-V3,5,RA-city,B2B,4,14,14:00,16:00,16:26,,23.11
20977,2026-02-14,2026-02-14-PM-V3,6,RA-city,B2C,3,13,14:00,18:00,16:50,,23.11
20978,2026-02-14,2026-02-14-PM-V3,7,RA-city,B2C,3,5,14:00,18:00,17:18,,23.11
20979,2026-02-15,2026-02-15-AM-V1,1,BO,B2B,8,52,08:00,10:00,09:13,,62.55
20980,2026-02-15,2026-02-15-AM-V1,2,BO,B2B,4,78,08:00,10:00,09:53,,62.55
20981,2026-02-15,2026-02-15-AM-V1,3,BO,B2B,9,78,08:00,10:00,10:26,,62.55
20982,2026-02-15,2026-02-15-AM-V1,4,BO,B2B,8,84,08:00,10:00,11:16,,62.55
20983,2026-02-15,2026-02-15-PM-V1,1,RN,B2B,10,77,14:00,16:00,15:55,,40.29
20984,2026-02-15,2026-02-15-PM-V1,2,RN,B2C,4,49,14:00,18:00,16:30,,40.29
20985,2026-02-15,2026-02-15-PM-V1,3,RN,B2C,3,73,14:00,18:00,17:12,,40.29
20986,2026-02-15,2026-02-15-PM-V1,4,RN,B2C,6,68,14:00,18:00,17:45,,40.29
20987,2026-02-15,2026-02-15-PM-V1,5,RN,B2C,2,60,14:00,18:00,18:37,,40.29
20988,2026-02-15,2026-02-15-PM-V1,6,RN,B2C,2,52,14:00,18:00,19:13,,40.29
20989,2026-02-15,2026-02-15-AM-V2,1,FC,B2B,8,48,08:00,10:00,08:52,,38.88
20990,2026-02-15,2026-02-15-AM-V2,2,FC,B2B,6,43,08:00,10:00,09:37,,38.88
20991,2026-02-15,2026-02-15-AM-V2,3,FC,B2C,2,36,08:00,12:00,10:04,,38.88
20992,2026-02-15,2026-02-15-AM-V2,4,FC,B2C,2,42,08:00,12:00,10:38,,38.88
20993,2026-02-15,2026-02-15-AM-V2,5,FC,B2C,1,34,08:00,12:00,11:12,,38.88
20994,2026-02-15,2026-02-15-AM-V2,6,FC,B2C,4,58,08:00,12:00,11:38,,38.88
20995,2026-02-15,2026-02-15-PM-V2,1,FC,B2C,4,43,14:00,18:00,15:04,,38.23
20996,2026-02-15,2026-02-15-PM-V2,2,FC,B2C,3,55,14:00,18:00,15:55,,38.23
20997,2026-02-15,2026-02-15-PM-V2,3,FC,B2C,3,57,14:00,18:00,16:34,,38.23
20998,2026-02-15,2026-02-15-PM-V2,4,FC,B2C,4,55,14:00,18:00,17:15,wrong_address,38.23
20999,2026-02-15,2026-02-15-PM-V2,5,FC,B2C,2,42,14:00,18:00,18:08,,38.23
21000,2026-02-15,2026-02-15-PM-V2,6,FC,B2C,1,50,14:00,18:00,18:38,,38.23
21001,2026-02-15,2026-02-15-AM-V3,1,RN,B2B,5,55,08:00,10:00,08:59,,56.38
21002,2026-02-15,2026-02-15-AM-V3,2,RN,B2C,2,56,08:00,12:00,09:24,,56.38
21003,2026-02-15,2026-02-15-AM-V3,3,RN,B2C,2,69,08:00,12:00,10:05,transport_damage,56.38
21004,2026-02-15,2026-02-15-AM-V3,4,RN,B2C,2,63,08:00,12:00,10:52,,56.38
21005,2026-02-15,2026-02-15-PM-V3,1,RA-city,B2B,7,13,14:00,16:00,14:13,,24.14
21006,2026-02-15,2026-02-15-PM-V3,2,RA-city,B2B,4,16,14:00,16:00,14:43,,24.14
21007,2026-02-15,2026-02-15-PM-V3,3,RA-city,B2B,6,18,14:00,16:00,15:08,,24.14
21008,2026-02-15,2026-02-15-PM-V3,4,RA-city,B2C,4,18,14:00,18:00,15:31,,24.14
21009,2026-02-15,2026-02-15-PM-V3,5,RA-city,B2C,2,19,14:00,18:00,16:07,,24.14
21010,2026-02-15,2026-02-15-PM-V3,6,RA-city,B2C,4,19,14:00,18:00,16:33,,24.14
21011,2026-02-15,2026-02-15-PM-V3,7,RA-city,B2C,2,17,14:00,18:00,17:09,,24.14
21012,2026-02-18,2026-02-18-AM-V1,1,RN,B2B,4,64,08:00,10:00,09:25,,46.4
21013,2026-02-18,2026-02-18-AM-V1,2,RN,B2B,9,49,08:00,10:00,09:51,,46.4
21014,2026-02-18,2026-02-18-AM-V1,3,RN,B2C,6,52,08:00,12:00,10:38,,46.4
21015,2026-02-18,2026-02-18-AM-V1,4,RN,B2C,6,71,08:00,12:00,11:29,,46.4
21016,2026-02-18,2026-02-18-AM-V1,5,RN,B2C,2,50,08:00,12:00,12:21,,46.4
21017,2026-02-18,2026-02-18-PM-V1,1,FC,B2C,1,55,14:00,18:00,15:15,,44.19
21018,2026-02-18,2026-02-18-PM-V1,2,FC,B2C,3,26,14:00,18:00,15:45,,44.19
21019,2026-02-18,2026-02-18-PM-V1,3,FC,B2C,4,52,14:00,18:00,16:25,,44.19
21020,2026-02-18,2026-02-18-PM-V1,4,FC,B2C,3,31,14:00,18:00,17:15,,44.19
21021,2026-02-18,2026-02-18-PM-V1,5,FC,B2C,1,37,14:00,18:00,17:54,,44.19
21022,2026-02-18,2026-02-18-AM-V2,1,RA-city,B2B,8,5,08:00,10:00,08:05,,26.86
21023,2026-02-18,2026-02-18-AM-V2,2,RA-city,B2B,6,17,08:00,10:00,08:35,,26.86
21024,2026-02-18,2026-02-18-AM-V2,3,RA-city,B2C,4,15,08:00,12:00,09:05,,26.86
21025,2026-02-18,2026-02-18-AM-V2,4,RA-city,B2C,4,10,08:00,12:00,09:42,,26.86
21026,2026-02-18,2026-02-18-AM-V2,5,RA-city,B2C,3,19,08:00,12:00,10:19,,26.86
21027,2026-02-18,2026-02-18-AM-V2,6,RA-city,B2C,2,13,08:00,12:00,10:52,,26.86
21028,2026-02-18,2026-02-18-PM-V2,1,RN,B2B,9,71,14:00,16:00,15:33,missing_item,42.68
21029,2026-02-18,2026-02-18-PM-V2,2,RN,B2B,9,58,14:00,16:00,16:20,,42.68
21030,2026-02-18,2026-02-18-PM-V2,3,RN,B2B,10,53,14:00,16:00,16:58,,42.68
21031,2026-02-18,2026-02-18-PM-V2,4,RN,B2B,8,45,14:00,16:00,17:43,,42.68
21032,2026-02-18,2026-02-18-PM-V2,5,RN,B2C,3,71,14:00,18:00,18:23,,42.68
21033,2026-02-18,2026-02-18-PM-V2,6,RN,B2C,2,65,14:00,18:00,19:03,,42.68
21034,2026-02-18,2026-02-18-AM-V3,1,BO,B2C,2,89,08:00,12:00,10:09,,51.6
21035,2026-02-18,2026-02-18-AM-V3,2,BO,B2C,4,67,08:00,12:00,10:58,,51.6
21036,2026-02-18,2026-02-18-AM-V3,3,BO,B2C,6,70,08:00,12:00,11:38,,51.6
21037,2026-02-18,2026-02-18-AM-V3,4,BO,B2C,2,80,08:00,12:00,12:33,,51.6
21038,2026-02-18,2026-02-18-AM-V3,5,BO,B2C,5,56,08:00,12:00,13:06,missing_item,51.6
21039,2026-02-19,2026-02-19-AM-V1,1,RA-city,B2B,8,6,08:00,10:00,08:06,transport_damage,22.46
21040,2026-02-19,2026-02-19-AM-V1,2,RA-city,B2C,2,20,08:00,12:00,08:44,,22.46
21041,2026-02-19,2026-02-19-AM-V1,3,RA-city,B2C,3,20,08:00,12:00,09:09,,22.46
21042,2026-02-19,2026-02-19-AM-V1,4,RA-city,B2C,3,12,08:00,12:00,09:43,,22.46
21043,2026-02-19,2026-02-19-AM-V1,5,RA-city,B2C,3,8,08:00,12:00,10:11,,22.46
21044,2026-02-19,2026-02-19-AM-V1,6,RA-city,B2C,4,18,08:00,12:00,10:43,,22.46
21045,2026-02-19,2026-02-19-AM-V1,7,RA-city,B2C,3,11,08:00,12:00,11:17,,22.46
21046,2026-02-19,2026-02-19-PM-V1,1,RA-province,B2B,3,31,14:00,16:00,14:39,,31.66
21047,2026-02-19,2026-02-19-PM-V1,2,RA-province,B2B,4,27,14:00,16:00,15:04,,31.66
21048,2026-02-19,2026-02-19-PM-V1,3,RA-province,B2C,4,45,14:00,18:00,15:35,,31.66
21049,2026-02-19,2026-02-19-PM-V1,4,RA-province,B2C,2,35,14:00,18:00,16:23,,31.66
21050,2026-02-19,2026-02-19-PM-V1,5,RA-province,B2C,1,44,14:00,18:00,16:55,,31.66
21051,2026-02-19,2026-02-19-PM-V1,6,RA-province,B2C,2,39,14:00,18:00,17:22,,31.66
21052,2026-02-19,2026-02-19-PM-V1,7,RA-province,B2C,3,37,14:00,18:00,17:57,,31.66
21053,2026-02-19,2026-02-19-AM-V2,1,FC,B2B,7,46,08:00,10:00,09:09,,39.97
21054,2026-02-19,2026-02-19-AM-V2,2,FC,B2B,7,30,08:00,10:00,09:47,,39.97
21055,2026-02-19,2026-02-19-AM-V2,3,FC,B2C,2,34,08:00,12:00,10:18,,39.97
21056,2026-02-19,2026-02-19-AM-V2,4,FC,B2C,4,42,08:00,12:00,11:01,,39.97
21057,2026-02-19,2026-02-19-AM-V2,5,FC,B2C,2,47,08:00,12:00,11:57,,39.97
21058,2026-02-19,2026-02-19-AM-V2,6,FC,B2C,1,54,08:00,12:00,12:40,,39.97
21059,2026-02-19,2026-02-19-PM-V2,1,RA-province,B2B,7,22,14:00,16:00,14:40,,28.78
21060,2026-02-19,2026-02-19-PM-V2,2,RA-province,B2B,6,17,14:00,16:00,15:06,,28.78
21061,2026-02-19,2026-02-19-PM-V2,3,RA-province,B2C,2,38,14:00,18:00,15:33,,28.78
21062,2026-02-19,2026-02-19-PM-V2,4,RA-province,B2C,1,44,14:00,18:00,16:01,,28.78
21063,2026-02-19,2026-02-19-PM-V2,5,RA-province,B2C,3,38,14:00,18:00,16:30,,28.78
21064,2026-02-19,2026-02-19-PM-V2,6,RA-province,B2C,2,24,14:00,18:00,17:10,,28.78
21065,2026-02-19,2026-02-19-PM-V2,7,RA-province,B2C,4,37,14:00,18:00,17:45,,28.78
21066,2026-02-19,2026-02-19-AM-V3,1,FE,B2B,10,83,08:00,10:00,09:53,,66.45
21067,2026-02-19,2026-02-19-AM-V3,2,FE,B2B,6,71,08:00,10:00,10:31,transport_damage,66.45
21068,2026-02-19,2026-02-19-AM-V3,3,FE,B2C,4,62,08:00,12:00,11:18,missing_item,66.45
21069,2026-02-19,2026-02-19-AM-V3,4,FE,B2C,4,83,08:00,12:00,12:31,,66.45
21070,2026-02-19,2026-02-19-PM-V3,1,FC,B2B,4,55,14:00,16:00,15:55,,46.14
21071,2026-02-19,2026-02-19-PM-V3,2,FC,B2B,6,31,14:00,16:00,16:30,,46.14
21072,2026-02-19,2026-02-19-PM-V3,3,FC,B2C,2,58,14:00,18:00,17:02,,46.14
21073,2026-02-19,2026-02-19-PM-V3,4,FC,B2C,2,51,14:00,18:00,17:40,,46.14
21074,2026-02-19,2026-02-19-PM-V3,5,FC,B2C,4,48,14:00,18:00,18:21,,46.14
21075,2026-02-20,2026-02-20-AM-V1,1,RA-city,B2B,6,16,08:00,10:00,08:23,,27.83
21076,2026-02-20,2026-02-20-AM-V1,2,RA-city,B2C,2,14,08:00,12:00,08:44,,27.83
21077,2026-02-20,2026-02-20-AM-V1,3,RA-city,B2C,2,17,08:00,12:00,09:13,,27.83
21078,2026-02-20,2026-02-20-AM-V1,4,RA-city,B2C,1,18,08:00,12:00,09:38,,27.83
21079,2026-02-20,2026-02-20-AM-V1,5,RA-city,B2C,4,14,08:00,12:00,09:59,,27.83
21080,2026-02-20,2026-02-20-AM-V1,6,RA-city,B2C,2,19,08:00,12:00,10:40,,27.83
21081,2026-02-20,2026-02-20-PM-V1,1,RA-city,B2B,7,17,14:00,16:00,14:18,,26.86
21082,2026-02-20,2026-02-20-PM-V1,2,RA-city,B2B,6,18,14:00,16:00,14:42,,26.86
21083,2026-02-20,2026-02-20-PM-V1,3,RA-city,B2B,4,10,14:00,16:00,15:04,,26.86
21084,2026-02-20,2026-02-20-PM-V1,4,RA-city,B2C,1,11,14:00,18:00,15:24,,26.86
21085,2026-02-20,2026-02-20-PM-V1,5,RA-city,B2C,3,10,14:00,18:00,15:45,,26.86
21086,2026-02-20,2026-02-20-PM-V1,6,RA-city,B2C,4,14,14:00,18:00,16:14,,26.86
21087,2026-02-20,2026-02-20-AM-V2,1,RA-city,B2C,4,6,08:00,12:00,08:08,,26.97
21088,2026-02-20,2026-02-20-AM-V2,2,RA-city,B2C,3,17,08:00,12:00,08:46,,26.97
21089,2026-02-20,2026-02-20-AM-V2,3,RA-city,B2C,4,16,08:00,12:00,09:19,,26.97
21090,2026-02-20,2026-02-20-AM-V2,4,RA-city,B2C,2,20,08:00,12:00,09:58,,26.97
21091,2026-02-20,2026-02-20-AM-V2,5,RA-city,B2C,2,13,08:00,12:00,10:27,,26.97
21092,2026-02-20,2026-02-20-AM-V2,6,RA-city,B2C,4,11,08:00,12:00,10:56,,26.97
21093,2026-02-20,2026-02-20-PM-V2,1,RN,B2B,6,60,14:00,16:00,15:15,,46.53
21094,2026-02-20,2026-02-20-PM-V2,2,RN,B2C,5,51,14:00,18:00,15:57,,46.53
21095,2026-02-20,2026-02-20-PM-V2,3,RN,B2C,2,79,14:00,18:00,16:47,,46.53
21096,2026-02-20,2026-02-20-PM-V2,4,RN,B2C,5,46,14:00,18:00,17:20,,46.53
21097,2026-02-20,2026-02-20-PM-V2,5,RN,B2C,6,52,14:00,18:00,18:07,,46.53
21098,2026-02-20,2026-02-20-AM-V3,1,RA-city,B2B,3,13,08:00,10:00,08:15,missing_item,26.64
21099,2026-02-20,2026-02-20-AM-V3,2,RA-city,B2B,4,17,08:00,10:00,08:45,,26.64
21100,2026-02-20,2026-02-20-AM-V3,3,RA-city,B2C,4,7,08:00,12:00,09:04,,26.64
21101,2026-02-20,2026-02-20-AM-V3,4,RA-city,B2C,4,8,08:00,12:00,09:42,,26.64
21102,2026-02-20,2026-02-20-AM-V3,5,RA-city,B2C,2,8,08:00,12:00,10:15,,26.64
21103,2026-02-20,2026-02-20-AM-V3,6,RA-city,B2C,1,12,08:00,12:00,10:43,,26.64
21104,2026-02-20,2026-02-20-PM-V3,1,FE,B2B,6,98,14:00,16:00,15:39,,57.84
21105,2026-02-20,2026-02-20-PM-V3,2,FE,B2B,4,66,14:00,16:00,16:17,,57.84
21106,2026-02-20,2026-02-20-PM-V3,3,FE,B2C,2,108,14:00,18:00,16:44,,57.84
21107,2026-02-20,2026-02-20-PM-V3,4,FE,B2C,5,84,14:00,18:00,17:22,missing_item,57.84
21108,2026-02-20,2026-02-20-PM-V3,5,FE,B2C,4,87,14:00,18:00,18:33,,57.84
21109,2026-02-21,2026-02-21-AM-V1,1,BO,B2B,10,56,08:00,10:00,09:04,,58.16
21110,2026-02-21,2026-02-21-AM-V1,2,BO,B2B,4,81,08:00,10:00,09:51,,58.16
21111,2026-02-21,2026-02-21-AM-V1,3,BO,B2C,6,69,08:00,12:00,10:21,,58.16
21112,2026-02-21,2026-02-21-AM-V1,4,BO,B2C,3,59,08:00,12:00,11:28,,58.16
21113,2026-02-21,2026-02-21-PM-V1,1,RA-province,B2B,4,37,14:00,16:00,14:49,,31.01
21114,2026-02-21,2026-02-21-PM-V1,2,RA-province,B2B,7,45,14:00,16:00,15:16,,31.01
21115,2026-02-21,2026-02-21-PM-V1,3,RA-province,B2B,4,37,14:00,16:00,15:45,,31.01
21116,2026-02-21,2026-02-21-PM-V1,4,RA-province,B2B,8,25,14:00,16:00,16:06,,31.01
21117,2026-02-21,2026-02-21-PM-V1,5,RA-province,B2C,2,35,14:00,18:00,16:46,,31.01
21118,2026-02-21,2026-02-21-PM-V1,6,RA-province,B2C,1,40,14:00,18:00,17:19,,31.01
21119,2026-02-21,2026-02-21-PM-V1,7,RA-province,B2C,4,44,14:00,18:00,17:43,,31.01
21120,2026-02-21,2026-02-21-AM-V2,1,FE,B2B,10,80,08:00,10:00,09:33,,69.05
21121,2026-02-21,2026-02-21-AM-V2,2,FE,B2C,5,110,08:00,12:00,10:12,,69.05
21122,2026-02-21,2026-02-21-AM-V2,3,FE,B2C,6,77,08:00,12:00,11:05,,69.05
21123,2026-02-21,2026-02-21-AM-V2,4,FE,B2C,2,107,08:00,12:00,12:06,,69.05
21124,2026-02-21,2026-02-21-PM-V2,1,RA-province,B2B,5,42,14:00,16:00,15:37,,30.36
21125,2026-02-21,2026-02-21-PM-V2,2,RA-province,B2B,3,39,14:00,16:00,16:04,,30.36
21126,2026-02-21,2026-02-21-PM-V2,3,RA-province,B2B,7,43,14:00,16:00,16:31,,30.36
21127,2026-02-21,2026-02-21-PM-V2,4,RA-province,B2B,5,23,14:00,16:00,17:06,,30.36
21128,2026-02-21,2026-02-21-PM-V2,5,RA-province,B2C,2,31,14:00,18:00,17:35,,30.36
21129,2026-02-21,2026-02-21-PM-V2,6,RA-province,B2C,1,27,14:00,18:00,18:14,,30.36
21130,2026-02-21,2026-02-21-PM-V2,7,RA-province,B2C,2,26,14:00,18:00,18:37,,30.36
21131,2026-02-21,2026-02-21-AM-V3,1,RN,B2B,8,66,08:00,10:00,09:39,,54.42
21132,2026-02-21,2026-02-21-AM-V3,2,RN,B2B,8,45,08:00,10:00,10:17,,54.42
21133,2026-02-21,2026-02-21-AM-V3,3,RN,B2C,4,50,08:00,12:00,10:46,,54.42
21134,2026-02-21,2026-02-21-AM-V3,4,RN,B2C,6,45,08:00,12:00,11:27,,54.42
21135,2026-02-21,2026-02-21-PM-V3,1,FE,B2C,6,101,14:00,18:00,15:58,,69.38
21136,2026-02-21,2026-02-21-PM-V3,2,FE,B2C,6,71,14:00,18:00,16:49,,69.38
21137,2026-02-21,2026-02-21-PM-V3,3,FE,B2C,3,67,14:00,18:00,17:45,,69.38
21138,2026-02-21,2026-02-21-PM-V3,4,FE,B2C,3,94,14:00,18:00,18:26,,69.38
21139,2026-02-22,2026-02-22-AM-V1,1,FE,B2B,5,75,08:00,10:00,09:50,,56.8
21140,2026-02-22,2026-02-22-AM-V1,2,FE,B2C,4,92,08:00,12:00,10:34,,56.8
21141,2026-02-22,2026-02-22-AM-V1,3,FE,B2C,5,93,08:00,12:00,11:29,,56.8
21142,2026-02-22,2026-02-22-AM-V1,4,FE,B2C,5,76,08:00,12:00,12:31,,56.8
21143,2026-02-22,2026-02-22-AM-V1,5,FE,B2C,6,85,08:00,12:00,13:26,,56.8
21144,2026-02-22,2026-02-22-AM-V2,1,RA-province,B2B,6,29,08:00,10:00,08:41,,38.34
21145,2026-02-22,2026-02-22-AM-V2,2,RA-province,B2C,1,28,08:00,12:00,09:10,,38.34
21146,2026-02-22,2026-02-22-AM-V2,3,RA-province,B2C,3,18,08:00,12:00,09:34,,38.34
21147,2026-02-22,2026-02-22-AM-V2,4,RA-province,B2C,2,18,08:00,12:00,10:14,,38.34
21148,2026-02-22,2026-02-22-AM-V2,5,RA-province,B2C,2,35,08:00,12:00,10:41,,38.34
21149,2026-02-22,2026-02-22-PM-V2,1,RA-province,B2B,6,29,14:00,16:00,14:33,,29.99
21150,2026-02-22,2026-02-22-PM-V2,2,RA-province,B2C,4,36,14:00,18:00,15:01,,29.99
21151,2026-02-22,2026-02-22-PM-V2,3,RA-province,B2C,1,33,14:00,18:00,15:45,,29.99
21152,2026-02-22,2026-02-22-PM-V2,4,RA-province,B2C,1,34,14:00,18:00,16:08,,29.99
21153,2026-02-22,2026-02-22-PM-V2,5,RA-province,B2C,1,31,14:00,18:00,16:34,,29.99
21154,2026-02-22,2026-02-22-PM-V2,6,RA-province,B2C,3,28,14:00,18:00,17:05,,29.99
21155,2026-02-22,2026-02-22-PM-V2,7,RA-province,B2C,4,40,14:00,18:00,17:38,,29.99
21156,2026-02-22,2026-02-22-AM-V3,1,BO,B2B,4,78,08:00,10:00,09:29,,53.16
21157,2026-02-22,2026-02-22-AM-V3,2,BO,B2C,3,80,08:00,12:00,09:53,,53.16
21158,2026-02-22,2026-02-22-AM-V3,3,BO,B2C,4,68,08:00,12:00,10:38,,53.16
21159,2026-02-22,2026-02-22-AM-V3,4,BO,B2C,2,80,08:00,12:00,11:22,,53.16
21160,2026-02-22,2026-02-22-AM-V3,5,BO,B2C,2,83,08:00,12:00,11:56,,53.16
21161,2026-02-22,2026-02-22-PM-V3,1,RA-city,B2B,3,18,14:00,16:00,14:28,,21.52
21162,2026-02-22,2026-02-22-PM-V3,2,RA-city,B2C,1,14,14:00,18:00,14:50,,21.52
21163,2026-02-22,2026-02-22-PM-V3,3,RA-city,B2C,2,17,14:00,18:00,15:11,,21.52
21164,2026-02-22,2026-02-22-PM-V3,4,RA-city,B2C,3,9,14:00,18:00,15:43,,21.52
21165,2026-02-22,2026-02-22-PM-V3,5,RA-city,B2C,1,19,14:00,18:00,16:12,,21.52
21166,2026-02-22,2026-02-22-PM-V3,6,RA-city,B2C,1,9,14:00,18:00,16:31,,21.52
21167,2026-02-22,2026-02-22-PM-V3,7,RA-city,B2C,2,17,14:00,18:00,16:58,,21.52
21168,2026-02-22,2026-02-22-PM-V3,8,RA-city,B2C,4,8,14:00,18:00,17:25,,21.52
21169,2026-02-25,2026-02-25-AM-V1,1,RA-province,B2B,5,43,08:00,10:00,08:47,,31.66
21170,2026-02-25,2026-02-25-AM-V1,2,RA-province,B2C,2,31,08:00,12:00,09:17,,31.66
21171,2026-02-25,2026-02-25-AM-V1,3,RA-province,B2C,2,29,08:00,12:00,09:45,,31.66
21172,2026-02-25,2026-02-25-AM-V1,4,RA-province,B2C,3,27,08:00,12:00,10:22,,31.66
21173,2026-02-25,2026-02-25-AM-V1,5,RA-province,B2C,2,18,08:00,12:00,11:00,,31.66
21174,2026-02-25,2026-02-25-AM-V1,6,RA-province,B2C,1,24,08:00,12:00,11:40,,31.66
21175,2026-02-25,2026-02-25-AM-V1,7,RA-province,B2C,4,35,08:00,12:00,12:08,,31.66
21176,2026-02-25,2026-02-25-PM-V1,1,RA-city,B2B,7,9,14:00,16:00,14:11,,24.6
21177,2026-02-25,2026-02-25-PM-V1,2,RA-city,B2B,7,11,14:00,16:00,14:38,,24.6
21178,2026-02-25,2026-02-25-PM-V1,3,RA-city,B2C,3,5,14:00,18:00,15:08,,24.6
21179,2026-02-25,2026-02-25-PM-V1,4,RA-city,B2C,2,8,14:00,18:00,15:43,,24.6
21180,2026-02-25,2026-02-25-PM-V1,5,RA-city,B2C,1,13,14:00,18:00,16:12,,24.6
21181,2026-02-25,2026-02-25-PM-V1,6,RA-city,B2C,4,10,14:00,18:00,16:37,,24.6
21182,2026-02-25,2026-02-25-PM-V1,7,RA-city,B2C,2,14,14:00,18:00,17:18,,24.6
21183,2026-02-25,2026-02-25-AM-V2,1,BO,B2C,3,80,08:00,12:00,09:27,,65.96
21184,2026-02-25,2026-02-25-AM-V2,2,BO,B2C,4,63,08:00,12:00,10:21,,65.96
21185,2026-02-25,2026-02-25-AM-V2,3,BO,B2C,5,62,08:00,12:00,11:09,,65.96
21186,2026-02-25,2026-02-25-AM-V2,4,BO,B2C,5,77,08:00,12:00,12:03,,65.96
21187,2026-02-25,2026-02-25-PM-V2,1,FE,B2B,7,74,14:00,16:00,15:40,,63.2
21188,2026-02-25,2026-02-25-PM-V2,2,FE,B2B,5,74,14:00,16:00,16:13,,63.2
21189,2026-02-25,2026-02-25-PM-V2,3,FE,B2C,5,61,14:00,18:00,16:46,,63.2
21190,2026-02-25,2026-02-25-PM-V2,4,FE,B2C,5,70,14:00,18:00,17:49,,63.2
21191,2026-02-25,2026-02-25-AM-V3,1,RA-city,B2B,4,9,08:00,10:00,08:10,,27.51
21192,2026-02-25,2026-02-25-AM-V3,2,RA-city,B2C,3,18,08:00,12:00,08:32,,27.51
21193,2026-02-25,2026-02-25-AM-V3,3,RA-city,B2C,2,6,08:00,12:00,09:09,,27.51
21194,2026-02-25,2026-02-25-AM-V3,4,RA-city,B2C,1,5,08:00,12:00,09:38,,27.51
21195,2026-02-25,2026-02-25-AM-V3,5,RA-city,B2C,2,20,08:00,12:00,09:59,,27.51
21196,2026-02-25,2026-02-25-AM-V3,6,RA-city,B2C,4,17,08:00,12:00,10:25,,27.51
21197,2026-02-25,2026-02-25-PM-V3,1,RA-province,B2B,7,37,14:00,16:00,14:47,,29.43
21198,2026-02-25,2026-02-25-PM-V3,2,RA-province,B2B,7,28,14:00,16:00,15:14,,29.43
21199,2026-02-25,2026-02-25-PM-V3,3,RA-province,B2B,3,28,14:00,16:00,15:45,,29.43
21200,2026-02-25,2026-02-25-PM-V3,4,RA-province,B2C,1,45,14:00,18:00,16:10,,29.43
21201,2026-02-25,2026-02-25-PM-V3,5,RA-province,B2C,2,31,14:00,18:00,16:32,,29.43
21202,2026-02-25,2026-02-25-PM-V3,6,RA-province,B2C,4,32,14:00,18:00,17:05,,29.43
21203,2026-02-25,2026-02-25-PM-V3,7,RA-province,B2C,2,34,14:00,18:00,17:47,,29.43
21204,2026-02-26,2026-02-26-AM-V1,1,FC,B2B,6,44,08:00,10:00,08:43,,38.34
21205,2026-02-26,2026-02-26-AM-V1,2,FC,B2C,1,58,08:00,12:00,09:19,transport_damage,38.34
21206,2026-02-26,2026-02-26-AM-V1,3,FC,B2C,1,27,08:00,12:00,10:05,,38.34
21207,2026-02-26,2026-02-26-AM-V1,4,FC,B2C,1,54,08:00,12:00,10:33,,38.34
21208,2026-02-26,2026-02-26-AM-V1,5,FC,B2C,1,48,08:00,12:00,11:03,,38.34
21209,2026-02-26,2026-02-26-AM-V1,6,FC,B2C,3,50,08:00,12:00,11:39,,38.34
21210,2026-02-26,2026-02-26-PM-V1,1,RA-province,B2B,6,18,14:00,16:00,14:23,,33.25
21211,2026-02-26,2026-02-26-PM-V1,2,RA-province,B2B,5,29,14:00,16:00,14:58,,33.25
21212,2026-02-26,2026-02-26-PM-V1,3,RA-province,B2C,2,20,14:00,18:00,15:21,,33.25
21213,2026-02-26,2026-02-26-PM-V1,4,RA-province,B2C,1,42,14:00,18:00,15:56,,33.25
21214,2026-02-26,2026-02-26-PM-V1,5,RA-province,B2C,1,21,14:00,18:00,16:26,,33.25
21215,2026-02-26,2026-02-26-PM-V1,6,RA-province,B2C,4,41,14:00,18:00,16:50,,33.25
21216,2026-02-26,2026-02-26-AM-V2,1,RA-city,B2B,4,8,08:00,10:00,08:11,,25.67
21217,2026-02-26,2026-02-26-AM-V2,2,RA-city,B2B,8,9,08:00,10:00,08:33,,25.67
21218,2026-02-26,2026-02-26-AM-V2,3,RA-city,B2B,5,7,08:00,10:00,09:05,,25.67
21219,2026-02-26,2026-02-26-AM-V2,4,RA-city,B2C,3,14,08:00,12:00,09:27,,25.67
21220,2026-02-26,2026-02-26-AM-V2,5,RA-city,B2C,3,17,08:00,12:00,09:55,,25.67
21221,2026-02-26,2026-02-26-AM-V2,6,RA-city,B2C,1,6,08:00,12:00,10:24,,25.67
21222,2026-02-26,2026-02-26-PM-V2,1,FC,B2B,4,49,14:00,16:00,14:58,,36.07
21223,2026-02-26,2026-02-26-PM-V2,2,FC,B2B,5,49,14:00,16:00,15:23,,36.07
21224,2026-02-26,2026-02-26-PM-V2,3,FC,B2B,5,45,14:00,16:00,15:49,missing_item,36.07
21225,2026-02-26,2026-02-26-PM-V2,4,FC,B2C,2,42,14:00,18:00,16:39,,36.07
21226,2026-02-26,2026-02-26-PM-V2,5,FC,B2C,1,50,14:00,18:00,17:16,,36.07
21227,2026-02-26,2026-02-26-PM-V2,6,FC,B2C,4,25,14:00,18:00,17:44,,36.07
21228,2026-02-26,2026-02-26-AM-V3,1,RA-city,B2B,8,20,08:00,10:00,08:30,,28.05
21229,2026-02-26,2026-02-26-AM-V3,2,RA-city,B2C,3,12,08:00,12:00,09:02,,28.05
21230,2026-02-26,2026-02-26-AM-V3,3,RA-city,B2C,1,13,08:00,12:00,09:35,,28.05
21231,2026-02-26,2026-02-26-AM-V3,4,RA-city,B2C,4,12,08:00,12:00,09:53,,28.05
21232,2026-02-26,2026-02-26-AM-V3,5,RA-city,B2C,3,6,08:00,12:00,10:27,,28.05
21233,2026-02-26,2026-02-26-AM-V3,6,RA-city,B2C,3,17,08:00,12:00,10:57,wrong_address,28.05
21234,2026-02-26,2026-02-26-PM-V3,1,RA-province,B2B,6,24,14:00,16:00,14:34,,31.52
21235,2026-02-26,2026-02-26-PM-V3,2,RA-province,B2B,8,20,14:00,16:00,14:58,,31.52
21236,2026-02-26,2026-02-26-PM-V3,3,RA-province,B2C,2,36,14:00,18:00,15:27,,31.52
21237,2026-02-26,2026-02-26-PM-V3,4,RA-province,B2C,3,42,14:00,18:00,16:02,,31.52
21238,2026-02-26,2026-02-26-PM-V3,5,RA-province,B2C,1,18,14:00,18:00,16:39,,31.52
21239,2026-02-26,2026-02-26-PM-V3,6,RA-province,B2C,4,26,14:00,18:00,17:12,,31.52
21240,2026-02-27,2026-02-27-AM-V1,1,RA-province,B2B,7,35,08:00,10:00,08:51,,33.03
21241,2026-02-27,2026-02-27-AM-V1,2,RA-province,B2B,4,29,08:00,10:00,09:28,,33.03
21242,2026-02-27,2026-02-27-AM-V1,3,RA-province,B2B,6,24,08:00,10:00,09:51,,33.03
21243,2026-02-27,2026-02-27-AM-V1,4,RA-province,B2C,1,21,08:00,12:00,10:21,,33.03
21244,2026-02-27,2026-02-27-AM-V1,5,RA-province,B2C,4,15,08:00,12:00,10:51,,33.03
21245,2026-02-27,2026-02-27-AM-V1,6,RA-province,B2C,4,16,08:00,12:00,11:38,,33.03
21246,2026-02-27,2026-02-27-PM-V1,1,RA-city,B2B,5,7,14:00,16:00,14:09,,25.99
21247,2026-02-27,2026-02-27-PM-V1,2,RA-city,B2B,4,16,14:00,16:00,14:31,,25.99
21248,2026-02-27,2026-02-27-PM-V1,3,RA-city,B2B,6,14,14:00,16:00,14:53,,25.99
21249,2026-02-27,2026-02-27-PM-V1,4,RA-city,B2B,7,7,14:00,16:00,15:18,,25.99
21250,2026-02-27,2026-02-27-PM-V1,5,RA-city,B2C,3,5,14:00,18:00,15:47,,25.99
21251,2026-02-27,2026-02-27-PM-V1,6,RA-city,B2C,1,9,14:00,18:00,16:16,,25.99
21252,2026-02-27,2026-02-27-AM-V2,1,FC,B2B,7,38,08:00,10:00,08:56,,46.4
21253,2026-02-27,2026-02-27-AM-V2,2,FC,B2B,4,54,08:00,10:00,09:41,,46.4
21254,2026-02-27,2026-02-27-AM-V2,3,FC,B2C,2,50,08:00,12:00,10:17,,46.4
21255,2026-02-27,2026-02-27-AM-V2,4,FC,B2C,4,49,08:00,12:00,10:59,,46.4
21256,2026-02-27,2026-02-27-AM-V2,5,FC,B2C,2,54,08:00,12:00,11:44,,46.4
21257,2026-02-27,2026-02-27-PM-V2,1,RA-city,B2B,4,15,14:00,16:00,14:21,,21.2
21258,2026-02-27,2026-02-27-PM-V2,2,RA-city,B2C,4,15,14:00,18:00,14:44,,21.2
21259,2026-02-27,2026-02-27-PM-V2,3,RA-city,B2C,2,20,14:00,18:00,15:21,,21.2
21260,2026-02-27,2026-02-27-PM-V2,4,RA-city,B2C,2,20,14:00,18:00,15:52,,21.2
21261,2026-02-27,2026-02-27-PM-V2,5,RA-city,B2C,2,16,14:00,18:00,16:19,,21.2
21262,2026-02-27,2026-02-27-PM-V2,6,RA-city,B2C,3,18,14:00,18:00,16:45,,21.2
21263,2026-02-27,2026-02-27-PM-V2,7,RA-city,B2C,1,8,14:00,18:00,17:17,,21.2
21264,2026-02-27,2026-02-27-PM-V2,8,RA-city,B2C,2,7,14:00,18:00,17:36,,21.2
21265,2026-02-27,2026-02-27-AM-V3,1,BO,B2B,6,62,08:00,10:00,09:11,,48.61
21266,2026-02-27,2026-02-27-AM-V3,2,BO,B2C,5,60,08:00,12:00,09:52,,48.61
21267,2026-02-27,2026-02-27-AM-V3,3,BO,B2C,6,74,08:00,12:00,10:52,,48.61
21268,2026-02-27,2026-02-27-AM-V3,4,BO,B2C,6,72,08:00,12:00,11:47,missing_item,48.61
21269,2026-02-27,2026-02-27-AM-V3,5,BO,B2C,5,59,08:00,12:00,12:49,,48.61
21270,2026-02-27,2026-02-27-PM-V3,1,RA-city,B2B,8,19,14:00,16:00,15:11,,20.47
21271,2026-02-27,2026-02-27-PM-V3,2,RA-city,B2B,7,18,14:00,16:00,15:39,,20.47
21272,2026-02-27,2026-02-27-PM-V3,3,RA-city,B2C,3,7,14:00,18:00,16:05,,20.47
21273,2026-02-27,2026-02-27-PM-V3,4,RA-city,B2C,1,18,14:00,18:00,16:35,,20.47
21274,2026-02-27,2026-02-27-PM-V3,5,RA-city,B2C,2,19,14:00,18:00,16:53,,20.47
21275,2026-02-27,2026-02-27-PM-V3,6,RA-city,B2C,4,18,14:00,18:00,17:19,,20.47
21276,2026-02-27,2026-02-27-PM-V3,7,RA-city,B2C,1,19,14:00,18:00,17:56,,20.47
21277,2026-02-27,2026-02-27-PM-V3,8,RA-city,B2C,1,8,14:00,18:00,18:16,,20.47
21278,2026-02-28,2026-02-28-AM-V1,1,BO,B2B,6,82,08:00,10:00,10:04,,50.82
21279,2026-02-28,2026-02-28-AM-V1,2,BO,B2C,2,76,08:00,12:00,10:36,,50.82
21280,2026-02-28,2026-02-28-AM-V1,3,BO,B2C,2,72,08:00,12:00,11:09,,50.82
21281,2026-02-28,2026-02-28-AM-V1,4,BO,B2C,2,79,08:00,12:00,11:43,,50.82
21282,2026-02-28,2026-02-28-AM-V1,5,BO,B2C,6,64,08:00,12:00,12:23,,50.82
21283,2026-02-28,2026-02-28-PM-V1,1,RA-city,B2C,4,14,14:00,18:00,14:49,,21.12
21284,2026-02-28,2026-02-28-PM-V1,2,RA-city,B2C,2,9,14:00,18:00,15:28,,21.12
21285,2026-02-28,2026-02-28-PM-V1,3,RA-city,B2C,3,12,14:00,18:00,15:51,,21.12
21286,2026-02-28,2026-02-28-PM-V1,4,RA-city,B2C,2,6,14:00,18:00,16:22,,21.12
21287,2026-02-28,2026-02-28-PM-V1,5,RA-city,B2C,1,16,14:00,18:00,16:53,,21.12
21288,2026-02-28,2026-02-28-PM-V1,6,RA-city,B2C,4,10,14:00,18:00,17:14,,21.12
21289,2026-02-28,2026-02-28-PM-V1,7,RA-city,B2C,4,8,14:00,18:00,17:51,,21.12
21290,2026-02-28,2026-02-28-PM-V1,8,RA-city,B2C,1,12,14:00,18:00,18:29,,21.12
21291,2026-02-28,2026-02-28-AM-V2,1,RA-city,B2B,7,5,08:00,10:00,08:07,,26.86
21292,2026-02-28,2026-02-28-AM-V2,2,RA-city,B2B,6,7,08:00,10:00,08:34,,26.86
21293,2026-02-28,2026-02-28-AM-V2,3,RA-city,B2B,5,19,08:00,10:00,09:00,,26.86
21294,2026-02-28,2026-02-28-AM-V2,4,RA-city,B2C,4,17,08:00,12:00,09:26,wrong_address,26.86
21295,2026-02-28,2026-02-28-AM-V2,5,RA-city,B2C,1,18,08:00,12:00,10:13,,26.86
21296,2026-02-28,2026-02-28-AM-V2,6,RA-city,B2C,3,19,08:00,12:00,10:33,,26.86
21297,2026-02-28,2026-02-28-PM-V2,1,BO,B2B,7,55,14:00,16:00,14:55,,52.77
21298,2026-02-28,2026-02-28-PM-V2,2,BO,B2B,5,59,14:00,16:00,15:41,,52.77
21299,2026-02-28,2026-02-28-PM-V2,3,BO,B2C,6,66,14:00,18:00,16:22,,52.77
21300,2026-02-28,2026-02-28-PM-V2,4,BO,B2C,6,50,14:00,18:00,17:24,,52.77
21301,2026-02-28,2026-02-28-PM-V2,5,BO,B2C,2,90,14:00,18:00,18:18,,52.77
21302,2026-02-28,2026-02-28-AM-V3,1,RN,B2B,7,80,08:00,10:00,09:55,,61.09
21303,2026-02-28,2026-02-28-AM-V3,2,RN,B2C,3,61,08:00,12:00,10:23,,61.09
21304,2026-02-28,2026-02-28-AM-V3,3,RN,B2C,5,67,08:00,12:00,11:00,,61.09
21305,2026-02-28,2026-02-28-AM-V3,4,RN,B2C,3,69,08:00,12:00,11:48,,61.09
21306,2026-02-28,2026-02-28-PM-V3,1,BO,B2B,8,50,14:00,16:00,15:05,,61.25
21307,2026-02-28,2026-02-28-PM-V3,2,BO,B2B,8,68,14:00,16:00,15:45,,61.25
21308,2026-02-28,2026-02-28-PM-V3,3,BO,B2C,4,84,14:00,18:00,16:18,,61.25
21309,2026-02-28,2026-02-28-PM-V3,4,BO,B2C,6,85,14:00,18:00,17:10,,61.25
21310,2026-03-01,2026-03-01-AM-V1,1,RA-city,B2B,6,13,08:00,10:00,08:14,,21.44
21311,2026-03-01,2026-03-01-AM-V1,2,RA-city,B2B,3,15,08:00,10:00,08:41,,21.44
21312,2026-03-01,2026-03-01-AM-V1,3,RA-city,B2B,6,6,08:00,10:00,09:03,refused,21.44
21313,2026-03-01,2026-03-01-AM-V1,4,RA-city,B2C,4,10,08:00,12:00,09:37,,21.44
21314,2026-03-01,2026-03-01-AM-V1,5,RA-city,B2C,3,13,08:00,12:00,10:14,,21.44
21315,2026-03-01,2026-03-01-AM-V1,6,RA-city,B2C,2,16,08:00,12:00,10:44,,21.44
21316,2026-03-01,2026-03-01-AM-V1,7,RA-city,B2C,3,13,08:00,12:00,11:15,,21.44
21317,2026-03-01,2026-03-01-AM-V1,8,RA-city,B2C,1,18,08:00,12:00,11:45,,21.44
21318,2026-03-01,2026-03-01-PM-V1,1,RA-city,B2B,6,9,14:00,16:00,14:11,,21.2
21319,2026-03-01,2026-03-01-PM-V1,2,RA-city,B2B,5,16,14:00,16:00,14:37,,21.2
21320,2026-03-01,2026-03-01-PM-V1,3,RA-city,B2B,6,5,14:00,16:00,15:02,,21.2
21321,2026-03-01,2026-03-01-PM-V1,4,RA-city,B2C,1,11,14:00,18:00,15:30,wrong_address,21.2
21322,2026-03-01,2026-03-01-PM-V1,5,RA-city,B2C,3,16,14:00,18:00,16:06,,21.2
21323,2026-03-01,2026-03-01-PM-V1,6,RA-city,B2C,4,5,14:00,18:00,16:36,,21.2
21324,2026-03-01,2026-03-01-PM-V1,7,RA-city,B2C,1,8,14:00,18:00,17:17,,21.2
21325,2026-03-01,2026-03-01-PM-V1,8,RA-city,B2C,1,10,14:00,18:00,17:38,,21.2
21326,2026-03-01,2026-03-01-AM-V2,1,RA-province,B2B,4,17,08:00,10:00,08:19,,29.78
21327,2026-03-01,2026-03-01-AM-V2,2,RA-province,B2B,3,39,08:00,10:00,08:40,,29.78
21328,2026-03-01,2026-03-01-AM-V2,3,RA-province,B2C,2,31,08:00,12:00,09:00,,29.78
21329,2026-03-01,2026-03-01-AM-V2,4,RA-province,B2C,3,20,08:00,12:00,09:32,,29.78
21330,2026-03-01,2026-03-01-AM-V2,5,RA-province,B2C,2,18,08:00,12:00,10:10,,29.78
21331,2026-03-01,2026-03-01-AM-V2,6,RA-province,B2C,3,16,08:00,12:00,10:44,,29.78
21332,2026-03-01,2026-03-01-PM-V2,1,FC,B2B,6,31,14:00,16:00,14:42,,41.59
21333,2026-03-01,2026-03-01-PM-V2,2,FC,B2C,4,39,14:00,18:00,15:26,,41.59
21334,2026-03-01,2026-03-01-PM-V2,3,FC,B2C,4,26,14:00,18:00,16:18,,41.59
21335,2026-03-01,2026-03-01-PM-V2,4,FC,B2C,3,37,14:00,18:00,17:08,,41.59
21336,2026-03-01,2026-03-01-PM-V2,5,FC,B2C,2,25,14:00,18:00,17:57,,41.59
21337,2026-03-01,2026-03-01-AM-V3,1,BO,B2B,9,60,08:00,10:00,09:11,,56.7
21338,2026-03-01,2026-03-01-AM-V3,2,BO,B2C,5,70,08:00,12:00,09:50,,56.7
21339,2026-03-01,2026-03-01-AM-V3,3,BO,B2C,4,81,08:00,12:00,10:35,,56.7
21340,2026-03-01,2026-03-01-AM-V3,4,BO,B2C,4,58,08:00,12:00,11:22,,56.7
21341,2026-03-01,2026-03-01-PM-V3,1,RA-city,B2B,7,8,14:00,16:00,14:08,,22.93
21342,2026-03-01,2026-03-01-PM-V3,2,RA-city,B2B,3,17,14:00,16:00,14:37,transport_damage,22.93
21343,2026-03-01,2026-03-01-PM-V3,3,RA-city,B2B,3,5,14:00,16:00,15:06,,22.93
21344,2026-03-01,2026-03-01-PM-V3,4,RA-city,B2B,6,9,14:00,16:00,15:22,,22.93
21345,2026-03-01,2026-03-01-PM-V3,5,RA-city,B2B,4,7,14:00,16:00,15:50,,22.93
21346,2026-03-01,2026-03-01-PM-V3,6,RA-city,B2C,4,15,14:00,18:00,16:07,,22.93
21347,2026-03-01,2026-03-01-PM-V3,7,RA-city,B2C,4,13,14:00,18:00,16:43,,22.93
21348,2026-03-04,2026-03-04-AM-V1,1,RA-city,B2B,5,6,08:00,10:00,08:08,,22.56
21349,2026-03-04,2026-03-04-AM-V1,2,RA-city,B2B,7,13,08:00,10:00,08:32,,22.56
21350,2026-03-04,2026-03-04-AM-V1,3,RA-city,B2B,5,7,08:00,10:00,09:01,,22.56
21351,2026-03-04,2026-03-04-AM-V1,4,RA-city,B2C,1,19,08:00,12:00,09:21,,22.56
21352,2026-03-04,2026-03-04-AM-V1,5,RA-city,B2C,3,19,08:00,12:00,09:40,,22.56
21353,2026-03-04,2026-03-04-AM-V1,6,RA-city,B2C,3,17,08:00,12:00,10:08,,22.56
21354,2026-03-04,2026-03-04-AM-V1,7,RA-city,B2C,2,12,08:00,12:00,10:41,,22.56
21355,2026-03-04,2026-03-04-PM-V1,1,FC,B2B,6,55,14:00,16:00,15:01,,46.27
21356,2026-03-04,2026-03-04-PM-V1,2,FC,B2C,3,38,14:00,18:00,15:40,,46.27
21357,2026-03-04,2026-03-04-PM-V1,3,FC,B2C,3,50,14:00,18:00,16:24,,46.27
21358,2026-03-04,2026-03-04-PM-V1,4,FC,B2C,2,51,14:00,18:00,17:05,,46.27
21359,2026-03-04,2026-03-04-PM-V1,5,FC,B2C,3,42,14:00,18:00,17:42,,46.27
21360,2026-03-04,2026-03-04-AM-V2,1,RA-city,B2C,2,10,08:00,12:00,08:14,,27.18
21361,2026-03-04,2026-03-04-AM-V2,2,RA-city,B2C,3,7,08:00,12:00,08:43,,27.18
21362,2026-03-04,2026-03-04-AM-V2,3,RA-city,B2C,4,9,08:00,12:00,09:13,,27.18
21363,2026-03-04,2026-03-04-AM-V2,4,RA-city,B2C,2,16,08:00,12:00,09:51,,27.18
21364,2026-03-04,2026-03-04-AM-V2,5,RA-city,B2C,2,10,08:00,12:00,10:19,,27.18
21365,2026-03-04,2026-03-04-AM-V2,6,RA-city,B2C,4,16,08:00,12:00,10:45,,27.18
21366,2026-03-04,2026-03-04-PM-V2,1,FE,B2B,7,75,14:00,16:00,15:29,refused,67.1
21367,2026-03-04,2026-03-04-PM-V2,2,FE,B2C,6,66,14:00,18:00,16:24,,67.1
21368,2026-03-04,2026-03-04-PM-V2,3,FE,B2C,5,85,14:00,18:00,17:24,,67.1
21369,2026-03-04,2026-03-04-PM-V2,4,FE,B2C,6,84,14:00,18:00,18:21,,67.1
21370,2026-03-04,2026-03-04-AM-V3,1,RA-province,B2B,6,33,08:00,10:00,08:42,,27.94
21371,2026-03-04,2026-03-04-AM-V3,2,RA-province,B2B,8,20,08:00,10:00,09:14,,27.94
21372,2026-03-04,2026-03-04-AM-V3,3,RA-province,B2C,3,25,08:00,12:00,09:42,,27.94
21373,2026-03-04,2026-03-04-AM-V3,4,RA-province,B2C,4,40,08:00,12:00,10:14,,27.94
21374,2026-03-04,2026-03-04-AM-V3,5,RA-province,B2C,2,27,08:00,12:00,11:02,,27.94
21375,2026-03-04,2026-03-04-AM-V3,6,RA-province,B2C,2,21,08:00,12:00,11:31,,27.94
21376,2026-03-04,2026-03-04-AM-V3,7,RA-province,B2C,1,18,08:00,12:00,12:03,,27.94
21377,2026-03-04,2026-03-04-PM-V3,1,RN,B2B,10,50,14:00,16:00,15:01,,47.7
21378,2026-03-04,2026-03-04-PM-V3,2,RN,B2C,3,54,14:00,18:00,15:35,,47.7
21379,2026-03-04,2026-03-04-PM-V3,3,RN,B2C,3,48,14:00,18:00,16:14,,47.7
21380,2026-03-04,2026-03-04-PM-V3,4,RN,B2C,5,49,14:00,18:00,16:54,,47.7
21381,2026-03-04,2026-03-04-PM-V3,5,RN,B2C,6,76,14:00,18:00,17:44,missing_item,47.7
21382,2026-03-05,2026-03-05-AM-V1,1,RA-province,B2B,7,42,08:00,10:00,08:56,,42.24
21383,2026-03-05,2026-03-05-AM-V1,2,RA-province,B2C,2,38,08:00,12:00,09:24,,42.24
21384,2026-03-05,2026-03-05-AM-V1,3,RA-province,B2C,3,18,08:00,12:00,10:04,,42.24
21385,2026-03-05,2026-03-05-AM-V1,4,RA-province,B2C,4,21,08:00,12:00,10:40,,42.24
21386,2026-03-05,2026-03-05-AM-V1,5,RA-province,B2C,2,44,08:00,12:00,11:22,,42.24
21387,2026-03-05,2026-03-05-PM-V1,1,RA-province,B2B,4,27,14:00,16:00,14:38,missing_item,33.47
21388,2026-03-05,2026-03-05-PM-V1,2,RA-province,B2C,1,23,14:00,18:00,15:18,,33.47
21389,2026-03-05,2026-03-05-PM-V1,3,RA-province,B2C,2,43,14:00,18:00,15:47,,33.47
21390,2026-03-05,2026-03-05-PM-V1,4,RA-province,B2C,4,43,14:00,18:00,16:21,,33.47
21391,2026-03-05,2026-03-05-PM-V1,5,RA-province,B2C,4,33,14:00,18:00,16:59,,33.47
21392,2026-03-05,2026-03-05-PM-V1,6,RA-province,B2C,3,35,14:00,18:00,17:39,,33.47
21393,2026-03-05,2026-03-05-AM-V2,1,RA-city,B2B,6,12,08:00,10:00,08:15,,24.41
21394,2026-03-05,2026-03-05-AM-V2,2,RA-city,B2B,7,11,08:00,10:00,08:40,,24.41
21395,2026-03-05,2026-03-05-AM-V2,3,RA-city,B2B,3,12,08:00,10:00,09:07,,24.41
21396,2026-03-05,2026-03-05-AM-V2,4,RA-city,B2C,4,20,08:00,12:00,09:26,,24.41
21397,2026-03-05,2026-03-05-AM-V2,5,RA-city,B2C,4,5,08:00,12:00,10:03,,24.41
21398,2026-03-05,2026-03-05-AM-V2,6,RA-city,B2C,3,19,08:00,12:00,10:41,,24.41
21399,2026-03-05,2026-03-05-AM-V2,7,RA-city,B2C,4,18,08:00,12:00,11:12,,24.41
21400,2026-03-05,2026-03-05-PM-V2,1,BO,B2B,4,73,14:00,16:00,15:29,missing_item,50.95
21401,2026-03-05,2026-03-05-PM-V2,2,BO,B2B,8,56,14:00,16:00,16:14,,50.95
21402,2026-03-05,2026-03-05-PM-V2,3,BO,B2C,5,50,14:00,18:00,16:51,,50.95
21403,2026-03-05,2026-03-05-PM-V2,4,BO,B2C,2,74,14:00,18:00,17:49,,50.95
21404,2026-03-05,2026-03-05-PM-V2,5,BO,B2C,4,63,14:00,18:00,18:23,,50.95
21405,2026-03-05,2026-03-05-AM-V3,1,BO,B2B,8,68,08:00,10:00,09:08,,49.78
21406,2026-03-05,2026-03-05-AM-V3,2,BO,B2B,10,75,08:00,10:00,09:45,,49.78
21407,2026-03-05,2026-03-05-AM-V3,3,BO,B2C,4,76,08:00,12:00,10:39,,49.78
21408,2026-03-05,2026-03-05-AM-V3,4,BO,B2C,3,60,08:00,12:00,11:34,,49.78
21409,2026-03-05,2026-03-05-AM-V3,5,BO,B2C,5,60,08:00,12:00,12:11,,49.78
21410,2026-03-05,2026-03-05-PM-V3,1,FE,B2B,4,90,14:00,16:00,16:07,,89.9
21411,2026-03-05,2026-03-05-PM-V3,2,FE,B2C,6,99,14:00,18:00,16:41,,89.9
21412,2026-03-05,2026-03-05-PM-V3,3,FE,B2C,3,98,14:00,18:00,17:40,,89.9
21413,2026-03-06,2026-03-06-AM-V1,1,RA-province,B2B,7,37,08:00,10:00,08:41,,29.06
21414,2026-03-06,2026-03-06-AM-V1,2,RA-province,B2B,6,18,08:00,10:00,09:12,,29.06
21415,2026-03-06,2026-03-06-AM-V1,3,RA-province,B2B,8,43,08:00,10:00,09:48,refused,29.06
21416,2026-03-06,2026-03-06-AM-V1,4,RA-province,B2B,8,29,08:00,10:00,10:32,,29.06
21417,2026-03-06,2026-03-06-AM-V1,5,RA-province,B2C,4,34,08:00,12:00,11:08,,29.06
21418,2026-03-06,2026-03-06-AM-V1,6,RA-province,B2C,3,25,08:00,12:00,11:49,,29.06
21419,2026-03-06,2026-03-06-AM-V1,7,RA-province,B2C,4,24,08:00,12:00,12:21,,29.06
21420,2026-03-06,2026-03-06-PM-V1,1,RA-city,B2B,6,7,14:00,16:00,14:07,missing_item,21.04
21421,2026-03-06,2026-03-06-PM-V1,2,RA-city,B2B,5,17,14:00,16:00,14:44,,21.04
21422,2026-03-06,2026-03-06-PM-V1,3,RA-city,B2C,2,12,14:00,18:00,15:04,,21.04
21423,2026-03-06,2026-03-06-PM-V1,4,RA-city,B2C,2,9,14:00,18:00,15:29,,21.04
21424,2026-03-06,2026-03-06-PM-V1,5,RA-city,B2C,1,16,14:00,18:00,15:53,,21.04
21425,2026-03-06,2026-03-06-PM-V1,6,RA-city,B2C,2,20,14:00,18:00,16:15,missing_item,21.04
21426,2026-03-06,2026-03-06-PM-V1,7,RA-city,B2C,4,17,14:00,18:00,16:54,,21.04
21427,2026-03-06,2026-03-06-PM-V1,8,RA-city,B2C,1,19,14:00,18:00,17:34,,21.04
21428,2026-03-06,2026-03-06-AM-V2,1,RA-city,B2B,7,12,08:00,10:00,08:16,,26.86
21429,2026-03-06,2026-03-06-AM-V2,2,RA-city,B2B,3,18,08:00,10:00,08:47,,26.86
21430,2026-03-06,2026-03-06-AM-V2,3,RA-city,B2B,3,5,08:00,10:00,09:08,,26.86
21431,2026-03-06,2026-03-06-AM-V2,4,RA-city,B2C,3,13,08:00,12:00,09:23,,26.86
21432,2026-03-06,2026-03-06-AM-V2,5,RA-city,B2C,2,6,08:00,12:00,09:54,,26.86
21433,2026-03-06,2026-03-06-AM-V2,6,RA-city,B2C,4,11,08:00,12:00,10:21,,26.86
21434,2026-03-06,2026-03-06-PM-V2,1,RA-province,B2B,6,19,14:00,16:00,14:25,,28.31
21435,2026-03-06,2026-03-06-PM-V2,2,RA-province,B2B,5,21,14:00,16:00,14:52,,28.31
21436,2026-03-06,2026-03-06-PM-V2,3,RA-province,B2B,3,15,14:00,16:00,15:23,,28.31
21437,2026-03-06,2026-03-06-PM-V2,4,RA-province,B2B,4,26,14:00,16:00,15:43,,28.31
21438,2026-03-06,2026-03-06-PM-V2,5,RA-province,B2B,3,23,14:00,16:00,16:15,,28.31
21439,2026-03-06,2026-03-06-PM-V2,6,RA-province,B2C,3,43,14:00,18:00,16:44,,28.31
21440,2026-03-06,2026-03-06-PM-V2,7,RA-province,B2C,3,28,14:00,18:00,17:20,,28.31
21441,2026-03-06,2026-03-06-AM-V3,1,RA-province,B2B,4,43,08:00,10:00,09:02,,29.71
21442,2026-03-06,2026-03-06-AM-V3,2,RA-province,B2C,3,44,08:00,12:00,09:25,,29.71
21443,2026-03-06,2026-03-06-AM-V3,3,RA-province,B2C,2,41,08:00,12:00,09:57,,29.71
21444,2026-03-06,2026-03-06-AM-V3,4,RA-province,B2C,1,40,08:00,12:00,10:27,,29.71
21445,2026-03-06,2026-03-06-AM-V3,5,RA-province,B2C,1,32,08:00,12:00,10:57,,29.71
21446,2026-03-06,2026-03-06-AM-V3,6,RA-province,B2C,4,20,08:00,12:00,11:28,,29.71
21447,2026-03-06,2026-03-06-AM-V3,7,RA-province,B2C,3,21,08:00,12:00,12:10,,29.71
21448,2026-03-06,2026-03-06-PM-V3,1,RA-city,B2B,4,11,14:00,16:00,14:16,,21.04
21449,2026-03-06,2026-03-06-PM-V3,2,RA-city,B2B,7,14,14:00,16:00,14:39,,21.04
21450,2026-03-06,2026-03-06-PM-V3,3,RA-city,B2B,3,17,14:00,16:00,15:02,,21.04
21451,2026-03-06,2026-03-06-PM-V3,4,RA-city,B2C,3,15,14:00,18:00,15:23,,21.04
21452,2026-03-06,2026-03-06-PM-V3,5,RA-city,B2C,3,13,14:00,18:00,15:59,,21.04
21453,2026-03-06,2026-03-06-PM-V3,6,RA-city,B2C,4,7,14:00,18:00,16:34,,21.04
21454,2026-03-06,2026-03-06-PM-V3,7,RA-city,B2C,3,18,14:00,18:00,17:13,,21.04
21455,2026-03-06,2026-03-06-PM-V3,8,RA-city,B2C,3,6,14:00,18:00,17:44,,21.04
21456,2026-03-07,2026-03-07-AM-V1,1,RA-city,B2B,5,13,08:00,10:00,08:13,,27.29
21457,2026-03-07,2026-03-07-AM-V1,2,RA-city,B2C,1,15,08:00,12:00,08:35,,27.29
21458,2026-03-07,2026-03-07-AM-V1,3,RA-city,B2C,1,9,08:00,12:00,08:54,,27.29
21459,2026-03-07,2026-03-07-AM-V1,4,RA-city,B2C,4,15,08:00,12:00,09:16,,27.29
21460,2026-03-07,2026-03-07-AM-V1,5,RA-city,B2C,3,8,08:00,12:00,09:52,missing_item,27.29
21461,2026-03-07,2026-03-07-AM-V1,6,RA-city,B2C,4,18,08:00,12:00,10:33,,27.29
21462,2026-03-07,2026-03-07-PM-V1,1,FE,B2B,4,85,14:00,16:00,15:44,,81.67
21463,2026-03-07,2026-03-07-PM-V1,2,FE,B2B,9,86,14:00,16:00,16:16,,81.67
21464,2026-03-07,2026-03-07-PM-V1,3,FE,B2C,3,70,14:00,18:00,16:57,,81.67
21465,2026-03-07,2026-03-07-AM-V2,1,RA-province,B2B,8,16,08:00,10:00,08:24,,29.24
21466,2026-03-07,2026-03-07-AM-V2,2,RA-province,B2B,8,25,08:00,10:00,09:02,,29.24
21467,2026-03-07,2026-03-07-AM-V2,3,RA-province,B2B,3,43,08:00,10:00,09:33,,29.24
21468,2026-03-07,2026-03-07-AM-V2,4,RA-province,B2B,4,37,08:00,10:00,09:59,,29.24
21469,2026-03-07,2026-03-07-AM-V2,5,RA-province,B2C,3,19,08:00,12:00,10:33,,29.24
21470,2026-03-07,2026-03-07-AM-V2,6,RA-province,B2C,3,20,08:00,12:00,11:10,,29.24
21471,2026-03-07,2026-03-07-AM-V2,7,RA-province,B2C,1,38,08:00,12:00,11:52,,29.24
21472,2026-03-07,2026-03-07-PM-V2,1,RA-province,B2B,7,42,14:00,16:00,14:48,,40.68
21473,2026-03-07,2026-03-07-PM-V2,2,RA-province,B2C,3,28,14:00,18:00,15:23,,40.68
21474,2026-03-07,2026-03-07-PM-V2,3,RA-province,B2C,4,22,14:00,18:00,16:02,,40.68
21475,2026-03-07,2026-03-07-PM-V2,4,RA-province,B2C,2,17,14:00,18:00,16:43,,40.68
21476,2026-03-07,2026-03-07-PM-V2,5,RA-province,B2C,4,28,14:00,18:00,17:14,,40.68
21477,2026-03-07,2026-03-07-AM-V3,1,RA-city,B2B,5,20,08:00,10:00,08:22,,23.86
21478,2026-03-07,2026-03-07-AM-V3,2,RA-city,B2B,8,13,08:00,10:00,08:47,,23.86
21479,2026-03-07,2026-03-07-AM-V3,3,RA-city,B2C,1,14,08:00,12:00,09:15,,23.86
21480,2026-03-07,2026-03-07-AM-V3,4,RA-city,B2C,3,16,08:00,12:00,09:38,,23.86
21481,2026-03-07,2026-03-07-AM-V3,5,RA-city,B2C,2,7,08:00,12:00,10:07,,23.86
21482,2026-03-07,2026-03-07-AM-V3,6,RA-city,B2C,1,6,08:00,12:00,10:31,,23.86
21483,2026-03-07,2026-03-07-AM-V3,7,RA-city,B2C,2,10,08:00,12:00,10:55,,23.86
21484,2026-03-07,2026-03-07-PM-V3,1,BO,B2B,8,70,14:00,16:00,15:29,,59.46
21485,2026-03-07,2026-03-07-PM-V3,2,BO,B2B,7,82,14:00,16:00,16:07,,59.46
21486,2026-03-07,2026-03-07-PM-V3,3,BO,B2B,5,52,14:00,16:00,16:53,,59.46
21487,2026-03-07,2026-03-07-PM-V3,4,BO,B2C,2,57,14:00,18:00,17:18,,59.46
21488,2026-03-08,2026-03-08-AM-V1,1,FC,B2C,1,37,08:00,12:00,08:39,,41.33
21489,2026-03-08,2026-03-08-AM-V1,2,FC,B2C,4,37,08:00,12:00,09:12,,41.33
21490,2026-03-08,2026-03-08-AM-V1,3,FC,B2C,4,52,08:00,12:00,10:08,,41.33
21491,2026-03-08,2026-03-08-AM-V1,4,FC,B2C,4,40,08:00,12:00,10:48,,41.33
21492,2026-03-08,2026-03-08-AM-V1,5,FC,B2C,1,33,08:00,12:00,11:31,,41.33
21493,2026-03-08,2026-03-08-PM-V1,1,FC,B2B,7,37,14:00,16:00,14:54,,37.37
21494,2026-03-08,2026-03-08-PM-V1,2,FC,B2C,4,52,14:00,18:00,15:22,,37.37
21495,2026-03-08,2026-03-08-PM-V1,3,FC,B2C,4,38,14:00,18:00,16:02,,37.37
21496,2026-03-08,2026-03-08-PM-V1,4,FC,B2C,1,28,14:00,18:00,16:46,,37.37
21497,2026-03-08,2026-03-08-PM-V1,5,FC,B2C,1,36,14:00,18:00,17:17,,37.37
21498,2026-03-08,2026-03-08-PM-V1,6,FC,B2C,4,55,14:00,18:00,17:51,,37.37
21499,2026-03-08,2026-03-08-AM-V2,1,RA-province,B2C,4,33,08:00,12:00,08:35,,29.34
21500,2026-03-08,2026-03-08-AM-V2,2,RA-province,B2C,4,43,08:00,12:00,09:16,,29.34
21501,2026-03-08,2026-03-08-AM-V2,3,RA-province,B2C,3,20,08:00,12:00,10:00,,29.34
21502,2026-03-08,2026-03-08-AM-V2,4,RA-province,B2C,4,19,08:00,12:00,10:38,,29.34
21503,2026-03-08,2026-03-08-AM-V2,5,RA-province,B2C,1,44,08:00,12:00,11:21,,29.34
21504,2026-03-08,2026-03-08-AM-V2,6,RA-province,B2C,1,38,08:00,12:00,11:45,,29.34
21505,2026-03-08,2026-03-08-AM-V2,7,RA-province,B2C,2,23,08:00,12:00,12:15,,29.34
21506,2026-03-08,2026-03-08-PM-V2,1,RA-city,B2B,4,13,14:00,16:00,14:18,,21.04
21507,2026-03-08,2026-03-08-PM-V2,2,RA-city,B2C,1,15,14:00,18:00,14:39,,21.04
21508,2026-03-08,2026-03-08-PM-V2,3,RA-city,B2C,2,5,14:00,18:00,15:03,,21.04
21509,2026-03-08,2026-03-08-PM-V2,4,RA-city,B2C,2,5,14:00,18:00,15:30,,21.04
21510,2026-03-08,2026-03-08-PM-V2,5,RA-city,B2C,1,6,14:00,18:00,15:55,,21.04
21511,2026-03-08,2026-03-08-PM-V2,6,RA-city,B2C,4,10,14:00,18:00,16:18,,21.04
21512,2026-03-08,2026-03-08-PM-V2,7,RA-city,B2C,2,5,14:00,18:00,16:54,,21.04
21513,2026-03-08,2026-03-08-PM-V2,8,RA-city,B2C,1,11,14:00,18:00,17:17,,21.04
21514,2026-03-08,2026-03-08-AM-V3,1,FC,B2B,3,39,08:00,10:00,08:44,,43.8
21515,2026-03-08,2026-03-08-AM-V3,2,FC,B2C,1,52,08:00,12:00,09:15,,43.8
21516,2026-03-08,2026-03-08-AM-V3,3,FC,B2C,1,53,08:00,12:00,09:41,,43.8
21517,2026-03-08,2026-03-08-AM-V3,4,FC,B2C,1,28,08:00,12:00,10:22,,43.8
21518,2026-03-08,2026-03-08-AM-V3,5,FC,B2C,2,48,08:00,12:00,10:55,,43.8
21519,2026-03-08,2026-03-08-PM-V3,1,BO,B2B,10,71,14:00,16:00,15:24,,50.17
21520,2026-03-08,2026-03-08-PM-V3,2,BO,B2B,8,80,14:00,16:00,16:09,,50.17
21521,2026-03-08,2026-03-08-PM-V3,3,BO,B2C,6,77,14:00,18:00,16:50,,50.17
21522,2026-03-08,2026-03-08-PM-V3,4,BO,B2C,3,85,14:00,18:00,17:44,,50.17
21523,2026-03-08,2026-03-08-PM-V3,5,BO,B2C,3,64,14:00,18:00,18:26,,50.17
21524,2026-03-11,2026-03-11-AM-V1,1,BO,B2B,5,90,08:00,10:00,10:10,,60.92
21525,2026-03-11,2026-03-11-AM-V1,2,BO,B2C,5,77,08:00,12:00,10:39,,60.92
21526,2026-03-11,2026-03-11-AM-V1,3,BO,B2C,2,79,08:00,12:00,11:25,,60.92
21527,2026-03-11,2026-03-11-AM-V1,4,BO,B2C,6,51,08:00,12:00,12:03,,60.92
21528,2026-03-11,2026-03-11-PM-V1,1,RA-city,B2B,4,14,14:00,16:00,14:14,,21.61
21529,2026-03-11,2026-03-11-PM-V1,2,RA-city,B2B,8,7,14:00,16:00,14:33,,21.61
21530,2026-03-11,2026-03-11-PM-V1,3,RA-city,B2C,4,8,14:00,18:00,15:03,,21.61
21531,2026-03-11,2026-03-11-PM-V1,4,RA-city,B2C,1,17,14:00,18:00,15:41,,21.61
21532,2026-03-11,2026-03-11-PM-V1,5,RA-city,B2C,1,11,14:00,18:00,16:00,,21.61
21533,2026-03-11,2026-03-11-PM-V1,6,RA-city,B2C,3,10,14:00,18:00,16:21,,21.61
21534,2026-03-11,2026-03-11-PM-V1,7,RA-city,B2C,4,16,14:00,18:00,16:52,,21.61
21535,2026-03-11,2026-03-11-PM-V1,8,RA-city,B2C,2,16,14:00,18:00,17:30,,21.61
21536,2026-03-11,2026-03-11-AM-V2,1,RA-city,B2B,4,7,08:00,10:00,08:08,,22.74
21537,2026-03-11,2026-03-11-AM-V2,2,RA-city,B2B,5,8,08:00,10:00,08:30,,22.74
21538,2026-03-11,2026-03-11-AM-V2,3,RA-city,B2C,2,11,08:00,12:00,08:55,,22.74
21539,2026-03-11,2026-03-11-AM-V2,4,RA-city,B2C,1,15,08:00,12:00,09:20,,22.74
21540,2026-03-11,2026-03-11-AM-V2,5,RA-city,B2C,3,19,08:00,12:00,09:43,,22.74
21541,2026-03-11,2026-03-11-AM-V2,6,RA-city,B2C,2,15,08:00,12:00,10:13,,22.74
21542,2026-03-11,2026-03-11-AM-V2,7,RA-city,B2C,2,7,08:00,12:00,10:38,,22.74
21543,2026-03-11,2026-03-11-PM-V2,1,FE,B2B,10,92,14:00,16:00,15:43,,91.63
21544,2026-03-11,2026-03-11-PM-V2,2,FE,B2C,3,68,14:00,18:00,16:31,,91.63
21545,2026-03-11,2026-03-11-PM-V2,3,FE,B2C,6,103,14:00,18:00,17:08,,91.63
21546,2026-03-11,2026-03-11-AM-V3,1,RA-city,B2B,8,15,08:00,10:00,08:21,,21.12
21547,2026-03-11,2026-03-11-AM-V3,2,RA-city,B2C,1,9,08:00,12:00,08:50,,21.12
21548,2026-03-11,2026-03-11-AM-V3,3,RA-city,B2C,2,7,08:00,12:00,09:17,,21.12
21549,2026-03-11,2026-03-11-AM-V3,4,RA-city,B2C,2,20,08:00,12:00,09:42,,21.12
21550,2026-03-11,2026-03-11-AM-V3,5,RA-city,B2C,4,13,08:00,12:00,10:07,,21.12
21551,2026-03-11,2026-03-11-AM-V3,6,RA-city,B2C,1,14,08:00,12:00,10:43,,21.12
21552,2026-03-11,2026-03-11-AM-V3,7,RA-city,B2C,3,9,08:00,12:00,11:07,,21.12
21553,2026-03-11,2026-03-11-AM-V3,8,RA-city,B2C,3,13,08:00,12:00,11:36,,21.12
21554,2026-03-11,2026-03-11-PM-V3,1,BO,B2B,8,59,14:00,16:00,15:28,,47.05
21555,2026-03-11,2026-03-11-PM-V3,2,BO,B2B,6,60,14:00,16:00,16:08,,47.05
21556,2026-03-11,2026-03-11-PM-V3,3,BO,B2C,2,86,14:00,18:00,16:35,missing_item,47.05
21557,2026-03-11,2026-03-11-PM-V3,4,BO,B2C,4,77,14:00,18:00,17:19,,47.05
21558,2026-03-11,2026-03-11-PM-V3,5,BO,B2C,6,59,14:00,18:00,18:08,,47.05
21559,2026-03-12,2026-03-12-AM-V1,1,BO,B2C,2,66,08:00,12:00,09:11,,58.49
21560,2026-03-12,2026-03-12-AM-V1,2,BO,B2C,5,90,08:00,12:00,09:44,,58.49
21561,2026-03-12,2026-03-12-AM-V1,3,BO,B2C,3,73,08:00,12:00,10:40,,58.49
21562,2026-03-12,2026-03-12-AM-V1,4,BO,B2C,4,65,08:00,12:00,11:14,,58.49
21563,2026-03-12,2026-03-12-PM-V1,1,RA-city,B2B,5,12,14:00,16:00,14:17,,23.76
21564,2026-03-12,2026-03-12-PM-V1,2,RA-city,B2B,5,11,14:00,16:00,14:38,,23.76
21565,2026-03-12,2026-03-12-PM-V1,3,RA-city,B2B,7,18,14:00,16:00,15:01,,23.76
21566,2026-03-12,2026-03-12-PM-V1,4,RA-city,B2C,2,16,14:00,18:00,15:27,,23.76
21567,2026-03-12,2026-03-12-PM-V1,5,RA-city,B2C,1,7,14:00,18:00,15:52,,23.76
21568,2026-03-12,2026-03-12-PM-V1,6,RA-city,B2C,3,9,14:00,18:00,16:17,,23.76
21569,2026-03-12,2026-03-12-PM-V1,7,RA-city,B2C,1,12,14:00,18:00,16:49,,23.76
21570,2026-03-12,2026-03-12-AM-V2,1,RN,B2B,5,48,08:00,10:00,09:12,,43.41
21571,2026-03-12,2026-03-12-AM-V2,2,RN,B2C,5,61,08:00,12:00,09:37,,43.41
21572,2026-03-12,2026-03-12-AM-V2,3,RN,B2C,3,51,08:00,12:00,10:28,,43.41
21573,2026-03-12,2026-03-12-AM-V2,4,RN,B2C,4,68,08:00,12:00,11:02,,43.41
21574,2026-03-12,2026-03-12-AM-V2,5,RN,B2C,6,48,08:00,12:00,11:44,,43.41
21575,2026-03-12,2026-03-12-PM-V2,1,FE,B2B,4,81,14:00,16:00,15:37,,53.29
21576,2026-03-12,2026-03-12-PM-V2,2,FE,B2B,6,67,14:00,16:00,16:20,,53.29
21577,2026-03-12,2026-03-12-PM-V2,3,FE,B2C,5,86,14:00,18:00,16:57,,53.29
21578,2026-03-12,2026-03-12-PM-V2,4,FE,B2C,6,60,14:00,18:00,17:59,,53.29
21579,2026-03-12,2026-03-12-PM-V2,5,FE,B2C,5,62,14:00,18:00,18:56,,53.29
21580,2026-03-12,2026-03-12-AM-V3,1,RA-city,B2B,5,10,08:00,10:00,08:14,,21.04
21581,2026-03-12,2026-03-12-AM-V3,2,RA-city,B2C,1,13,08:00,12:00,08:35,,21.04
21582,2026-03-12,2026-03-12-AM-V3,3,RA-city,B2C,2,14,08:00,12:00,08:55,,21.04
21583,2026-03-12,2026-03-12-AM-V3,4,RA-city,B2C,4,20,08:00,12:00,09:23,transport_damage,21.04
21584,2026-03-12,2026-03-12-AM-V3,5,RA-city,B2C,4,9,08:00,12:00,10:11,,21.04
21585,2026-03-12,2026-03-12-AM-V3,6,RA-city,B2C,4,15,08:00,12:00,10:44,,21.04
21586,2026-03-12,2026-03-12-AM-V3,7,RA-city,B2C,3,16,08:00,12:00,11:23,,21.04
21587,2026-03-12,2026-03-12-AM-V3,8,RA-city,B2C,3,14,08:00,12:00,12:00,,21.04
21588,2026-03-12,2026-03-12-PM-V3,1,RA-city,B2B,3,20,14:00,16:00,14:22,,21.85
21589,2026-03-12,2026-03-12-PM-V3,2,RA-city,B2B,4,6,14:00,16:00,14:41,,21.85
21590,2026-03-12,2026-03-12-PM-V3,3,RA-city,B2C,3,8,14:00,18:00,14:59,,21.85
21591,2026-03-12,2026-03-12-PM-V3,4,RA-city,B2C,1,9,14:00,18:00,15:30,,21.85
21592,2026-03-12,2026-03-12-PM-V3,5,RA-city,B2C,2,17,14:00,18:00,15:52,,21.85
21593,2026-03-12,2026-03-12-PM-V3,6,RA-city,B2C,4,12,14:00,18:00,16:21,,21.85
21594,2026-03-12,2026-03-12-PM-V3,7,RA-city,B2C,1,9,14:00,18:00,17:03,,21.85
21595,2026-03-12,2026-03-12-PM-V3,8,RA-city,B2C,2,14,14:00,18:00,17:22,,21.85
21596,2026-03-13,2026-03-13-AM-V1,1,BO,B2B,4,63,08:00,10:00,09:16,,62.55
21597,2026-03-13,2026-03-13-AM-V1,2,BO,B2C,2,86,08:00,12:00,09:44,,62.55
21598,2026-03-13,2026-03-13-AM-V1,3,BO,B2C,6,62,08:00,12:00,10:14,,62.55
21599,2026-03-13,2026-03-13-AM-V1,4,BO,B2C,2,87,08:00,12:00,11:24,,62.55
21600,2026-03-13,2026-03-13-PM-V1,1,RA-city,B2B,3,16,14:00,16:00,14:24,,24.14
21601,2026-03-13,2026-03-13-PM-V1,2,RA-city,B2B,7,18,14:00,16:00,14:44,,24.14
21602,2026-03-13,2026-03-13-PM-V1,3,RA-city,B2B,4,5,14:00,16:00,15:09,,24.14
21603,2026-03-13,2026-03-13-PM-V1,4,RA-city,B2C,4,12,14:00,18:00,15:28,,24.14
21604,2026-03-13,2026-03-13-PM-V1,5,RA-city,B2C,3,14,14:00,18:00,16:06,,24.14
21605,2026-03-13,2026-03-13-PM-V1,6,RA-city,B2C,4,7,14:00,18:00,16:36,,24.14
21606,2026-03-13,2026-03-13-PM-V1,7,RA-city,B2C,1,14,14:00,18:00,17:14,,24.14
21607,2026-03-13,2026-03-13-AM-V2,1,RN,B2C,2,62,08:00,12:00,09:14,,47.05
21608,2026-03-13,2026-03-13-AM-V2,2,RN,B2C,6,67,08:00,12:00,09:50,,47.05
21609,2026-03-13,2026-03-13-AM-V2,3,RN,B2C,4,69,08:00,12:00,10:41,,47.05
21610,2026-03-13,2026-03-13-AM-V2,4,RN,B2C,3,60,08:00,12:00,11:19,,47.05
21611,2026-03-13,2026-03-13-AM-V2,5,RN,B2C,6,67,08:00,12:00,11:53,,47.05
21612,2026-03-13,2026-03-13-PM-V2,1,RA-city,B2B,6,15,14:00,16:00,14:24,missing_item,21.44
21613,2026-03-13,2026-03-13-PM-V2,2,RA-city,B2B,3,12,14:00,16:00,15:05,missing_item,21.44
21614,2026-03-13,2026-03-13-PM-V2,3,RA-city,B2C,2,13,14:00,18:00,15:37,missing_item,21.44
21615,2026-03-13,2026-03-13-PM-V2,4,RA-city,B2C,1,8,14:00,18:00,16:19,,21.44
21616,2026-03-13,2026-03-13-PM-V2,5,RA-city,B2C,4,19,14:00,18:00,16:44,,21.44
21617,2026-03-13,2026-03-13-PM-V2,6,RA-city,B2C,2,13,14:00,18:00,17:18,,21.44
21618,2026-03-13,2026-03-13-PM-V2,7,RA-city,B2C,2,19,14:00,18:00,17:44,,21.44
21619,2026-03-13,2026-03-13-PM-V2,8,RA-city,B2C,4,7,14:00,18:00,18:13,,21.44
21620,2026-03-13,2026-03-13-AM-V3,1,RA-city,B2B,5,6,08:00,10:00,08:08,transport_damage,20.55
21621,2026-03-13,2026-03-13-AM-V3,2,RA-city,B2C,4,8,08:00,12:00,08:40,,20.55
21622,2026-03-13,2026-03-13-AM-V3,3,RA-city,B2C,4,14,08:00,12:00,09:20,,20.55
21623,2026-03-13,2026-03-13-AM-V3,4,RA-city,B2C,2,9,08:00,12:00,09:54,,20.55
21624,2026-03-13,2026-03-13-AM-V3,5,RA-city,B2C,2,5,08:00,12:00,10:17,,20.55
21625,2026-03-13,2026-03-13-AM-V3,6,RA-city,B2C,4,19,08:00,12:00,10:48,,20.55
21626,2026-03-13,2026-03-13-AM-V3,7,RA-city,B2C,2,19,08:00,12:00,11:25,,20.55
21627,2026-03-13,2026-03-13-AM-V3,8,RA-city,B2C,3,12,08:00,12:00,11:53,,20.55
21628,2026-03-13,2026-03-13-PM-V3,1,RN,B2C,4,76,14:00,18:00,15:26,,61.74
21629,2026-03-13,2026-03-13-PM-V3,2,RN,B2C,5,51,14:00,18:00,16:06,,61.74
21630,2026-03-13,2026-03-13-PM-V3,3,RN,B2C,3,55,14:00,18:00,16:54,,61.74
21631,2026-03-13,2026-03-13-PM-V3,4,RN,B2C,6,74,14:00,18:00,17:31,,61.74
21632,2026-03-14,2026-03-14-AM-V1,1,FC,B2B,4,55,08:00,10:00,08:55,,39.1
21633,2026-03-14,2026-03-14-AM-V1,2,FC,B2B,5,57,08:00,10:00,09:35,,39.1
21634,2026-03-14,2026-03-14-AM-V1,3,FC,B2B,8,32,08:00,10:00,10:07,,39.1
21635,2026-03-14,2026-03-14-AM-V1,4,FC,B2C,4,56,08:00,12:00,10:39,,39.1
21636,2026-03-14,2026-03-14-AM-V1,5,FC,B2C,3,32,08:00,12:00,11:28,,39.1
21637,2026-03-14,2026-03-14-AM-V1,6,FC,B2C,2,44,08:00,12:00,12:06,,39.1
21638,2026-03-14,2026-03-14-PM-V1,1,RA-city,B2C,3,10,14:00,18:00,14:14,,26.21
21639,2026-03-14,2026-03-14-PM-V1,2,RA-city,B2C,3,20,14:00,18:00,14:44,,26.21
21640,2026-03-14,2026-03-14-PM-V1,3,RA-city,B2C,2,14,14:00,18:00,15:15,,26.21
21641,2026-03-14,2026-03-14-PM-V1,4,RA-city,B2C,1,19,14:00,18:00,15:39,,26.21
21642,2026-03-14,2026-03-14-PM-V1,5,RA-city,B2C,3,16,14:00,18:00,16:05,,26.21
21643,2026-03-14,2026-03-14-PM-V1,6,RA-city,B2C,3,6,14:00,18:00,16:39,,26.21
21644,2026-03-14,2026-03-14-AM-V2,1,RA-province,B2B,3,25,08:00,10:00,08:37,,35.74
21645,2026-03-14,2026-03-14-AM-V2,2,RA-province,B2C,1,40,08:00,12:00,09:06,refused,35.74
21646,2026-03-14,2026-03-14-AM-V2,3,RA-province,B2C,2,34,08:00,12:00,09:44,,35.74
21647,2026-03-14,2026-03-14-AM-V2,4,RA-province,B2C,4,31,08:00,12:00,10:12,,35.74
21648,2026-03-14,2026-03-14-AM-V2,5,RA-province,B2C,4,15,08:00,12:00,10:54,,35.74
21649,2026-03-14,2026-03-14-PM-V2,1,FE,B2B,6,102,14:00,16:00,16:13,,68.72
21650,2026-03-14,2026-03-14-PM-V2,2,FE,B2B,8,106,14:00,16:00,16:49,,68.72
21651,2026-03-14,2026-03-14-PM-V2,3,FE,B2B,7,80,14:00,16:00,17:35,,68.72
21652,2026-03-14,2026-03-14-PM-V2,4,FE,B2C,6,70,14:00,18:00,18:25,,68.72
21653,2026-03-14,2026-03-14-AM-V3,1,RA-province,B2B,3,43,08:00,10:00,08:44,,33.36
21654,2026-03-14,2026-03-14-AM-V3,2,RA-province,B2B,5,25,08:00,10:00,09:09,,33.36
21655,2026-03-14,2026-03-14-AM-V3,3,RA-province,B2C,3,40,08:00,12:00,09:42,,33.36
21656,2026-03-14,2026-03-14-AM-V3,4,RA-province,B2C,4,38,08:00,12:00,10:22,,33.36
21657,2026-03-14,2026-03-14-AM-V3,5,RA-province,B2C,4,17,08:00,12:00,11:04,,33.36
21658,2026-03-14,2026-03-14-AM-V3,6,RA-province,B2C,3,16,08:00,12:00,11:45,,33.36
21659,2026-03-14,2026-03-14-PM-V3,1,FE,B2B,4,77,14:00,16:00,15:33,,83.62
21660,2026-03-14,2026-03-14-PM-V3,2,FE,B2C,2,85,14:00,18:00,16:03,,83.62
21661,2026-03-14,2026-03-14-PM-V3,3,FE,B2C,2,89,14:00,18:00,16:36,,83.62
21662,2026-03-15,2026-03-15-AM-V1,1,FC,B2B,4,43,08:00,10:00,08:52,,42.5
21663,2026-03-15,2026-03-15-AM-V1,2,FC,B2B,8,53,08:00,10:00,09:18,,42.5
21664,2026-03-15,2026-03-15-AM-V1,3,FC,B2C,3,52,08:00,12:00,09:57,,42.5
21665,2026-03-15,2026-03-15-AM-V1,4,FC,B2C,4,51,08:00,12:00,10:40,,42.5
21666,2026-03-15,2026-03-15-AM-V1,5,FC,B2C,1,33,08:00,12:00,11:26,,42.5
21667,2026-03-15,2026-03-15-PM-V1,1,FE,B2B,4,62,14:00,16:00,15:32,,51.86
21668,2026-03-15,2026-03-15-PM-V1,2,FE,B2C,5,80,14:00,18:00,16:02,,51.86
21669,2026-03-15,2026-03-15-PM-V1,3,FE,B2C,4,88,14:00,18:00,17:08,,51.86
21670,2026-03-15,2026-03-15-PM-V1,4,FE,B2C,6,76,14:00,18:00,18:03,,51.86
21671,2026-03-15,2026-03-15-PM-V1,5,FE,B2C,3,65,14:00,18:00,19:10,,51.86
21672,2026-03-15,2026-03-15-AM-V2,1,RA-city,B2B,7,9,08:00,10:00,08:10,,25.88
21673,2026-03-15,2026-03-15-AM-V2,2,RA-city,B2C,2,12,08:00,12:00,08:35,,25.88
21674,2026-03-15,2026-03-15-AM-V2,3,RA-city,B2C,3,16,08:00,12:00,09:01,,25.88
21675,2026-03-15,2026-03-15-AM-V2,4,RA-city,B2C,3,6,08:00,12:00,09:35,,25.88
21676,2026-03-15,2026-03-15-AM-V2,5,RA-city,B2C,4,5,08:00,12:00,10:04,,25.88
21677,2026-03-15,2026-03-15-AM-V2,6,RA-city,B2C,1,6,08:00,12:00,10:45,,25.88
21678,2026-03-15,2026-03-15-PM-V2,1,FC,B2B,5,44,14:00,16:00,14:58,,42.5
21679,2026-03-15,2026-03-15-PM-V2,2,FC,B2C,3,41,14:00,18:00,15:28,,42.5
21680,2026-03-15,2026-03-15-PM-V2,3,FC,B2C,2,39,14:00,18:00,16:13,,42.5
21681,2026-03-15,2026-03-15-PM-V2,4,FC,B2C,2,27,14:00,18:00,16:47,,42.5
21682,2026-03-15,2026-03-15-PM-V2,5,FC,B2C,1,38,14:00,18:00,17:20,,42.5
21683,2026-03-15,2026-03-15-AM-V3,1,RN,B2B,4,78,08:00,10:00,09:31,,48.48
21684,2026-03-15,2026-03-15-AM-V3,2,RN,B2C,6,62,08:00,12:00,09:59,,48.48
21685,2026-03-15,2026-03-15-AM-V3,3,RN,B2C,4,58,08:00,12:00,10:47,,48.48
21686,2026-03-15,2026-03-15-AM-V3,4,RN,B2C,4,69,08:00,12:00,11:36,,48.48
21687,2026-03-15,2026-03-15-AM-V3,5,RN,B2C,5,50,08:00,12:00,12:26,,48.48
21688,2026-03-15,2026-03-15-PM-V3,1,RA-city,B2B,4,16,14:00,16:00,14:34,,26.53
21689,2026-03-15,2026-03-15-PM-V3,2,RA-city,B2C,1,7,14:00,18:00,14:54,,26.53
21690,2026-03-15,2026-03-15-PM-V3,3,RA-city,B2C,2,6,14:00,18:00,15:16,,26.53
21691,2026-03-15,2026-03-15-PM-V3,4,RA-city,B2C,3,14,14:00,18:00,15:45,,26.53
21692,2026-03-15,2026-03-15-PM-V3,5,RA-city,B2C,3,20,14:00,18:00,16:19,,26.53
21693,2026-03-15,2026-03-15-PM-V3,6,RA-city,B2C,1,5,14:00,18:00,16:50,,26.53
21694,2026-03-18,2026-03-18-AM-V1,1,RA-province,B2B,5,32,08:00,10:00,08:36,,29.52
21695,2026-03-18,2026-03-18-AM-V1,2,RA-province,B2B,4,28,08:00,10:00,09:05,,29.52
21696,2026-03-18,2026-03-18-AM-V1,3,RA-province,B2B,8,23,08:00,10:00,09:35,,29.52
21697,2026-03-18,2026-03-18-AM-V1,4,RA-province,B2C,1,24,08:00,12:00,10:10,,29.52
21698,2026-03-18,2026-03-18-AM-V1,5,RA-province,B2C,1,26,08:00,12:00,10:34,,29.52
21699,2026-03-18,2026-03-18-AM-V1,6,RA-province,B2C,2,29,08:00,12:00,10:56,,29.52
21700,2026-03-18,2026-03-18-AM-V1,7,RA-province,B2C,2,30,08:00,12:00,11:26,,29.52
21701,2026-03-18,2026-03-18-PM-V1,1,BO,B2C,5,81,14:00,18:00,15:42,,63.04
21702,2026-03-18,2026-03-18-PM-V1,2,BO,B2C,4,64,14:00,18:00,16:29,,63.04
21703,2026-03-18,2026-03-18-PM-V1,3,BO,B2C,5,84,14:00,18:00,17:15,,63.04
21704,2026-03-18,2026-03-18-PM-V1,4,BO,B2C,6,75,14:00,18:00,18:11,,63.04
21705,2026-03-18,2026-03-18-AM-V2,1,RA-city,B2B,7,5,08:00,10:00,08:05,,20.55
21706,2026-03-18,2026-03-18-AM-V2,2,RA-city,B2B,6,15,08:00,10:00,08:29,,20.55
21707,2026-03-18,2026-03-18-AM-V2,3,RA-city,B2C,4,10,08:00,12:00,08:51,,20.55
21708,2026-03-18,2026-03-18-AM-V2,4,RA-city,B2C,2,6,08:00,12:00,09:25,,20.55
21709,2026-03-18,2026-03-18-AM-V2,5,RA-city,B2C,1,9,08:00,12:00,09:51,,20.55
21710,2026-03-18,2026-03-18-AM-V2,6,RA-city,B2C,1,20,08:00,12:00,10:13,,20.55
21711,2026-03-18,2026-03-18-AM-V2,7,RA-city,B2C,3,7,08:00,12:00,10:36,,20.55
21712,2026-03-18,2026-03-18-AM-V2,8,RA-city,B2C,2,18,08:00,12:00,11:08,,20.55
21713,2026-03-18,2026-03-18-PM-V2,1,RA-province,B2B,5,31,14:00,16:00,14:33,,29.99
21714,2026-03-18,2026-03-18-PM-V2,2,RA-province,B2B,5,42,14:00,16:00,15:05,,29.99
21715,2026-03-18,2026-03-18-PM-V2,3,RA-province,B2C,1,15,14:00,18:00,15:40,,29.99
21716,2026-03-18,2026-03-18-PM-V2,4,RA-province,B2C,2,39,14:00,18:00,16:08,,29.99
21717,2026-03-18,2026-03-18-PM-V2,5,RA-province,B2C,4,36,14:00,18:00,16:39,,29.99
21718,2026-03-18,2026-03-18-PM-V2,6,RA-province,B2C,1,38,14:00,18:00,17:18,,29.99
21719,2026-03-18,2026-03-18-PM-V2,7,RA-province,B2C,2,34,14:00,18:00,17:45,,29.99
21720,2026-03-18,2026-03-18-AM-V3,1,RA-city,B2B,4,13,08:00,10:00,08:15,,24.88
21721,2026-03-18,2026-03-18-AM-V3,2,RA-city,B2B,4,15,08:00,10:00,08:40,,24.88
21722,2026-03-18,2026-03-18-AM-V3,3,RA-city,B2B,6,6,08:00,10:00,08:59,,24.88
21723,2026-03-18,2026-03-18-AM-V3,4,RA-city,B2C,2,10,08:00,12:00,09:26,,24.88
21724,2026-03-18,2026-03-18-AM-V3,5,RA-city,B2C,3,12,08:00,12:00,09:53,,24.88
21725,2026-03-18,2026-03-18-AM-V3,6,RA-city,B2C,3,16,08:00,12:00,10:28,,24.88
21726,2026-03-18,2026-03-18-AM-V3,7,RA-city,B2C,2,20,08:00,12:00,10:59,,24.88
21727,2026-03-18,2026-03-18-PM-V3,1,RN,B2B,9,75,14:00,16:00,15:36,,63.53
21728,2026-03-18,2026-03-18-PM-V3,2,RN,B2C,2,70,14:00,18:00,16:15,,63.53
21729,2026-03-18,2026-03-18-PM-V3,3,RN,B2C,5,56,14:00,18:00,16:57,,63.53
21730,2026-03-18,2026-03-18-PM-V3,4,RN,B2C,4,79,14:00,18:00,17:50,,63.53
21731,2026-03-19,2026-03-19-AM-V1,1,FC,B2B,5,55,08:00,10:00,09:10,,48.74
21732,2026-03-19,2026-03-19-AM-V1,2,FC,B2B,7,57,08:00,10:00,09:50,,48.74
21733,2026-03-19,2026-03-19-AM-V1,3,FC,B2C,2,29,08:00,12:00,10:32,,48.74
21734,2026-03-19,2026-03-19-AM-V1,4,FC,B2C,1,55,08:00,12:00,11:08,,48.74
21735,2026-03-19,2026-03-19-AM-V1,5,FC,B2C,1,60,08:00,12:00,11:44,,48.74
21736,2026-03-19,2026-03-19-PM-V1,1,FC,B2B,6,48,14:00,16:00,15:05,,41.72
21737,2026-03-19,2026-03-19-PM-V1,2,FC,B2C,2,47,14:00,18:00,15:36,,41.72
21738,2026-03-19,2026-03-19-PM-V1,3,FC,B2C,3,48,14:00,18:00,16:09,,41.72
21739,2026-03-19,2026-03-19-PM-V1,4,FC,B2C,3,56,14:00,18:00,17:01,,41.72
21740,2026-03-19,2026-03-19-PM-V1,5,FC,B2C,3,28,14:00,18:00,17:37,,41.72
21741,2026-03-19,2026-03-19-AM-V2,1,FE,B2B,9,85,08:00,10:00,09:44,,67.1
21742,2026-03-19,2026-03-19-AM-V2,2,FE,B2C,2,78,08:00,12:00,10:26,,67.1
21743,2026-03-19,2026-03-19-AM-V2,3,FE,B2C,4,98,08:00,12:00,11:05,,67.1
21744,2026-03-19,2026-03-19-AM-V2,4,FE,B2C,6,79,08:00,12:00,11:54,,67.1
21745,2026-03-19,2026-03-19-PM-V2,1,FE,B2B,4,78,14:00,16:00,15:42,,53.81
21746,2026-03-19,2026-03-19-PM-V2,2,FE,B2C,2,86,14:00,18:00,16:14,transport_damage,53.81
21747,2026-03-19,2026-03-19-PM-V2,3,FE,B2C,2,81,14:00,18:00,17:05,,53.81
21748,2026-03-19,2026-03-19-PM-V2,4,FE,B2C,2,104,14:00,18:00,17:37,,53.81
21749,2026-03-19,2026-03-19-PM-V2,5,FE,B2C,2,74,14:00,18:00,18:27,,53.81
21750,2026-03-19,2026-03-19-AM-V3,1,RA-city,B2B,8,11,08:00,10:00,08:16,,24.14
21751,2026-03-19,2026-03-19-AM-V3,2,RA-city,B2B,6,16,08:00,10:00,08:45,refused,24.14
21752,2026-03-19,2026-03-19-AM-V3,3,RA-city,B2C,4,13,08:00,12:00,09:18,,24.14
21753,2026-03-19,2026-03-19-AM-V3,4,RA-city,B2C,1,12,08:00,12:00,10:00,,24.14
21754,2026-03-19,2026-03-19-AM-V3,5,RA-city,B2C,1,5,08:00,12:00,10:23,,24.14
21755,2026-03-19,2026-03-19-AM-V3,6,RA-city,B2C,2,6,08:00,12:00,10:44,,24.14
21756,2026-03-19,2026-03-19-AM-V3,7,RA-city,B2C,2,20,08:00,12:00,11:09,,24.14
21757,2026-03-19,2026-03-19-PM-V3,1,BO,B2B,4,65,14:00,16:00,15:22,,58.98
21758,2026-03-19,2026-03-19-PM-V3,2,BO,B2C,4,53,14:00,18:00,15:49,,58.98
21759,2026-03-19,2026-03-19-PM-V3,3,BO,B2C,3,72,14:00,18:00,16:42,,58.98
21760,2026-03-19,2026-03-19-PM-V3,4,BO,B2C,2,58,14:00,18:00,17:25,,58.98
21761,2026-03-20,2026-03-20-AM-V1,1,RA-province,B2B,7,36,08:00,10:00,08:51,,35.85
21762,2026-03-20,2026-03-20-AM-V1,2,RA-province,B2B,4,39,08:00,10:00,09:25,,35.85
21763,2026-03-20,2026-03-20-AM-V1,3,RA-province,B2C,4,17,08:00,12:00,09:51,,35.85
21764,2026-03-20,2026-03-20-AM-V1,4,RA-province,B2C,2,30,08:00,12:00,10:35,,35.85
21765,2026-03-20,2026-03-20-AM-V1,5,RA-province,B2C,4,42,08:00,12:00,11:03,,35.85
21766,2026-03-20,2026-03-20-AM-V1,6,RA-province,B2C,1,45,08:00,12:00,11:46,,35.85
21767,2026-03-20,2026-03-20-PM-V1,1,RA-province,B2B,6,16,14:00,16:00,14:17,,37.04
21768,2026-03-20,2026-03-20-PM-V1,2,RA-province,B2B,8,22,14:00,16:00,14:49,,37.04
21769,2026-03-20,2026-03-20-PM-V1,3,RA-province,B2C,4,18,14:00,18:00,15:25,,37.04
21770,2026-03-20,2026-03-20-PM-V1,4,RA-province,B2C,4,19,14:00,18:00,16:07,,37.04
21771,2026-03-20,2026-03-20-PM-V1,5,RA-province,B2C,3,29,14:00,18:00,16:53,,37.04
21772,2026-03-20,2026-03-20-AM-V2,1,RA-province,B2B,4,40,08:00,10:00,08:50,,41.46
21773,2026-03-20,2026-03-20-AM-V2,2,RA-province,B2B,7,16,08:00,10:00,09:18,,41.46
21774,2026-03-20,2026-03-20-AM-V2,3,RA-province,B2B,8,43,08:00,10:00,09:53,,41.46
21775,2026-03-20,2026-03-20-AM-V2,4,RA-province,B2C,4,45,08:00,12:00,10:28,,41.46
21776,2026-03-20,2026-03-20-AM-V2,5,RA-province,B2C,4,31,08:00,12:00,11:16,,41.46
21777,2026-03-20,2026-03-20-PM-V2,1,RA-province,B2B,4,22,14:00,16:00,14:30,,30.64
21778,2026-03-20,2026-03-20-PM-V2,2,RA-province,B2C,4,18,14:00,18:00,15:02,,30.64
21779,2026-03-20,2026-03-20-PM-V2,3,RA-province,B2C,3,33,14:00,18:00,15:44,,30.64
21780,2026-03-20,2026-03-20-PM-V2,4,RA-province,B2C,2,29,14:00,18:00,16:19,,30.64
21781,2026-03-20,2026-03-20-PM-V2,5,RA-province,B2C,4,26,14:00,18:00,16:54,,30.64
21782,2026-03-20,2026-03-20-PM-V2,6,RA-province,B2C,3,38,14:00,18:00,17:43,,30.64
21783,2026-03-20,2026-03-20-PM-V2,7,RA-province,B2C,3,43,14:00,18:00,18:24,,30.64
21784,2026-03-20,2026-03-20-AM-V3,1,BO,B2B,10,75,08:00,10:00,09:19,,50.04
21785,2026-03-20,2026-03-20-AM-V3,2,BO,B2C,4,51,08:00,12:00,09:59,,50.04
21786,2026-03-20,2026-03-20-AM-V3,3,BO,B2C,6,57,08:00,12:00,10:39,,50.04
21787,2026-03-20,2026-03-20-AM-V3,4,BO,B2C,5,59,08:00,12:00,11:47,,50.04
21788,2026-03-20,2026-03-20-AM-V3,5,BO,B2C,3,56,08:00,12:00,12:43,,50.04
21789,2026-03-20,2026-03-20-PM-V3,1,RA-province,B2B,4,15,14:00,16:00,14:48,,31.84
21790,2026-03-20,2026-03-20-PM-V3,2,RA-province,B2C,2,20,14:00,18:00,15:10,,31.84
21791,2026-03-20,2026-03-20-PM-V3,3,RA-province,B2C,1,38,14:00,18:00,15:41,,31.84
21792,2026-03-20,2026-03-20-PM-V3,4,RA-province,B2C,2,45,14:00,18:00,16:10,,31.84
21793,2026-03-20,2026-03-20-PM-V3,5,RA-province,B2C,4,25,14:00,18:00,16:40,missing_item,31.84
21794,2026-03-20,2026-03-20-PM-V3,6,RA-province,B2C,2,36,14:00,18:00,17:40,,31.84
21795,2026-03-21,2026-03-21-AM-V1,1,BO,B2C,2,58,08:00,12:00,08:58,,61.09
21796,2026-03-21,2026-03-21-AM-V1,2,BO,B2C,6,57,08:00,12:00,09:28,,61.09
21797,2026-03-21,2026-03-21-AM-V1,3,BO,B2C,6,65,08:00,12:00,10:21,,61.09
21798,2026-03-21,2026-03-21-AM-V1,4,BO,B2C,4,85,08:00,12:00,11:17,,61.09
21799,2026-03-21,2026-03-21-PM-V1,1,FC,B2B,3,42,14:00,16:00,15:00,,37.69
21800,2026-03-21,2026-03-21-PM-V1,2,FC,B2C,2,48,14:00,18:00,15:28,,37.69
21801,2026-03-21,2026-03-21-PM-V1,3,FC,B2C,4,58,14:00,18:00,16:05,,37.69
21802,2026-03-21,2026-03-21-PM-V1,4,FC,B2C,1,43,14:00,18:00,16:47,,37.69
21803,2026-03-21,2026-03-21-PM-V1,5,FC,B2C,1,35,14:00,18:00,17:18,,37.69
21804,2026-03-21,2026-03-21-PM-V1,6,FC,B2C,4,57,14:00,18:00,17:46,,37.69
21805,2026-03-21,2026-03-21-AM-V2,1,FE,B2C,6,95,08:00,12:00,09:56,,82.1
21806,2026-03-21,2026-03-21-AM-V2,2,FE,B2C,6,70,08:00,12:00,10:50,,82.1
21807,2026-03-21,2026-03-21-AM-V2,3,FE,B2C,5,63,08:00,12:00,11:41,,82.1
21808,2026-03-21,2026-03-21-PM-V2,1,RA-province,B2B,5,35,14:00,16:00,14:53,,42.24
21809,2026-03-21,2026-03-21-PM-V2,2,RA-province,B2C,4,43,14:00,18:00,15:25,,42.24
21810,2026-03-21,2026-03-21-PM-V2,3,RA-province,B2C,4,34,14:00,18:00,16:15,,42.24
21811,2026-03-21,2026-03-21-PM-V2,4,RA-province,B2C,2,18,14:00,18:00,17:01,missing_item,42.24
21812,2026-03-21,2026-03-21-PM-V2,5,RA-province,B2C,2,43,14:00,18:00,17:47,,42.24
21813,2026-03-21,2026-03-21-AM-V3,1,FE,B2B,10,66,08:00,10:00,09:30,,65.96
21814,2026-03-21,2026-03-21-AM-V3,2,FE,B2C,2,73,08:00,12:00,10:16,,65.96
21815,2026-03-21,2026-03-21-AM-V3,3,FE,B2C,5,83,08:00,12:00,10:49,,65.96
21816,2026-03-21,2026-03-21-AM-V3,4,FE,B2C,4,92,08:00,12:00,11:55,,65.96
21817,2026-03-21,2026-03-21-PM-V3,1,FC,B2B,7,44,14:00,16:00,15:22,,37.69
21818,2026-03-21,2026-03-21-PM-V3,2,FC,B2B,7,43,14:00,16:00,16:00,,37.69
21819,2026-03-21,2026-03-21-PM-V3,3,FC,B2C,1,41,14:00,18:00,16:32,,37.69
21820,2026-03-21,2026-03-21-PM-V3,4,FC,B2C,2,27,14:00,18:00,17:07,,37.69
21821,2026-03-21,2026-03-21-PM-V3,5,FC,B2C,4,37,14:00,18:00,17:39,,37.69
21822,2026-03-21,2026-03-21-PM-V3,6,FC,B2C,1,37,14:00,18:00,18:28,,37.69
21823,2026-03-22,2026-03-22-AM-V1,1,RA-city,B2B,5,8,08:00,10:00,08:10,,20.63
21824,2026-03-22,2026-03-22-AM-V1,2,RA-city,B2B,4,14,08:00,10:00,08:34,,20.63
21825,2026-03-22,2026-03-22-AM-V1,3,RA-city,B2C,3,15,08:00,12:00,08:59,,20.63
21826,2026-03-22,2026-03-22-AM-V1,4,RA-city,B2C,2,8,08:00,12:00,09:29,,20.63
21827,2026-03-22,2026-03-22-AM-V1,5,RA-city,B2C,1,13,08:00,12:00,09:57,,20.63
21828,2026-03-22,2026-03-22-AM-V1,6,RA-city,B2C,3,5,08:00,12:00,10:19,,20.63
21829,2026-03-22,2026-03-22-AM-V1,7,RA-city,B2C,2,6,08:00,12:00,10:51,,20.63
21830,2026-03-22,2026-03-22-AM-V1,8,RA-city,B2C,3,7,08:00,12:00,11:15,,20.63
21831,2026-03-22,2026-03-22-PM-V1,1,RA-province,B2B,6,19,14:00,16:00,14:26,,27.29
21832,2026-03-22,2026-03-22-PM-V1,2,RA-province,B2B,6,29,14:00,16:00,14:52,,27.29
21833,2026-03-22,2026-03-22-PM-V1,3,RA-province,B2B,3,35,14:00,16:00,15:18,,27.29
21834,2026-03-22,2026-03-22-PM-V1,4,RA-province,B2C,2,42,14:00,18:00,15:46,,27.29
21835,2026-03-22,2026-03-22-PM-V1,5,RA-province,B2C,4,43,14:00,18:00,16:16,,27.29
21836,2026-03-22,2026-03-22-PM-V1,6,RA-province,B2C,2,43,14:00,18:00,16:59,,27.29
21837,2026-03-22,2026-03-22-PM-V1,7,RA-province,B2C,4,29,14:00,18:00,17:28,,27.29
21838,2026-03-22,2026-03-22-AM-V2,1,FC,B2B,8,42,08:00,10:00,09:03,,45.88
21839,2026-03-22,2026-03-22-AM-V2,2,FC,B2B,5,31,08:00,10:00,09:41,,45.88
21840,2026-03-22,2026-03-22-AM-V2,3,FC,B2B,5,50,08:00,10:00,10:23,,45.88
21841,2026-03-22,2026-03-22-AM-V2,4,FC,B2C,1,50,08:00,12:00,10:56,,45.88
21842,2026-03-22,2026-03-22-AM-V2,5,FC,B2C,1,52,08:00,12:00,11:33,,45.88
21843,2026-03-22,2026-03-22-PM-V2,1,RA-province,B2B,6,43,14:00,16:00,14:55,,35.2
21844,2026-03-22,2026-03-22-PM-V2,2,RA-province,B2B,7,35,14:00,16:00,15:27,,35.2
21845,2026-03-22,2026-03-22-PM-V2,3,RA-province,B2C,4,26,14:00,18:00,16:00,,35.2
21846,2026-03-22,2026-03-22-PM-V2,4,RA-province,B2C,3,45,14:00,18:00,16:44,,35.2
21847,2026-03-22,2026-03-22-PM-V2,5,RA-province,B2C,1,44,14:00,18:00,17:18,,35.2
21848,2026-03-22,2026-03-22-PM-V2,6,RA-province,B2C,3,41,14:00,18:00,17:45,,35.2
21849,2026-03-22,2026-03-22-AM-V3,1,RA-city,B2B,4,17,08:00,10:00,08:17,,28.59
21850,2026-03-22,2026-03-22-AM-V3,2,RA-city,B2B,7,20,08:00,10:00,08:39,,28.59
21851,2026-03-22,2026-03-22-AM-V3,3,RA-city,B2C,2,10,08:00,12:00,09:05,,28.59
21852,2026-03-22,2026-03-22-AM-V3,4,RA-city,B2C,2,5,08:00,12:00,09:34,,28.59
21853,2026-03-22,2026-03-22-AM-V3,5,RA-city,B2C,1,18,08:00,12:00,10:02,,28.59
21854,2026-03-22,2026-03-22-AM-V3,6,RA-city,B2C,2,15,08:00,12:00,10:25,,28.59
21855,2026-03-22,2026-03-22-PM-V3,1,RA-city,B2B,4,10,14:00,16:00,14:09,,21.2
21856,2026-03-22,2026-03-22-PM-V3,2,RA-city,B2B,8,12,14:00,16:00,14:28,,21.2
21857,2026-03-22,2026-03-22-PM-V3,3,RA-city,B2C,2,13,14:00,18:00,14:57,,21.2
21858,2026-03-22,2026-03-22-PM-V3,4,RA-city,B2C,1,15,14:00,18:00,15:25,,21.2
21859,2026-03-22,2026-03-22-PM-V3,5,RA-city,B2C,1,20,14:00,18:00,15:49,,21.2
21860,2026-03-22,2026-03-22-PM-V3,6,RA-city,B2C,4,18,14:00,18:00,16:13,,21.2
21861,2026-03-22,2026-03-22-PM-V3,7,RA-city,B2C,4,15,14:00,18:00,16:52,,21.2
21862,2026-03-22,2026-03-22-PM-V3,8,RA-city,B2C,4,10,14:00,18:00,17:30,,21.2
21863,2026-03-25,2026-03-25-AM-V1,1,RA-province,B2B,6,28,08:00,10:00,08:30,,37.17
21864,2026-03-25,2026-03-25-AM-V1,2,RA-province,B2C,2,24,08:00,12:00,09:06,,37.17
21865,2026-03-25,2026-03-25-AM-V1,3,RA-province,B2C,3,25,08:00,12:00,09:34,,37.17
21866,2026-03-25,2026-03-25-AM-V1,4,RA-province,B2C,1,20,08:00,12:00,10:18,,37.17
21867,2026-03-25,2026-03-25-AM-V1,5,RA-province,B2C,1,15,08:00,12:00,10:49,,37.17
21868,2026-03-25,2026-03-25-PM-V1,1,RA-province,B2B,7,15,14:00,16:00,14:14,,39.12
21869,2026-03-25,2026-03-25-PM-V1,2,RA-province,B2C,1,30,14:00,18:00,14:45,,39.12
21870,2026-03-25,2026-03-25-PM-V1,3,RA-province,B2C,2,42,14:00,18:00,15:12,,39.12
21871,2026-03-25,2026-03-25-PM-V1,4,RA-province,B2C,1,29,14:00,18:00,15:46,,39.12
21872,2026-03-25,2026-03-25-PM-V1,5,RA-province,B2C,1,45,14:00,18:00,16:18,,39.12
21873,2026-03-25,2026-03-25-AM-V2,1,RA-city,B2B,7,7,08:00,10:00,08:09,,21.28
21874,2026-03-25,2026-03-25-AM-V2,2,RA-city,B2B,6,16,08:00,10:00,08:35,,21.28
21875,2026-03-25,2026-03-25-AM-V2,3,RA-city,B2B,8,20,08:00,10:00,09:02,,21.28
21876,2026-03-25,2026-03-25-AM-V2,4,RA-city,B2B,3,13,08:00,10:00,09:28,,21.28
21877,2026-03-25,2026-03-25-AM-V2,5,RA-city,B2B,8,13,08:00,10:00,09:48,,21.28
21878,2026-03-25,2026-03-25-AM-V2,6,RA-city,B2C,4,6,08:00,12:00,10:22,,21.28
21879,2026-03-25,2026-03-25-AM-V2,7,RA-city,B2C,1,15,08:00,12:00,11:00,,21.28
21880,2026-03-25,2026-03-25-AM-V2,8,RA-city,B2C,2,15,08:00,12:00,11:21,,21.28
21881,2026-03-25,2026-03-25-PM-V2,1,RA-city,B2B,8,15,14:00,16:00,14:22,,22.5
21882,2026-03-25,2026-03-25-PM-V2,2,RA-city,B2B,6,15,14:00,16:00,14:56,,22.5
21883,2026-03-25,2026-03-25-PM-V2,3,RA-city,B2B,7,19,14:00,16:00,15:21,,22.5
21884,2026-03-25,2026-03-25-PM-V2,4,RA-city,B2C,4,11,14:00,18:00,15:53,,22.5
21885,2026-03-25,2026-03-25-PM-V2,5,RA-city,B2C,2,5,14:00,18:00,16:30,,22.5
21886,2026-03-25,2026-03-25-PM-V2,6,RA-city,B2C,2,15,14:00,18:00,16:55,,22.5
21887,2026-03-25,2026-03-25-PM-V2,7,RA-city,B2C,1,9,14:00,18:00,17:25,,22.5
21888,2026-03-25,2026-03-25-PM-V2,8,RA-city,B2C,4,20,14:00,18:00,17:51,,22.5
21889,2026-03-25,2026-03-25-AM-V3,1,BO,B2C,4,60,08:00,12:00,09:06,,62.88
21890,2026-03-25,2026-03-25-AM-V3,2,BO,B2C,3,74,08:00,12:00,09:50,,62.88
21891,2026-03-25,2026-03-25-AM-V3,3,BO,B2C,4,84,08:00,12:00,10:35,,62.88
21892,2026-03-25,2026-03-25-AM-V3,4,BO,B2C,6,84,08:00,12:00,11:23,,62.88
21893,2026-03-25,2026-03-25-PM-V3,1,RN,B2B,5,59,14:00,16:00,15:07,,38.34
21894,2026-03-25,2026-03-25-PM-V3,2,RN,B2B,6,66,14:00,16:00,15:34,,38.34
21895,2026-03-25,2026-03-25-PM-V3,3,RN,B2B,9,55,14:00,16:00,16:00,,38.34
21896,2026-03-25,2026-03-25-PM-V3,4,RN,B2C,5,58,14:00,18:00,16:34,,38.34
21897,2026-03-25,2026-03-25-PM-V3,5,RN,B2C,6,74,14:00,18:00,17:29,,38.34
21898,2026-03-25,2026-03-25-PM-V3,6,RN,B2C,4,47,14:00,18:00,18:27,,38.34
21899,2026-03-26,2026-03-26-AM-V1,1,RA-province,B2B,5,32,08:00,10:00,08:48,,29.8
21900,2026-03-26,2026-03-26-AM-V1,2,RA-province,B2B,6,42,08:00,10:00,09:19,,29.8
21901,2026-03-26,2026-03-26-AM-V1,3,RA-province,B2C,1,20,08:00,12:00,09:52,,29.8
21902,2026-03-26,2026-03-26-AM-V1,4,RA-province,B2C,1,33,08:00,12:00,10:17,,29.8
21903,2026-03-26,2026-03-26-AM-V1,5,RA-province,B2C,3,43,08:00,12:00,10:50,,29.8
21904,2026-03-26,2026-03-26-AM-V1,6,RA-province,B2C,3,36,08:00,12:00,11:29,,29.8
21905,2026-03-26,2026-03-26-AM-V1,7,RA-province,B2C,4,34,08:00,12:00,12:03,missing_item,29.8
21906,2026-03-26,2026-03-26-PM-V1,1,FE,B2B,5,103,14:00,16:00,15:50,,59.79
21907,2026-03-26,2026-03-26-PM-V1,2,FE,B2B,9,68,14:00,16:00,16:25,,59.79
21908,2026-03-26,2026-03-26-PM-V1,3,FE,B2C,6,85,14:00,18:00,17:08,,59.79
21909,2026-03-26,2026-03-26-PM-V1,4,FE,B2C,2,64,14:00,18:00,18:09,,59.79
21910,2026-03-26,2026-03-26-PM-V1,5,FE,B2C,3,91,14:00,18:00,18:50,,59.79
21911,2026-03-26,2026-03-26-AM-V2,1,RA-province,B2B,3,27,08:00,10:00,08:30,,37.43
21912,2026-03-26,2026-03-26-AM-V2,2,RA-province,B2B,4,44,08:00,10:00,08:49,,37.43
21913,2026-03-26,2026-03-26-AM-V2,3,RA-province,B2B,7,31,08:00,10:00,09:13,,37.43
21914,2026-03-26,2026-03-26-AM-V2,4,RA-province,B2B,3,25,08:00,10:00,09:54,,37.43
21915,2026-03-26,2026-03-26-AM-V2,5,RA-province,B2C,3,26,08:00,12:00,10:20,,37.43
21916,2026-03-26,2026-03-26-PM-V2,1,RN,B2B,4,73,14:00,16:00,15:32,,41.59
21917,2026-03-26,2026-03-26-PM-V2,2,RN,B2B,7,79,14:00,16:00,16:03,,41.59
21918,2026-03-26,2026-03-26-PM-V2,3,RN,B2C,6,56,14:00,18:00,16:40,,41.59
21919,2026-03-26,2026-03-26-PM-V2,4,RN,B2C,6,69,14:00,18:00,17:30,missing_item,41.59
21920,2026-03-26,2026-03-26-PM-V2,5,RN,B2C,4,60,14:00,18:00,18:28,,41.59
21921,2026-03-26,2026-03-26-PM-V2,6,RN,B2C,5,66,14:00,18:00,19:10,,41.59
21922,2026-03-26,2026-03-26-AM-V3,1,RA-city,B2B,7,14,08:00,10:00,08:16,,24.32
21923,2026-03-26,2026-03-26-AM-V3,2,RA-city,B2B,6,15,08:00,10:00,08:40,,24.32
21924,2026-03-26,2026-03-26-AM-V3,3,RA-city,B2B,5,6,08:00,10:00,09:08,,24.32
21925,2026-03-26,2026-03-26-AM-V3,4,RA-city,B2B,3,13,08:00,10:00,09:35,,24.32
21926,2026-03-26,2026-03-26-AM-V3,5,RA-city,B2C,1,10,08:00,12:00,09:52,,24.32
21927,2026-03-26,2026-03-26-AM-V3,6,RA-city,B2C,4,5,08:00,12:00,10:10,,24.32
21928,2026-03-26,2026-03-26-AM-V3,7,RA-city,B2C,4,20,08:00,12:00,10:49,,24.32
21929,2026-03-26,2026-03-26-PM-V3,1,RA-city,B2B,7,9,14:00,16:00,14:10,,26.97
21930,2026-03-26,2026-03-26-PM-V3,2,RA-city,B2B,4,6,14:00,16:00,14:34,,26.97
21931,2026-03-26,2026-03-26-PM-V3,3,RA-city,B2C,4,15,14:00,18:00,14:56,,26.97
21932,2026-03-26,2026-03-26-PM-V3,4,RA-city,B2C,2,10,14:00,18:00,15:37,,26.97
21933,2026-03-26,2026-03-26-PM-V3,5,RA-city,B2C,3,16,14:00,18:00,16:07,,26.97
21934,2026-03-26,2026-03-26-PM-V3,6,RA-city,B2C,1,14,14:00,18:00,16:37,,26.97
21935,2026-03-27,2026-03-27-AM-V1,1,BO,B2B,5,83,08:00,10:00,09:29,,62.55
21936,2026-03-27,2026-03-27-AM-V1,2,BO,B2B,10,87,08:00,10:00,09:57,,62.55
21937,2026-03-27,2026-03-27-AM-V1,3,BO,B2C,2,84,08:00,12:00,10:37,,62.55
21938,2026-03-27,2026-03-27-AM-V1,4,BO,B2C,4,72,08:00,12:00,11:09,,62.55
21939,2026-03-27,2026-03-27-PM-V1,1,RA-province,B2B,4,17,14:00,16:00,14:25,,28.13
21940,2026-03-27,2026-03-27-PM-V1,2,RA-province,B2B,4,25,14:00,16:00,14:55,,28.13
21941,2026-03-27,2026-03-27-PM-V1,3,RA-province,B2B,6,37,14:00,16:00,15:21,,28.13
21942,2026-03-27,2026-03-27-PM-V1,4,RA-province,B2B,8,23,14:00,16:00,15:57,,28.13
21943,2026-03-27,2026-03-27-PM-V1,5,RA-province,B2C,3,39,14:00,18:00,16:25,missing_item,28.13
21944,2026-03-27,2026-03-27-PM-V1,6,RA-province,B2C,4,29,14:00,18:00,17:10,missing_item,28.13
21945,2026-03-27,2026-03-27-PM-V1,7,RA-province,B2C,3,28,14:00,18:00,18:04,,28.13
21946,2026-03-27,2026-03-27-AM-V2,1,BO,B2C,2,81,08:00,12:00,09:27,,62.39
21947,2026-03-27,2026-03-27-AM-V2,2,BO,B2C,5,52,08:00,12:00,10:05,,62.39
21948,2026-03-27,2026-03-27-AM-V2,3,BO,B2C,2,57,08:00,12:00,11:02,,62.39
21949,2026-03-27,2026-03-27-AM-V2,4,BO,B2C,5,60,08:00,12:00,11:42,,62.39
21950,2026-03-27,2026-03-27-PM-V2,1,RN,B2B,10,71,14:00,16:00,15:40,,48.35
21951,2026-03-27,2026-03-27-PM-V2,2,RN,B2C,6,50,14:00,18:00,16:26,,48.35
21952,2026-03-27,2026-03-27-PM-V2,3,RN,B2C,6,46,14:00,18:00,17:16,,48.35
21953,2026-03-27,2026-03-27-PM-V2,4,RN,B2C,2,65,14:00,18:00,18:07,,48.35
21954,2026-03-27,2026-03-27-PM-V2,5,RN,B2C,6,62,14:00,18:00,18:36,missing_item,48.35
21955,2026-03-27,2026-03-27-AM-V3,1,RA-city,B2B,6,14,08:00,10:00,08:18,,24.6
21956,2026-03-27,2026-03-27-AM-V3,2,RA-city,B2B,4,19,08:00,10:00,08:46,,24.6
21957,2026-03-27,2026-03-27-AM-V3,3,RA-city,B2C,1,16,08:00,12:00,09:04,,24.6
21958,2026-03-27,2026-03-27-AM-V3,4,RA-city,B2C,2,5,08:00,12:00,09:30,,24.6
21959,2026-03-27,2026-03-27-AM-V3,5,RA-city,B2C,4,7,08:00,12:00,09:59,transport_damage,24.6
21960,2026-03-27,2026-03-27-AM-V3,6,RA-city,B2C,4,9,08:00,12:00,10:45,,24.6
21961,2026-03-27,2026-03-27-AM-V3,7,RA-city,B2C,2,19,08:00,12:00,11:22,,24.6
21962,2026-03-27,2026-03-27-PM-V3,1,BO,B2B,10,79,14:00,16:00,15:23,,53.68
21963,2026-03-27,2026-03-27-PM-V3,2,BO,B2C,6,88,14:00,18:00,16:10,,53.68
21964,2026-03-27,2026-03-27-PM-V3,3,BO,B2C,6,87,14:00,18:00,17:05,,53.68
21965,2026-03-27,2026-03-27-PM-V3,4,BO,B2C,5,73,14:00,18:00,18:04,,53.68
21966,2026-03-27,2026-03-27-PM-V3,5,BO,B2C,5,78,14:00,18:00,18:58,,53.68
21967,2026-03-28,2026-03-28-AM-V1,1,RA-province,B2C,4,33,08:00,12:00,08:37,,32.06
21968,2026-03-28,2026-03-28-AM-V1,2,RA-province,B2C,2,27,08:00,12:00,09:17,,32.06
21969,2026-03-28,2026-03-28-AM-V1,3,RA-province,B2C,3,43,08:00,12:00,09:45,missing_item,32.06
21970,2026-03-28,2026-03-28-AM-V1,4,RA-province,B2C,1,29,08:00,12:00,10:38,,32.06
21971,2026-03-28,2026-03-28-AM-V1,5,RA-province,B2C,2,22,08:00,12:00,11:00,,32.06
21972,2026-03-28,2026-03-28-AM-V1,6,RA-province,B2C,3,21,08:00,12:00,11:34,,32.06
21973,2026-03-28,2026-03-28-PM-V1,1,FC,B2B,8,39,14:00,16:00,14:49,,42.11
21974,2026-03-28,2026-03-28-PM-V1,2,FC,B2B,4,48,14:00,16:00,15:19,,42.11
21975,2026-03-28,2026-03-28-PM-V1,3,FC,B2B,7,46,14:00,16:00,15:46,,42.11
21976,2026-03-28,2026-03-28-PM-V1,4,FC,B2C,2,29,14:00,18:00,16:18,,42.11
21977,2026-03-28,2026-03-28-PM-V1,5,FC,B2C,4,42,14:00,18:00,16:56,,42.11
21978,2026-03-28,2026-03-28-AM-V2,1,RA-province,B2B,5,44,08:00,10:00,08:53,,39.64
21979,2026-03-28,2026-03-28-AM-V2,2,RA-province,B2B,3,40,08:00,10:00,09:17,,39.64
21980,2026-03-28,2026-03-28-AM-V2,3,RA-province,B2B,8,20,08:00,10:00,09:44,,39.64
21981,2026-03-28,2026-03-28-AM-V2,4,RA-province,B2B,4,21,08:00,10:00,10:13,,39.64
21982,2026-03-28,2026-03-28-AM-V2,5,RA-province,B2C,2,31,08:00,12:00,10:38,,39.64
21983,2026-03-28,2026-03-28-PM-V2,1,BO,B2B,6,85,14:00,16:00,15:24,,51.99
21984,2026-03-28,2026-03-28-PM-V2,2,BO,B2B,8,75,14:00,16:00,15:51,,51.99
21985,2026-03-28,2026-03-28-PM-V2,3,BO,B2C,3,54,14:00,18:00,16:25,,51.99
21986,2026-03-28,2026-03-28-PM-V2,4,BO,B2C,4,65,14:00,18:00,17:02,,51.99
21987,2026-03-28,2026-03-28-PM-V2,5,BO,B2C,2,73,14:00,18:00,17:53,,51.99
21988,2026-03-28,2026-03-28-AM-V3,1,RA-province,B2B,4,21,08:00,10:00,08:23,,32.06
21989,2026-03-28,2026-03-28-AM-V3,2,RA-province,B2C,2,36,08:00,12:00,08:46,,32.06
21990,2026-03-28,2026-03-28-AM-V3,3,RA-province,B2C,2,35,08:00,12:00,09:17,,32.06
21991,2026-03-28,2026-03-28-AM-V3,4,RA-province,B2C,1,37,08:00,12:00,09:51,,32.06
21992,2026-03-28,2026-03-28-AM-V3,5,RA-province,B2C,3,18,08:00,12:00,10:22,,32.06
21993,2026-03-28,2026-03-28-AM-V3,6,RA-province,B2C,3,34,08:00,12:00,10:56,,32.06
21994,2026-03-28,2026-03-28-PM-V3,1,RA-province,B2B,3,45,14:00,16:00,14:52,,34.12
21995,2026-03-28,2026-03-28-PM-V3,2,RA-province,B2B,6,24,14:00,16:00,15:13,,34.12
21996,2026-03-28,2026-03-28-PM-V3,3,RA-province,B2C,1,29,14:00,18:00,15:48,,34.12
21997,2026-03-28,2026-03-28-PM-V3,4,RA-province,B2C,2,23,14:00,18:00,16:15,,34.12
21998,2026-03-28,2026-03-28-PM-V3,5,RA-province,B2C,2,44,14:00,18:00,16:48,,34.12
21999,2026-03-28,2026-03-28-PM-V3,6,RA-province,B2C,2,26,14:00,18:00,17:19,,34.12
22000,2026-03-29,2026-03-29-AM-V1,1,RA-city,B2B,7,14,08:00,10:00,08:20,,23.95
22001,2026-03-29,2026-03-29-AM-V1,2,RA-city,B2B,4,16,08:00,10:00,08:43,,23.95
22002,2026-03-29,2026-03-29-AM-V1,3,RA-city,B2B,6,8,08:00,10:00,09:02,,23.95
22003,2026-03-29,2026-03-29-AM-V1,4,RA-city,B2B,5,14,08:00,10:00,09:28,,23.95
22004,2026-03-29,2026-03-29-AM-V1,5,RA-city,B2C,2,17,08:00,12:00,09:49,,23.95
22005,2026-03-29,2026-03-29-AM-V1,6,RA-city,B2C,3,15,08:00,12:00,10:13,,23.95
22006,2026-03-29,2026-03-29-AM-V1,7,RA-city,B2C,2,18,08:00,12:00,10:48,,23.95
22007,2026-03-29,2026-03-29-PM-V1,1,RA-city,B2B,3,5,14:00,16:00,14:05,,23.58
22008,2026-03-29,2026-03-29-PM-V1,2,RA-city,B2B,4,9,14:00,16:00,14:22,,23.58
22009,2026-03-29,2026-03-29-PM-V1,3,RA-city,B2C,4,7,14:00,18:00,14:45,,23.58
22010,2026-03-29,2026-03-29-PM-V1,4,RA-city,B2C,4,12,14:00,18:00,15:23,,23.58
22011,2026-03-29,2026-03-29-PM-V1,5,RA-city,B2C,4,18,14:00,18:00,15:58,,23.58
22012,2026-03-29,2026-03-29-PM-V1,6,RA-city,B2C,3,10,14:00,18:00,16:38,,23.58
22013,2026-03-29,2026-03-29-PM-V1,7,RA-city,B2C,4,16,14:00,18:00,17:11,,23.58
22014,2026-03-29,2026-03-29-AM-V2,1,RA-province,B2B,3,32,08:00,10:00,08:38,,33.03
22015,2026-03-29,2026-03-29-AM-V2,2,RA-province,B2B,8,42,08:00,10:00,09:06,,33.03
22016,2026-03-29,2026-03-29-AM-V2,3,RA-province,B2C,2,29,08:00,12:00,09:37,wrong_address,33.03
22017,2026-03-29,2026-03-29-AM-V2,4,RA-province,B2C,1,30,08:00,12:00,10:27,,33.03
22018,2026-03-29,2026-03-29-AM-V2,5,RA-province,B2C,4,36,08:00,12:00,10:56,,33.03
22019,2026-03-29,2026-03-29-AM-V2,6,RA-province,B2C,1,16,08:00,12:00,11:38,,33.03
22020,2026-03-29,2026-03-29-PM-V2,1,RA-province,B2C,4,36,14:00,18:00,14:53,,37.04
22021,2026-03-29,2026-03-29-PM-V2,2,RA-province,B2C,1,41,14:00,18:00,15:33,,37.04
22022,2026-03-29,2026-03-29-PM-V2,3,RA-province,B2C,3,40,14:00,18:00,15:55,,37.04
22023,2026-03-29,2026-03-29-PM-V2,4,RA-province,B2C,1,45,14:00,18:00,16:29,,37.04
22024,2026-03-29,2026-03-29-PM-V2,5,RA-province,B2C,2,23,14:00,18:00,16:53,,37.04
22025,2026-03-29,2026-03-29-AM-V3,1,BO,B2B,9,90,08:00,10:00,09:40,,65.15
22026,2026-03-29,2026-03-29-AM-V3,2,BO,B2B,5,64,08:00,10:00,10:18,,65.15
22027,2026-03-29,2026-03-29-AM-V3,3,BO,B2C,6,52,08:00,12:00,10:49,,65.15
22028,2026-03-29,2026-03-29-AM-V3,4,BO,B2C,2,84,08:00,12:00,11:38,,65.15
22029,2026-03-29,2026-03-29-PM-V3,1,FC,B2B,6,30,14:00,16:00,14:44,,36.28
22030,2026-03-29,2026-03-29-PM-V3,2,FC,B2B,5,30,14:00,16:00,15:17,,36.28
22031,2026-03-29,2026-03-29-PM-V3,3,FC,B2C,1,50,14:00,18:00,15:45,,36.28
22032,2026-03-29,2026-03-29-PM-V3,4,FC,B2C,2,57,14:00,18:00,16:11,,36.28
22033,2026-03-29,2026-03-29-PM-V3,5,FC,B2C,2,38,14:00,18:00,16:46,,36.28
22034,2026-03-29,2026-03-29-PM-V3,6,FC,B2C,2,49,14:00,18:00,17:24,,36.28
22035,2026-04-01,2026-04-01-AM-V1,1,RA-province,B2B,5,36,08:00,10:00,08:49,,30.08
22036,2026-04-01,2026-04-01-AM-V1,2,RA-province,B2B,7,17,08:00,10:00,09:14,,30.08
22037,2026-04-01,2026-04-01-AM-V1,3,RA-province,B2B,6,35,08:00,10:00,09:43,transport_damage,30.08
22038,2026-04-01,2026-04-01-AM-V1,4,RA-province,B2C,2,31,08:00,12:00,10:22,,30.08
22039,2026-04-01,2026-04-01-AM-V1,5,RA-province,B2C,2,28,08:00,12:00,10:53,,30.08
22040,2026-04-01,2026-04-01-AM-V1,6,RA-province,B2C,4,26,08:00,12:00,11:30,,30.08
22041,2026-04-01,2026-04-01-AM-V1,7,RA-province,B2C,3,40,08:00,12:00,12:08,,30.08
22042,2026-04-01,2026-04-01-PM-V1,1,RA-province,B2B,4,37,14:00,16:00,14:46,,28.35
22043,2026-04-01,2026-04-01-PM-V1,2,RA-province,B2B,3,30,14:00,16:00,15:07,,28.35
22044,2026-04-01,2026-04-01-PM-V1,3,RA-province,B2C,3,40,14:00,18:00,15:34,,28.35
22045,2026-04-01,2026-04-01-PM-V1,4,RA-province,B2C,1,37,14:00,18:00,16:14,,28.35
22046,2026-04-01,2026-04-01-PM-V1,5,RA-province,B2C,2,17,14:00,18:00,16:44,,28.35
22047,2026-04-01,2026-04-01-PM-V1,6,RA-province,B2C,2,37,14:00,18:00,17:14,,28.35
22048,2026-04-01,2026-04-01-PM-V1,7,RA-province,B2C,4,37,14:00,18:00,17:47,,28.35
22049,2026-04-01,2026-04-01-PM-V1,8,RA-province,B2C,1,44,14:00,18:00,18:29,,28.35
22050,2026-04-01,2026-04-01-AM-V2,1,BO,B2B,10,63,08:00,10:00,09:14,,50.43
22051,2026-04-01,2026-04-01-AM-V2,2,BO,B2C,4,90,08:00,12:00,10:01,,50.43
22052,2026-04-01,2026-04-01-AM-V2,3,BO,B2C,5,75,08:00,12:00,10:50,,50.43
22053,2026-04-01,2026-04-01-AM-V2,4,BO,B2C,2,50,08:00,12:00,11:48,,50.43
22054,2026-04-01,2026-04-01-AM-V2,5,BO,B2C,6,66,08:00,12:00,12:25,,50.43
22055,2026-04-01,2026-04-01-PM-V2,1,RA-city,B2B,8,18,14:00,16:00,14:59,,19.71
22056,2026-04-01,2026-04-01-PM-V2,2,RA-city,B2B,7,18,14:00,16:00,15:29,,19.71
22057,2026-04-01,2026-04-01-PM-V2,3,RA-city,B2B,8,19,14:00,16:00,15:56,,19.71
22058,2026-04-01,2026-04-01-PM-V2,4,RA-city,B2C,4,9,14:00,18:00,16:25,,19.71
22059,2026-04-01,2026-04-01-PM-V2,5,RA-city,B2C,4,16,14:00,18:00,17:02,,19.71
22060,2026-04-01,2026-04-01-PM-V2,6,RA-city,B2C,2,18,14:00,18:00,17:40,,19.71
22061,2026-04-01,2026-04-01-PM-V2,7,RA-city,B2C,1,8,14:00,18:00,18:11,,19.71
22062,2026-04-01,2026-04-01-PM-V2,8,RA-city,B2C,2,16,14:00,18:00,18:33,,19.71
22063,2026-04-01,2026-04-01-PM-V2,9,RA-city,B2C,3,6,14:00,18:00,19:01,,19.71
22064,2026-04-01,2026-04-01-AM-V3,1,FE,B2B,4,86,08:00,10:00,09:53,,64.99
22065,2026-04-01,2026-04-01-AM-V3,2,FE,B2C,4,106,08:00,12:00,10:36,,64.99
22066,2026-04-01,2026-04-01-AM-V3,3,FE,B2C,2,89,08:00,12:00,11:26,,64.99
22067,2026-04-01,2026-04-01-AM-V3,4,FE,B2C,6,74,08:00,12:00,11:59,,64.99
22068,2026-04-01,2026-04-01-PM-V3,1,BO,B2B,6,57,14:00,16:00,15:41,,49.65
22069,2026-04-01,2026-04-01-PM-V3,2,BO,B2B,10,80,14:00,16:00,16:15,,49.65
22070,2026-04-01,2026-04-01-PM-V3,3,BO,B2C,5,79,14:00,18:00,16:57,,49.65
22071,2026-04-01,2026-04-01-PM-V3,4,BO,B2C,2,53,14:00,18:00,17:50,,49.65
22072,2026-04-01,2026-04-01-PM-V3,5,BO,B2C,3,68,14:00,18:00,18:30,,49.65
22073,2026-04-02,2026-04-02-AM-V1,1,BO,B2B,7,61,08:00,10:00,09:24,,54.2
22074,2026-04-02,2026-04-02-AM-V1,2,BO,B2C,2,83,08:00,12:00,10:11,,54.2
22075,2026-04-02,2026-04-02-AM-V1,3,BO,B2C,5,60,08:00,12:00,10:56,,54.2
22076,2026-04-02,2026-04-02-AM-V1,4,BO,B2C,3,81,08:00,12:00,11:52,,54.2
22077,2026-04-02,2026-04-02-AM-V1,5,BO,B2C,4,89,08:00,12:00,12:29,,54.2
22078,2026-04-02,2026-04-02-PM-V1,1,BO,B2C,4,50,14:00,18:00,16:02,,55.24
22079,2026-04-02,2026-04-02-PM-V1,2,BO,B2C,2,80,14:00,18:00,16:58,,55.24
22080,2026-04-02,2026-04-02-PM-V1,3,BO,B2C,3,74,14:00,18:00,17:29,,55.24
22081,2026-04-02,2026-04-02-PM-V1,4,BO,B2C,5,57,14:00,18:00,18:08,,55.24
22082,2026-04-02,2026-04-02-AM-V2,1,RA-province,B2B,6,27,08:00,10:00,08:37,,31.62
22083,2026-04-02,2026-04-02-AM-V2,2,RA-province,B2B,3,31,08:00,10:00,09:06,,31.62
22084,2026-04-02,2026-04-02-AM-V2,3,RA-province,B2C,4,20,08:00,12:00,09:26,,31.62
22085,2026-04-02,2026-04-02-AM-V2,4,RA-province,B2C,3,21,08:00,12:00,10:09,,31.62
22086,2026-04-02,2026-04-02-AM-V2,5,RA-province,B2C,3,43,08:00,12:00,10:48,,31.62
22087,2026-04-02,2026-04-02-AM-V2,6,RA-province,B2C,4,19,08:00,12:00,11:25,,31.62
22088,2026-04-02,2026-04-02-PM-V2,1,BO,B2B,7,79,14:00,16:00,15:51,,53.16
22089,2026-04-02,2026-04-02-PM-V2,2,BO,B2B,6,54,14:00,16:00,16:38,,53.16
22090,2026-04-02,2026-04-02-PM-V2,3,BO,B2B,5,57,14:00,16:00,17:08,,53.16
22091,2026-04-02,2026-04-02-PM-V2,4,BO,B2C,4,57,14:00,18:00,17:49,,53.16
22092,2026-04-02,2026-04-02-PM-V2,5,BO,B2C,6,68,14:00,18:00,18:41,,53.16
22093,2026-04-02,2026-04-02-AM-V3,1,RA-city,B2B,5,11,08:00,10:00,08:11,,20.55
22094,2026-04-02,2026-04-02-AM-V3,2,RA-city,B2B,5,12,08:00,10:00,08:34,,20.55
22095,2026-04-02,2026-04-02-AM-V3,3,RA-city,B2B,6,14,08:00,10:00,08:58,,20.55
22096,2026-04-02,2026-04-02-AM-V3,4,RA-city,B2C,2,15,08:00,12:00,09:25,,20.55
22097,2026-04-02,2026-04-02-AM-V3,5,RA-city,B2C,3,10,08:00,12:00,09:53,,20.55
22098,2026-04-02,2026-04-02-AM-V3,6,RA-city,B2C,4,11,08:00,12:00,10:24,,20.55
22099,2026-04-02,2026-04-02-AM-V3,7,RA-city,B2C,4,16,08:00,12:00,10:58,,20.55
22100,2026-04-02,2026-04-02-AM-V3,8,RA-city,B2C,2,5,08:00,12:00,11:36,,20.55
22101,2026-04-02,2026-04-02-PM-V3,1,RN,B2B,6,56,14:00,16:00,15:16,missing_item,53.29
22102,2026-04-02,2026-04-02-PM-V3,2,RN,B2C,2,75,14:00,18:00,15:52,,53.29
22103,2026-04-02,2026-04-02-PM-V3,3,RN,B2C,2,48,14:00,18:00,16:21,,53.29
22104,2026-04-02,2026-04-02-PM-V3,4,RN,B2C,3,48,14:00,18:00,17:00,,53.29
22105,2026-04-03,2026-04-03-AM-V1,1,RA-city,B2B,4,20,08:00,10:00,08:27,,22.09
22106,2026-04-03,2026-04-03-AM-V1,2,RA-city,B2C,1,9,08:00,12:00,08:47,,22.09
22107,2026-04-03,2026-04-03-AM-V1,3,RA-city,B2C,3,14,08:00,12:00,09:09,,22.09
22108,2026-04-03,2026-04-03-AM-V1,4,RA-city,B2C,3,15,08:00,12:00,09:40,,22.09
22109,2026-04-03,2026-04-03-AM-V1,5,RA-city,B2C,1,19,08:00,12:00,10:14,,22.09
22110,2026-04-03,2026-04-03-AM-V1,6,RA-city,B2C,4,13,08:00,12:00,10:36,,22.09
22111,2026-04-03,2026-04-03-AM-V1,7,RA-city,B2C,4,18,08:00,12:00,11:14,,22.09
22112,2026-04-03,2026-04-03-AM-V1,8,RA-city,B2C,2,9,08:00,12:00,11:56,,22.09
22113,2026-04-03,2026-04-03-PM-V1,1,FC,B2B,6,55,14:00,16:00,15:04,,36.02
22114,2026-04-03,2026-04-03-PM-V1,2,FC,B2B,3,57,14:00,16:00,15:34,transport_damage,36.02
22115,2026-04-03,2026-04-03-PM-V1,3,FC,B2B,7,37,14:00,16:00,16:13,,36.02
22116,2026-04-03,2026-04-03-PM-V1,4,FC,B2C,1,60,14:00,18:00,16:46,,36.02
22117,2026-04-03,2026-04-03-PM-V1,5,FC,B2C,2,33,14:00,18:00,17:24,,36.02
22118,2026-04-03,2026-04-03-PM-V1,6,FC,B2C,1,30,14:00,18:00,18:04,,36.02
22119,2026-04-03,2026-04-03-PM-V1,7,FC,B2C,1,59,14:00,18:00,18:33,,36.02
22120,2026-04-03,2026-04-03-AM-V2,1,FC,B2B,5,33,08:00,10:00,08:36,,36.61
22121,2026-04-03,2026-04-03-AM-V2,2,FC,B2B,4,52,08:00,10:00,09:08,,36.61
22122,2026-04-03,2026-04-03-AM-V2,3,FC,B2C,3,51,08:00,12:00,09:41,,36.61
22123,2026-04-03,2026-04-03-AM-V2,4,FC,B2C,2,47,08:00,12:00,10:19,,36.61
22124,2026-04-03,2026-04-03-AM-V2,5,FC,B2C,1,31,08:00,12:00,11:03,,36.61
22125,2026-04-03,2026-04-03-AM-V2,6,FC,B2C,2,47,08:00,12:00,11:29,,36.61
22126,2026-04-03,2026-04-03-PM-V2,1,RA-province,B2B,8,40,14:00,16:00,14:54,,30.64
22127,2026-04-03,2026-04-03-PM-V2,2,RA-province,B2B,8,39,14:00,16:00,15:35,,30.64
22128,2026-04-03,2026-04-03-PM-V2,3,RA-province,B2B,5,36,14:00,16:00,16:07,,30.64
22129,2026-04-03,2026-04-03-PM-V2,4,RA-province,B2B,4,44,14:00,16:00,16:29,,30.64
22130,2026-04-03,2026-04-03-PM-V2,5,RA-province,B2C,1,39,14:00,18:00,16:53,,30.64
22131,2026-04-03,2026-04-03-PM-V2,6,RA-province,B2C,1,37,14:00,18:00,17:20,,30.64
22132,2026-04-03,2026-04-03-PM-V2,7,RA-province,B2C,2,43,14:00,18:00,17:44,refused,30.64
22133,2026-04-03,2026-04-03-AM-V3,1,RA-province,B2B,8,18,08:00,10:00,08:24,,31.41
22134,2026-04-03,2026-04-03-AM-V3,2,RA-province,B2C,3,39,08:00,12:00,09:00,,31.41
22135,2026-04-03,2026-04-03-AM-V3,3,RA-province,B2C,4,24,08:00,12:00,09:38,,31.41
22136,2026-04-03,2026-04-03-AM-V3,4,RA-province,B2C,4,29,08:00,12:00,10:21,,31.41
22137,2026-04-03,2026-04-03-AM-V3,5,RA-province,B2C,2,16,08:00,12:00,11:04,,31.41
22138,2026-04-03,2026-04-03-AM-V3,6,RA-province,B2C,1,24,08:00,12:00,11:35,,31.41
22139,2026-04-03,2026-04-03-PM-V3,1,RA-province,B2B,8,29,14:00,16:00,14:36,,30.82
22140,2026-04-03,2026-04-03-PM-V3,2,RA-province,B2B,6,45,14:00,16:00,15:11,,30.82
22141,2026-04-03,2026-04-03-PM-V3,3,RA-province,B2C,1,35,14:00,18:00,15:41,,30.82
22142,2026-04-03,2026-04-03-PM-V3,4,RA-province,B2C,1,36,14:00,18:00,16:09,,30.82
22143,2026-04-03,2026-04-03-PM-V3,5,RA-province,B2C,4,23,14:00,18:00,16:31,,30.82
22144,2026-04-03,2026-04-03-PM-V3,6,RA-province,B2C,1,42,14:00,18:00,17:17,missing_item,30.82
22145,2026-04-03,2026-04-03-PM-V3,7,RA-province,B2C,4,41,14:00,18:00,17:55,,30.82
22146,2026-04-04,2026-04-04-AM-V1,1,FC,B2B,6,56,08:00,10:00,09:12,missing_item,38.12
22147,2026-04-04,2026-04-04-AM-V1,2,FC,B2C,1,57,08:00,12:00,10:01,,38.12
22148,2026-04-04,2026-04-04-AM-V1,3,FC,B2C,1,51,08:00,12:00,10:32,,38.12
22149,2026-04-04,2026-04-04-AM-V1,4,FC,B2C,1,56,08:00,12:00,11:04,,38.12
22150,2026-04-04,2026-04-04-AM-V1,5,FC,B2C,4,26,08:00,12:00,11:28,,38.12
22151,2026-04-04,2026-04-04-AM-V1,6,FC,B2C,2,31,08:00,12:00,12:16,,38.12
22152,2026-04-04,2026-04-04-PM-V1,1,RA-city,B2B,5,15,14:00,16:00,14:22,,19.71
22153,2026-04-04,2026-04-04-PM-V1,2,RA-city,B2B,5,6,14:00,16:00,14:45,,19.71
22154,2026-04-04,2026-04-04-PM-V1,3,RA-city,B2B,7,10,14:00,16:00,15:13,,19.71
22155,2026-04-04,2026-04-04-PM-V1,4,RA-city,B2B,3,16,14:00,16:00,15:36,,19.71
22156,2026-04-04,2026-04-04-PM-V1,5,RA-city,B2C,3,13,14:00,18:00,15:56,,19.71
22157,2026-04-04,2026-04-04-PM-V1,6,RA-city,B2C,1,9,14:00,18:00,16:29,,19.71
22158,2026-04-04,2026-04-04-PM-V1,7,RA-city,B2C,1,7,14:00,18:00,16:54,,19.71
22159,2026-04-04,2026-04-04-PM-V1,8,RA-city,B2C,4,15,14:00,18:00,17:15,,19.71
22160,2026-04-04,2026-04-04-PM-V1,9,RA-city,B2C,1,16,14:00,18:00,17:50,,19.71
22161,2026-04-04,2026-04-04-AM-V2,1,FC,B2B,5,33,08:00,10:00,08:35,,34.88
22162,2026-04-04,2026-04-04-AM-V2,2,FC,B2B,8,39,08:00,10:00,09:10,missing_item,34.88
22163,2026-04-04,2026-04-04-AM-V2,3,FC,B2B,5,45,08:00,10:00,10:00,,34.88
22164,2026-04-04,2026-04-04-AM-V2,4,FC,B2B,6,28,08:00,10:00,10:36,,34.88
22165,2026-04-04,2026-04-04-AM-V2,5,FC,B2C,1,41,08:00,12:00,11:06,,34.88
22166,2026-04-04,2026-04-04-AM-V2,6,FC,B2C,1,35,08:00,12:00,11:32,,34.88
22167,2026-04-04,2026-04-04-PM-V2,1,BO,B2B,6,62,14:00,16:00,15:10,,57.35
22168,2026-04-04,2026-04-04-PM-V2,2,BO,B2C,5,61,14:00,18:00,15:39,wrong_address,57.35
22169,2026-04-04,2026-04-04-PM-V2,3,BO,B2C,4,77,14:00,18:00,16:39,,57.35
22170,2026-04-04,2026-04-04-PM-V2,4,BO,B2C,2,66,14:00,18:00,17:20,,57.35
22171,2026-04-04,2026-04-04-AM-V3,1,RA-province,B2B,3,27,08:00,10:00,08:30,,28.87
22172,2026-04-04,2026-04-04-AM-V3,2,RA-province,B2C,4,15,08:00,12:00,08:55,,28.87
22173,2026-04-04,2026-04-04-AM-V3,3,RA-province,B2C,3,34,08:00,12:00,09:38,,28.87
22174,2026-04-04,2026-04-04-AM-V3,4,RA-province,B2C,4,38,08:00,12:00,10:19,,28.87
22175,2026-04-04,2026-04-04-AM-V3,5,RA-province,B2C,4,31,08:00,12:00,10:59,,28.87
22176,2026-04-04,2026-04-04-AM-V3,6,RA-province,B2C,4,35,08:00,12:00,11:42,,28.87
22177,2026-04-04,2026-04-04-AM-V3,7,RA-province,B2C,3,31,08:00,12:00,12:21,,28.87
22178,2026-04-04,2026-04-04-PM-V3,1,RN,B2C,5,69,14:00,18:00,15:08,,58.16
22179,2026-04-04,2026-04-04-PM-V3,2,RN,B2C,6,52,14:00,18:00,16:04,,58.16
22180,2026-04-04,2026-04-04-PM-V3,3,RN,B2C,4,59,14:00,18:00,16:56,,58.16
22181,2026-04-04,2026-04-04-PM-V3,4,RN,B2C,5,62,14:00,18:00,17:37,transport_damage,58.16
22182,2026-04-05,2026-04-05-AM-V1,1,RA-city,B2B,5,11,08:00,10:00,08:11,,20.07
22183,2026-04-05,2026-04-05-AM-V1,2,RA-city,B2C,2,16,08:00,12:00,08:37,,20.07
22184,2026-04-05,2026-04-05-AM-V1,3,RA-city,B2C,4,15,08:00,12:00,09:05,,20.07
22185,2026-04-05,2026-04-05-AM-V1,4,RA-city,B2C,3,10,08:00,12:00,09:40,,20.07
22186,2026-04-05,2026-04-05-AM-V1,5,RA-city,B2C,2,14,08:00,12:00,10:11,,20.07
22187,2026-04-05,2026-04-05-AM-V1,6,RA-city,B2C,1,6,08:00,12:00,10:36,,20.07
22188,2026-04-05,2026-04-05-AM-V1,7,RA-city,B2C,2,15,08:00,12:00,11:01,,20.07
22189,2026-04-05,2026-04-05-AM-V1,8,RA-city,B2C,4,12,08:00,12:00,11:30,,20.07
22190,2026-04-05,2026-04-05-AM-V1,9,RA-city,B2C,3,18,08:00,12:00,12:08,,20.07
22191,2026-04-05,2026-04-05-PM-V1,1,RN,B2B,10,52,14:00,16:00,14:58,,39.64
22192,2026-04-05,2026-04-05-PM-V1,2,RN,B2B,8,65,14:00,16:00,15:44,,39.64
22193,2026-04-05,2026-04-05-PM-V1,3,RN,B2C,5,70,14:00,18:00,16:14,,39.64
22194,2026-04-05,2026-04-05-PM-V1,4,RN,B2C,3,47,14:00,18:00,16:56,,39.64
22195,2026-04-05,2026-04-05-PM-V1,5,RN,B2C,6,51,14:00,18:00,17:42,,39.64
22196,2026-04-05,2026-04-05-PM-V1,6,RN,B2C,4,63,14:00,18:00,18:34,,39.64
22197,2026-04-05,2026-04-05-AM-V2,1,BO,B2B,6,87,08:00,10:00,09:59,,52.25
22198,2026-04-05,2026-04-05-AM-V2,2,BO,B2B,6,82,08:00,10:00,10:26,,52.25
22199,2026-04-05,2026-04-05-AM-V2,3,BO,B2C,6,64,08:00,12:00,11:04,,52.25
22200,2026-04-05,2026-04-05-AM-V2,4,BO,B2C,5,87,08:00,12:00,11:57,missing_item,52.25
22201,2026-04-05,2026-04-05-AM-V2,5,BO,B2C,5,69,08:00,12:00,13:00,,52.25
22202,2026-04-05,2026-04-05-AM-V3,1,RA-city,B2B,7,13,08:00,10:00,08:19,,20.06
22203,2026-04-05,2026-04-05-AM-V3,2,RA-city,B2B,8,20,08:00,10:00,08:43,,20.06
22204,2026-04-05,2026-04-05-AM-V3,3,RA-city,B2C,2,12,08:00,12:00,09:14,,20.06
22205,2026-04-05,2026-04-05-AM-V3,4,RA-city,B2C,3,5,08:00,12:00,09:40,,20.06
22206,2026-04-05,2026-04-05-AM-V3,5,RA-city,B2C,1,12,08:00,12:00,10:08,,20.06
22207,2026-04-05,2026-04-05-AM-V3,6,RA-city,B2C,3,11,08:00,12:00,10:33,,20.06
22208,2026-04-05,2026-04-05-AM-V3,7,RA-city,B2C,4,14,08:00,12:00,11:04,,20.06
22209,2026-04-05,2026-04-05-AM-V3,8,RA-city,B2C,4,5,08:00,12:00,11:39,,20.06
22210,2026-04-05,2026-04-05-PM-V3,1,RA-city,B2B,5,7,14:00,16:00,14:08,,23.49
22211,2026-04-05,2026-04-05-PM-V3,2,RA-city,B2B,5,6,14:00,16:00,14:33,,23.49
22212,2026-04-05,2026-04-05-PM-V3,3,RA-city,B2C,3,5,14:00,18:00,14:52,,23.49
22213,2026-04-05,2026-04-05-PM-V3,4,RA-city,B2C,4,5,14:00,18:00,15:27,,23.49
22214,2026-04-05,2026-04-05-PM-V3,5,RA-city,B2C,1,11,14:00,18:00,16:06,,23.49
22215,2026-04-05,2026-04-05-PM-V3,6,RA-city,B2C,1,10,14:00,18:00,16:29,,23.49
22216,2026-04-05,2026-04-05-PM-V3,7,RA-city,B2C,2,12,14:00,18:00,16:51,,23.49
22217,2026-04-08,2026-04-08-AM-V1,1,BO,B2B,5,84,08:00,10:00,09:28,,62.55
22218,2026-04-08,2026-04-08-AM-V1,2,BO,B2B,5,61,08:00,10:00,09:54,,62.55
22219,2026-04-08,2026-04-08-AM-V1,3,BO,B2C,2,81,08:00,12:00,10:32,,62.55
22220,2026-04-08,2026-04-08-AM-V1,4,BO,B2C,5,67,08:00,12:00,11:01,,62.55
22221,2026-04-08,2026-04-08-PM-V1,1,BO,B2B,10,71,14:00,16:00,15:43,transport_damage,48.87
22222,2026-04-08,2026-04-08-PM-V1,2,BO,B2B,4,56,14:00,16:00,16:37,,48.87
22223,2026-04-08,2026-04-08-PM-V1,3,BO,B2C,6,67,14:00,18:00,17:10,transport_damage,48.87
22224,2026-04-08,2026-04-08-PM-V1,4,BO,B2C,6,85,14:00,18:00,18:15,,48.87
22225,2026-04-08,2026-04-08-PM-V1,5,BO,B2C,5,56,14:00,18:00,19:11,,48.87
22226,2026-04-08,2026-04-08-AM-V2,1,FC,B2B,6,27,08:00,10:00,08:37,,36.18
22227,2026-04-08,2026-04-08-AM-V2,2,FC,B2B,6,47,08:00,10:00,09:12,,36.18
22228,2026-04-08,2026-04-08-AM-V2,3,FC,B2C,2,30,08:00,12:00,09:41,,36.18
22229,2026-04-08,2026-04-08-AM-V2,4,FC,B2C,1,25,08:00,12:00,10:13,,36.18
22230,2026-04-08,2026-04-08-AM-V2,5,FC,B2C,1,55,08:00,12:00,10:42,missing_item,36.18
22231,2026-04-08,2026-04-08-AM-V2,6,FC,B2C,2,52,08:00,12:00,11:22,,36.18
22232,2026-04-08,2026-04-08-PM-V2,1,FE,B2B,10,106,14:00,16:00,15:54,,68.56
22233,2026-04-08,2026-04-08-PM-V2,2,FE,B2B,7,97,14:00,16:00,16:47,transport_damage,68.56
22234,2026-04-08,2026-04-08-PM-V2,3,FE,B2C,6,85,14:00,18:00,17:35,,68.56
22235,2026-04-08,2026-04-08-PM-V2,4,FE,B2C,3,66,14:00,18:00,18:35,,68.56
22236,2026-04-08,2026-04-08-AM-V3,1,RA-province,B2B,3,19,08:00,10:00,08:22,,25.43
22237,2026-04-08,2026-04-08-AM-V3,2,RA-province,B2C,1,43,08:00,12:00,08:52,,25.43
22238,2026-04-08,2026-04-08-AM-V3,3,RA-province,B2C,1,28,08:00,12:00,09:19,,25.43
22239,2026-04-08,2026-04-08-AM-V3,4,RA-province,B2C,2,42,08:00,12:00,09:41,,25.43
22240,2026-04-08,2026-04-08-AM-V3,5,RA-province,B2C,1,26,08:00,12:00,10:11,,25.43
22241,2026-04-08,2026-04-08-AM-V3,6,RA-province,B2C,4,43,08:00,12:00,10:40,,25.43
22242,2026-04-08,2026-04-08-AM-V3,7,RA-province,B2C,1,36,08:00,12:00,11:18,,25.43
22243,2026-04-08,2026-04-08-AM-V3,8,RA-province,B2C,4,27,08:00,12:00,11:48,,25.43
22244,2026-04-08,2026-04-08-PM-V3,1,BO,B2B,10,84,14:00,16:00,16:01,,50.43
22245,2026-04-08,2026-04-08-PM-V3,2,BO,B2C,2,72,14:00,18:00,16:36,,50.43
22246,2026-04-08,2026-04-08-PM-V3,3,BO,B2C,3,50,14:00,18:00,17:14,,50.43
22247,2026-04-08,2026-04-08-PM-V3,4,BO,B2C,3,84,14:00,18:00,17:52,,50.43
22248,2026-04-08,2026-04-08-PM-V3,5,BO,B2C,6,64,14:00,18:00,18:32,,50.43
22249,2026-04-09,2026-04-09-AM-V1,1,FC,B2B,7,51,08:00,10:00,08:59,,37.15
22250,2026-04-09,2026-04-09-AM-V1,2,FC,B2C,4,58,08:00,12:00,09:31,,37.15
22251,2026-04-09,2026-04-09-AM-V1,3,FC,B2C,3,34,08:00,12:00,10:15,,37.15
22252,2026-04-09,2026-04-09-AM-V1,4,FC,B2C,4,38,08:00,12:00,10:51,,37.15
22253,2026-04-09,2026-04-09-AM-V1,5,FC,B2C,3,46,08:00,12:00,11:37,transport_damage,37.15
22254,2026-04-09,2026-04-09-AM-V1,6,FC,B2C,4,30,08:00,12:00,12:35,,37.15
22255,2026-04-09,2026-04-09-PM-V1,1,RA-city,B2B,6,20,14:00,16:00,14:28,missing_item,20.79
22256,2026-04-09,2026-04-09-PM-V1,2,RA-city,B2B,6,17,14:00,16:00,15:02,,20.79
22257,2026-04-09,2026-04-09-PM-V1,3,RA-city,B2C,1,20,14:00,18:00,15:31,,20.79
22258,2026-04-09,2026-04-09-PM-V1,4,RA-city,B2C,3,7,14:00,18:00,15:54,,20.79
22259,2026-04-09,2026-04-09-PM-V1,5,RA-city,B2C,4,9,14:00,18:00,16:23,,20.79
22260,2026-04-09,2026-04-09-PM-V1,6,RA-city,B2C,2,18,14:00,18:00,16:57,,20.79
22261,2026-04-09,2026-04-09-PM-V1,7,RA-city,B2C,4,6,14:00,18:00,17:22,,20.79
22262,2026-04-09,2026-04-09-PM-V1,8,RA-city,B2C,2,6,14:00,18:00,17:56,,20.79
22263,2026-04-09,2026-04-09-AM-V2,1,BO,B2C,5,86,08:00,12:00,10:02,,62.06
22264,2026-04-09,2026-04-09-AM-V2,2,BO,B2C,5,53,08:00,12:00,10:51,,62.06
22265,2026-04-09,2026-04-09-AM-V2,3,BO,B2C,4,80,08:00,12:00,11:37,,62.06
22266,2026-04-09,2026-04-09-AM-V2,4,BO,B2C,4,63,08:00,12:00,12:24,,62.06
22267,2026-04-09,2026-04-09-PM-V2,1,FE,B2C,4,69,14:00,18:00,15:54,,67.26
22268,2026-04-09,2026-04-09-PM-V2,2,FE,B2C,3,92,14:00,18:00,16:51,,67.26
22269,2026-04-09,2026-04-09-PM-V2,3,FE,B2C,6,94,14:00,18:00,17:31,,67.26
22270,2026-04-09,2026-04-09-PM-V2,4,FE,B2C,5,107,14:00,18:00,18:21,,67.26
22271,2026-04-09,2026-04-09-AM-V3,1,RA-city,B2B,3,9,08:00,10:00,08:11,,18.34
22272,2026-04-09,2026-04-09-AM-V3,2,RA-city,B2B,6,19,08:00,10:00,08:28,,18.34
22273,2026-04-09,2026-04-09-AM-V3,3,RA-city,B2C,4,19,08:00,12:00,08:52,,18.34
22274,2026-04-09,2026-04-09-AM-V3,4,RA-city,B2C,2,7,08:00,12:00,09:27,,18.34
22275,2026-04-09,2026-04-09-AM-V3,5,RA-city,B2C,1,14,08:00,12:00,09:57,,18.34
22276,2026-04-09,2026-04-09-AM-V3,6,RA-city,B2C,1,11,08:00,12:00,10:19,,18.34
22277,2026-04-09,2026-04-09-AM-V3,7,RA-city,B2C,1,9,08:00,12:00,10:39,,18.34
22278,2026-04-09,2026-04-09-AM-V3,8,RA-city,B2C,4,17,08:00,12:00,10:58,,18.34
22279,2026-04-09,2026-04-09-AM-V3,9,RA-city,B2C,4,11,08:00,12:00,11:34,,18.34
22280,2026-04-09,2026-04-09-PM-V3,1,RA-province,B2B,8,38,14:00,16:00,14:47,,25.99
22281,2026-04-09,2026-04-09-PM-V3,2,RA-province,B2B,8,42,14:00,16:00,15:21,,25.99
22282,2026-04-09,2026-04-09-PM-V3,3,RA-province,B2B,6,39,14:00,16:00,15:57,,25.99
22283,2026-04-09,2026-04-09-PM-V3,4,RA-province,B2C,3,21,14:00,18:00,16:24,,25.99
22284,2026-04-09,2026-04-09-PM-V3,5,RA-province,B2C,1,21,14:00,18:00,16:55,,25.99
22285,2026-04-09,2026-04-09-PM-V3,6,RA-province,B2C,1,29,14:00,18:00,17:25,,25.99
22286,2026-04-09,2026-04-09-PM-V3,7,RA-province,B2C,3,36,14:00,18:00,17:48,,25.99
22287,2026-04-09,2026-04-09-PM-V3,8,RA-province,B2C,1,29,14:00,18:00,18:20,,25.99
22288,2026-04-10,2026-04-10-AM-V1,1,BO,B2B,8,54,08:00,10:00,09:03,,45.75
22289,2026-04-10,2026-04-10-AM-V1,2,BO,B2B,8,84,08:00,10:00,09:36,,45.75
22290,2026-04-10,2026-04-10-AM-V1,3,BO,B2C,5,63,08:00,12:00,10:09,,45.75
22291,2026-04-10,2026-04-10-AM-V1,4,BO,B2C,2,65,08:00,12:00,10:57,,45.75
22292,2026-04-10,2026-04-10-AM-V1,5,BO,B2C,2,63,08:00,12:00,11:28,,45.75
22293,2026-04-10,2026-04-10-PM-V1,1,RA-city,B2B,6,14,14:00,16:00,14:16,,19.35
22294,2026-04-10,2026-04-10-PM-V1,2,RA-city,B2B,6,16,14:00,16:00,14:42,,19.35
22295,2026-04-10,2026-04-10-PM-V1,3,RA-city,B2B,8,16,14:00,16:00,15:07,,19.35
22296,2026-04-10,2026-04-10-PM-V1,4,RA-city,B2C,1,7,14:00,18:00,15:33,,19.35
22297,2026-04-10,2026-04-10-PM-V1,5,RA-city,B2C,3,6,14:00,18:00,15:55,wrong_address,19.35
22298,2026-04-10,2026-04-10-PM-V1,6,RA-city,B2C,3,14,14:00,18:00,16:42,,19.35
22299,2026-04-10,2026-04-10-PM-V1,7,RA-city,B2C,1,9,14:00,18:00,17:10,,19.35
22300,2026-04-10,2026-04-10-PM-V1,8,RA-city,B2C,3,11,14:00,18:00,17:30,,19.35
22301,2026-04-10,2026-04-10-PM-V1,9,RA-city,B2C,2,15,14:00,18:00,18:06,,19.35
22302,2026-04-10,2026-04-10-AM-V2,1,RA-province,B2B,3,31,08:00,10:00,08:47,,33.14
22303,2026-04-10,2026-04-10-AM-V2,2,RA-province,B2B,6,39,08:00,10:00,09:08,,33.14
22304,2026-04-10,2026-04-10-AM-V2,3,RA-province,B2B,6,15,08:00,10:00,09:35,,33.14
22305,2026-04-10,2026-04-10-AM-V2,4,RA-province,B2C,4,22,08:00,12:00,10:10,,33.14
22306,2026-04-10,2026-04-10-AM-V2,5,RA-province,B2C,2,16,08:00,12:00,10:59,,33.14
22307,2026-04-10,2026-04-10-AM-V2,6,RA-province,B2C,1,27,08:00,12:00,11:31,,33.14
22308,2026-04-10,2026-04-10-PM-V2,1,RA-city,B2B,3,7,14:00,16:00,14:09,,19.06
22309,2026-04-10,2026-04-10-PM-V2,2,RA-city,B2B,8,6,14:00,16:00,14:28,,19.06
22310,2026-04-10,2026-04-10-PM-V2,3,RA-city,B2B,3,19,14:00,16:00,14:58,,19.06
22311,2026-04-10,2026-04-10-PM-V2,4,RA-city,B2B,3,14,14:00,16:00,15:17,,19.06
22312,2026-04-10,2026-04-10-PM-V2,5,RA-city,B2C,4,10,14:00,18:00,15:39,,19.06
22313,2026-04-10,2026-04-10-PM-V2,6,RA-city,B2C,1,16,14:00,18:00,16:13,,19.06
22314,2026-04-10,2026-04-10-PM-V2,7,RA-city,B2C,4,20,14:00,18:00,16:36,,19.06
22315,2026-04-10,2026-04-10-PM-V2,8,RA-city,B2C,3,14,14:00,18:00,17:14,,19.06
22316,2026-04-10,2026-04-10-PM-V2,9,RA-city,B2C,1,6,14:00,18:00,17:50,,19.06
22317,2026-04-10,2026-04-10-AM-V3,1,RN,B2B,10,54,08:00,10:00,09:11,,39.32
22318,2026-04-10,2026-04-10-AM-V3,2,RN,B2B,8,65,08:00,10:00,09:51,,39.32
22319,2026-04-10,2026-04-10-AM-V3,3,RN,B2B,8,53,08:00,10:00,10:30,,39.32
22320,2026-04-10,2026-04-10-AM-V3,4,RN,B2B,5,48,08:00,10:00,11:08,,39.32
22321,2026-04-10,2026-04-10-AM-V3,5,RN,B2C,5,54,08:00,12:00,11:43,,39.32
22322,2026-04-10,2026-04-10-AM-V3,6,RN,B2C,2,48,08:00,12:00,12:26,,39.32
22323,2026-04-10,2026-04-10-PM-V3,1,BO,B2C,2,52,14:00,18:00,14:57,,60.44
22324,2026-04-10,2026-04-10-PM-V3,2,BO,B2C,3,60,14:00,18:00,15:40,,60.44
22325,2026-04-10,2026-04-10-PM-V3,3,BO,B2C,4,63,14:00,18:00,16:15,,60.44
22326,2026-04-10,2026-04-10-PM-V3,4,BO,B2C,3,87,14:00,18:00,17:00,,60.44
22327,2026-04-11,2026-04-11-AM-V1,1,RA-city,B2B,4,12,08:00,10:00,08:12,,20.55
22328,2026-04-11,2026-04-11-AM-V1,2,RA-city,B2B,4,6,08:00,10:00,08:32,,20.55
22329,2026-04-11,2026-04-11-AM-V1,3,RA-city,B2C,2,12,08:00,12:00,08:50,transport_damage,20.55
22330,2026-04-11,2026-04-11-AM-V1,4,RA-city,B2C,1,16,08:00,12:00,09:26,,20.55
22331,2026-04-11,2026-04-11-AM-V1,5,RA-city,B2C,2,20,08:00,12:00,09:44,,20.55
22332,2026-04-11,2026-04-11-AM-V1,6,RA-city,B2C,2,11,08:00,12:00,10:14,,20.55
22333,2026-04-11,2026-04-11-AM-V1,7,RA-city,B2C,1,14,08:00,12:00,10:44,,20.55
22334,2026-04-11,2026-04-11-AM-V1,8,RA-city,B2C,1,9,08:00,12:00,11:05,,20.55
22335,2026-04-11,2026-04-11-PM-V1,1,BO,B2B,6,51,14:00,16:00,15:12,,56.86
22336,2026-04-11,2026-04-11-PM-V1,2,BO,B2C,2,77,14:00,18:00,15:48,,56.86
22337,2026-04-11,2026-04-11-PM-V1,3,BO,B2C,3,89,14:00,18:00,16:28,,56.86
22338,2026-04-11,2026-04-11-PM-V1,4,BO,B2C,5,56,14:00,18:00,17:16,,56.86
22339,2026-04-11,2026-04-11-AM-V2,1,BO,B2B,7,68,08:00,10:00,09:14,,59.3
22340,2026-04-11,2026-04-11-AM-V2,2,BO,B2B,5,62,08:00,10:00,09:52,,59.3
22341,2026-04-11,2026-04-11-AM-V2,3,BO,B2C,6,85,08:00,12:00,10:36,,59.3
22342,2026-04-11,2026-04-11-AM-V2,4,BO,B2C,2,56,08:00,12:00,11:26,,59.3
22343,2026-04-11,2026-04-11-PM-V2,1,RA-province,B2B,3,23,14:00,16:00,14:34,,34.55
22344,2026-04-11,2026-04-11-PM-V2,2,RA-province,B2B,6,36,14:00,16:00,14:59,,34.55
22345,2026-04-11,2026-04-11-PM-V2,3,RA-province,B2B,5,30,14:00,16:00,15:34,,34.55
22346,2026-04-11,2026-04-11-PM-V2,4,RA-province,B2C,3,27,14:00,18:00,16:06,,34.55
22347,2026-04-11,2026-04-11-PM-V2,5,RA-province,B2C,2,41,14:00,18:00,16:46,,34.55
22348,2026-04-11,2026-04-11-PM-V2,6,RA-province,B2C,1,38,14:00,18:00,17:17,,34.55
22349,2026-04-11,2026-04-11-AM-V3,1,BO,B2B,7,58,08:00,10:00,09:02,,57.51
22350,2026-04-11,2026-04-11-AM-V3,2,BO,B2C,6,90,08:00,12:00,09:42,,57.51
22351,2026-04-11,2026-04-11-AM-V3,3,BO,B2C,5,64,08:00,12:00,10:40,,57.51
22352,2026-04-11,2026-04-11-AM-V3,4,BO,B2C,3,50,08:00,12:00,11:33,,57.51
22353,2026-04-11,2026-04-11-PM-V3,1,FC,B2B,8,59,14:00,16:00,15:11,,34.72
22354,2026-04-11,2026-04-11-PM-V3,2,FC,B2B,4,32,14:00,16:00,15:47,,34.72
22355,2026-04-11,2026-04-11-PM-V3,3,FC,B2C,2,51,14:00,18:00,16:16,,34.72
22356,2026-04-11,2026-04-11-PM-V3,4,FC,B2C,2,27,14:00,18:00,17:01,,34.72
22357,2026-04-11,2026-04-11-PM-V3,5,FC,B2C,1,48,14:00,18:00,17:41,,34.72
22358,2026-04-11,2026-04-11-PM-V3,6,FC,B2C,3,32,14:00,18:00,18:16,,34.72
22359,2026-04-11,2026-04-11-PM-V3,7,FC,B2C,2,30,14:00,18:00,18:53,missing_item,34.72
22360,2026-04-12,2026-04-12-AM-V1,1,FC,B2B,4,43,08:00,10:00,08:42,,34.91
22361,2026-04-12,2026-04-12-AM-V1,2,FC,B2B,5,53,08:00,10:00,09:22,,34.91
22362,2026-04-12,2026-04-12-AM-V1,3,FC,B2B,3,33,08:00,10:00,09:59,,34.91
22363,2026-04-12,2026-04-12-AM-V1,4,FC,B2B,8,48,08:00,10:00,10:30,,34.91
22364,2026-04-12,2026-04-12-AM-V1,5,FC,B2C,1,35,08:00,12:00,11:09,,34.91
22365,2026-04-12,2026-04-12-AM-V1,6,FC,B2C,3,28,08:00,12:00,11:48,,34.91
22366,2026-04-12,2026-04-12-AM-V1,7,FC,B2C,3,46,08:00,12:00,12:32,,34.91
22367,2026-04-12,2026-04-12-PM-V1,1,FE,B2C,5,95,14:00,18:00,16:03,,91.85
22368,2026-04-12,2026-04-12-PM-V1,2,FE,B2C,5,101,14:00,18:00,16:52,,91.85
22369,2026-04-12,2026-04-12-PM-V1,3,FE,B2C,2,110,14:00,18:00,17:45,,91.85
22370,2026-04-12,2026-04-12-AM-V2,1,RA-province,B2B,5,23,08:00,10:00,08:29,,25.43
22371,2026-04-12,2026-04-12-AM-V2,2,RA-province,B2C,3,18,08:00,12:00,08:53,,25.43
22372,2026-04-12,2026-04-12-AM-V2,3,RA-province,B2C,2,43,08:00,12:00,09:33,,25.43
22373,2026-04-12,2026-04-12-AM-V2,4,RA-province,B2C,2,19,08:00,12:00,10:07,wrong_address,25.43
22374,2026-04-12,2026-04-12-AM-V2,5,RA-province,B2C,1,20,08:00,12:00,10:50,,25.43
22375,2026-04-12,2026-04-12-AM-V2,6,RA-province,B2C,1,17,08:00,12:00,11:15,,25.43
22376,2026-04-12,2026-04-12-AM-V2,7,RA-province,B2C,4,22,08:00,12:00,11:45,,25.43
22377,2026-04-12,2026-04-12-AM-V2,8,RA-province,B2C,1,23,08:00,12:00,12:30,,25.43
22378,2026-04-12,2026-04-12-PM-V2,1,RA-city,B2B,4,16,14:00,16:00,14:21,,21.36
22379,2026-04-12,2026-04-12-PM-V2,2,RA-city,B2C,1,5,14:00,18:00,14:43,,21.36
22380,2026-04-12,2026-04-12-PM-V2,3,RA-city,B2C,4,13,14:00,18:00,15:05,,21.36
22381,2026-04-12,2026-04-12-PM-V2,4,RA-city,B2C,4,15,14:00,18:00,15:43,,21.36
22382,2026-04-12,2026-04-12-PM-V2,5,RA-city,B2C,2,13,14:00,18:00,16:21,,21.36
22383,2026-04-12,2026-04-12-PM-V2,6,RA-city,B2C,4,5,14:00,18:00,16:46,,21.36
22384,2026-04-12,2026-04-12-PM-V2,7,RA-city,B2C,3,5,14:00,18:00,17:22,,21.36
22385,2026-04-12,2026-04-12-PM-V2,8,RA-city,B2C,1,7,14:00,18:00,17:59,,21.36
22386,2026-04-12,2026-04-12-AM-V3,1,RA-city,B2B,7,9,08:00,10:00,08:12,,18.27
22387,2026-04-12,2026-04-12-AM-V3,2,RA-city,B2B,7,5,08:00,10:00,08:40,,18.27
22388,2026-04-12,2026-04-12-AM-V3,3,RA-city,B2B,6,10,08:00,10:00,09:06,,18.27
22389,2026-04-12,2026-04-12-AM-V3,4,RA-city,B2C,3,18,08:00,12:00,09:30,,18.27
22390,2026-04-12,2026-04-12-AM-V3,5,RA-city,B2C,1,7,08:00,12:00,10:06,,18.27
22391,2026-04-12,2026-04-12-AM-V3,6,RA-city,B2C,2,20,08:00,12:00,10:28,,18.27
22392,2026-04-12,2026-04-12-AM-V3,7,RA-city,B2C,1,14,08:00,12:00,10:51,,18.27
22393,2026-04-12,2026-04-12-AM-V3,8,RA-city,B2C,2,11,08:00,12:00,11:10,,18.27
22394,2026-04-12,2026-04-12-AM-V3,9,RA-city,B2C,2,8,08:00,12:00,11:33,,18.27
22395,2026-04-12,2026-04-12-PM-V3,1,FC,B2B,6,44,14:00,16:00,14:51,,39.64
22396,2026-04-12,2026-04-12-PM-V3,2,FC,B2C,1,58,14:00,18:00,15:24,,39.64
22397,2026-04-12,2026-04-12-PM-V3,3,FC,B2C,1,39,14:00,18:00,15:50,,39.64
22398,2026-04-12,2026-04-12-PM-V3,4,FC,B2C,4,60,14:00,18:00,16:24,,39.64
22399,2026-04-12,2026-04-12-PM-V3,5,FC,B2C,1,55,14:00,18:00,17:14,missing_item,39.64
22400,2026-04-12,2026-04-12-PM-V3,6,FC,B2C,4,51,14:00,18:00,17:58,,39.64
22401,2026-04-15,2026-04-15-AM-V1,1,BO,B2B,4,87,08:00,10:00,09:48,,62.55
22402,2026-04-15,2026-04-15-AM-V1,2,BO,B2C,6,67,08:00,12:00,10:17,,62.55
22403,2026-04-15,2026-04-15-AM-V1,3,BO,B2C,6,79,08:00,12:00,11:23,,62.55
22404,2026-04-15,2026-04-15-AM-V1,4,BO,B2C,5,58,08:00,12:00,12:20,,62.55
22405,2026-04-15,2026-04-15-PM-V1,1,RA-city,B2B,7,11,14:00,16:00,14:35,,20.22
22406,2026-04-15,2026-04-15-PM-V1,2,RA-city,B2B,7,6,14:00,16:00,15:01,,20.22
22407,2026-04-15,2026-04-15-PM-V1,3,RA-city,B2B,5,15,14:00,16:00,15:31,,20.22
22408,2026-04-15,2026-04-15-PM-V1,4,RA-city,B2B,3,14,14:00,16:00,15:56,,20.22
22409,2026-04-15,2026-04-15-PM-V1,5,RA-city,B2B,5,11,14:00,16:00,16:17,,20.22
22410,2026-04-15,2026-04-15-PM-V1,6,RA-city,B2C,1,6,14:00,18:00,16:39,,20.22
22411,2026-04-15,2026-04-15-PM-V1,7,RA-city,B2C,3,17,14:00,18:00,17:01,,20.22
22412,2026-04-15,2026-04-15-PM-V1,8,RA-city,B2C,3,16,14:00,18:00,17:35,,20.22
22413,2026-04-15,2026-04-15-PM-V1,9,RA-city,B2C,4,19,14:00,18:00,18:08,,20.22
22414,2026-04-15,2026-04-15-AM-V2,1,RA-city,B2B,7,20,08:00,10:00,08:29,,19.86
22415,2026-04-15,2026-04-15-AM-V2,2,RA-city,B2B,6,20,08:00,10:00,08:56,wrong_address,19.86
22416,2026-04-15,2026-04-15-AM-V2,3,RA-city,B2C,3,11,08:00,12:00,09:38,,19.86
22417,2026-04-15,2026-04-15-AM-V2,4,RA-city,B2C,2,14,08:00,12:00,10:10,,19.86
22418,2026-04-15,2026-04-15-AM-V2,5,RA-city,B2C,4,19,08:00,12:00,10:39,,19.86
22419,2026-04-15,2026-04-15-AM-V2,6,RA-city,B2C,2,17,08:00,12:00,11:17,,19.86
22420,2026-04-15,2026-04-15-AM-V2,7,RA-city,B2C,3,7,08:00,12:00,11:42,,19.86
22421,2026-04-15,2026-04-15-AM-V2,8,RA-city,B2C,4,20,08:00,12:00,12:15,,19.86
22422,2026-04-15,2026-04-15-AM-V2,9,RA-city,B2C,1,7,08:00,12:00,12:51,,19.86
22423,2026-04-15,2026-04-15-PM-V2,1,RN,B2B,9,72,14:00,16:00,15:39,,49.91
22424,2026-04-15,2026-04-15-PM-V2,2,RN,B2B,10,45,14:00,16:00,16:20,,49.91
22425,2026-04-15,2026-04-15-PM-V2,3,RN,B2B,6,74,14:00,16:00,17:02,,49.91
22426,2026-04-15,2026-04-15-PM-V2,4,RN,B2C,4,67,14:00,18:00,17:40,,49.91
22427,2026-04-15,2026-04-15-PM-V2,5,RN,B2C,5,61,14:00,18:00,18:18,,49.91
22428,2026-04-15,2026-04-15-AM-V3,1,FC,B2B,8,46,08:00,10:00,08:52,,33.79
22429,2026-04-15,2026-04-15-AM-V3,2,FC,B2B,8,33,08:00,10:00,09:26,,33.79
22430,2026-04-15,2026-04-15-AM-V3,3,FC,B2B,8,51,08:00,10:00,10:06,,33.79
22431,2026-04-15,2026-04-15-AM-V3,4,FC,B2C,4,39,08:00,12:00,10:47,,33.79
22432,2026-04-15,2026-04-15-AM-V3,5,FC,B2C,2,44,08:00,12:00,11:41,,33.79
22433,2026-04-15,2026-04-15-AM-V3,6,FC,B2C,4,60,08:00,12:00,12:16,,33.79
22434,2026-04-15,2026-04-15-AM-V3,7,FC,B2C,2,43,08:00,12:00,13:03,,33.79
22435,2026-04-15,2026-04-15-PM-V3,1,BO,B2B,6,71,14:00,16:00,16:01,refused,51.86
22436,2026-04-15,2026-04-15-PM-V3,2,BO,B2B,7,71,14:00,16:00,16:40,,51.86
22437,2026-04-15,2026-04-15-PM-V3,3,BO,B2C,4,68,14:00,18:00,17:19,,51.86
22438,2026-04-15,2026-04-15-PM-V3,4,BO,B2C,6,77,14:00,18:00,18:03,,51.86
22439,2026-04-15,2026-04-15-PM-V3,5,BO,B2C,6,77,14:00,18:00,19:12,missing_item,51.86
22440,2026-04-16,2026-04-16-AM-V1,1,RA-province,B2B,4,18,08:00,10:00,08:17,,33.03
22441,2026-04-16,2026-04-16-AM-V1,2,RA-province,B2B,7,17,08:00,10:00,08:45,,33.03
22442,2026-04-16,2026-04-16-AM-V1,3,RA-province,B2C,1,42,08:00,12:00,09:16,,33.03
22443,2026-04-16,2026-04-16-AM-V1,4,RA-province,B2C,1,15,08:00,12:00,09:41,,33.03
22444,2026-04-16,2026-04-16-AM-V1,5,RA-province,B2C,3,20,08:00,12:00,10:05,missing_item,33.03
22445,2026-04-16,2026-04-16-AM-V1,6,RA-province,B2C,3,41,08:00,12:00,11:01,,33.03
22446,2026-04-16,2026-04-16-PM-V1,1,RA-city,B2B,6,20,14:00,16:00,14:24,,22.42
22447,2026-04-16,2026-04-16-PM-V1,2,RA-city,B2B,5,14,14:00,16:00,14:51,,22.42
22448,2026-04-16,2026-04-16-PM-V1,3,RA-city,B2C,3,15,14:00,18:00,15:17,,22.42
22449,2026-04-16,2026-04-16-PM-V1,4,RA-city,B2C,4,13,14:00,18:00,15:46,,22.42
22450,2026-04-16,2026-04-16-PM-V1,5,RA-city,B2C,1,14,14:00,18:00,16:25,,22.42
22451,2026-04-16,2026-04-16-PM-V1,6,RA-city,B2C,1,10,14:00,18:00,16:53,,22.42
22452,2026-04-16,2026-04-16-PM-V1,7,RA-city,B2C,1,9,14:00,18:00,17:19,,22.42
22453,2026-04-16,2026-04-16-PM-V1,8,RA-city,B2C,3,10,14:00,18:00,17:45,,22.42
22454,2026-04-16,2026-04-16-AM-V2,1,BO,B2B,6,63,08:00,10:00,09:24,,48.48
22455,2026-04-16,2026-04-16-AM-V2,2,BO,B2C,5,74,08:00,12:00,09:58,,48.48
22456,2026-04-16,2026-04-16-AM-V2,3,BO,B2C,6,72,08:00,12:00,10:44,,48.48
22457,2026-04-16,2026-04-16-AM-V2,4,BO,B2C,3,59,08:00,12:00,11:54,,48.48
22458,2026-04-16,2026-04-16-AM-V2,5,BO,B2C,3,55,08:00,12:00,12:40,,48.48
22459,2026-04-16,2026-04-16-PM-V2,1,RA-city,B2B,5,8,14:00,16:00,14:35,,24.04
22460,2026-04-16,2026-04-16-PM-V2,2,RA-city,B2C,4,10,14:00,18:00,14:58,,24.04
22461,2026-04-16,2026-04-16-PM-V2,3,RA-city,B2C,1,16,14:00,18:00,15:34,,24.04
22462,2026-04-16,2026-04-16-PM-V2,4,RA-city,B2C,2,18,14:00,18:00,15:52,,24.04
22463,2026-04-16,2026-04-16-PM-V2,5,RA-city,B2C,3,7,14:00,18:00,16:24,,24.04
22464,2026-04-16,2026-04-16-PM-V2,6,RA-city,B2C,2,20,14:00,18:00,16:57,,24.04
22465,2026-04-16,2026-04-16-PM-V2,7,RA-city,B2C,2,17,14:00,18:00,17:25,,24.04
22466,2026-04-16,2026-04-16-AM-V3,1,RA-city,B2B,8,13,08:00,10:00,08:15,,20.47
22467,2026-04-16,2026-04-16-AM-V3,2,RA-city,B2C,3,20,08:00,12:00,08:40,,20.47
22468,2026-04-16,2026-04-16-AM-V3,3,RA-city,B2C,4,9,08:00,12:00,09:09,,20.47
22469,2026-04-16,2026-04-16-AM-V3,4,RA-city,B2C,2,17,08:00,12:00,09:42,,20.47
22470,2026-04-16,2026-04-16-AM-V3,5,RA-city,B2C,3,14,08:00,12:00,10:05,,20.47
22471,2026-04-16,2026-04-16-AM-V3,6,RA-city,B2C,3,8,08:00,12:00,10:38,,20.47
22472,2026-04-16,2026-04-16-AM-V3,7,RA-city,B2C,2,15,08:00,12:00,11:12,,20.47
22473,2026-04-16,2026-04-16-AM-V3,8,RA-city,B2C,3,9,08:00,12:00,11:40,wrong_address,20.47
22474,2026-04-16,2026-04-16-PM-V3,1,BO,B2C,6,56,14:00,18:00,15:13,,62.23
22475,2026-04-16,2026-04-16-PM-V3,2,BO,B2C,5,76,14:00,18:00,16:18,,62.23
22476,2026-04-16,2026-04-16-PM-V3,3,BO,B2C,2,67,14:00,18:00,17:13,,62.23
22477,2026-04-16,2026-04-16-PM-V3,4,BO,B2C,5,80,14:00,18:00,17:51,,62.23
22478,2026-04-17,2026-04-17-AM-V1,1,RN,B2C,2,79,08:00,12:00,09:24,,59.79
22479,2026-04-17,2026-04-17-AM-V1,2,RN,B2C,6,77,08:00,12:00,10:02,,59.79
22480,2026-04-17,2026-04-17-AM-V1,3,RN,B2C,2,61,08:00,12:00,10:56,,59.79
22481,2026-04-17,2026-04-17-AM-V1,4,RN,B2C,2,56,08:00,12:00,11:24,,59.79
22482,2026-04-17,2026-04-17-PM-V1,1,BO,B2B,6,70,14:00,16:00,15:44,,58.81
22483,2026-04-17,2026-04-17-PM-V1,2,BO,B2B,9,79,14:00,16:00,16:21,,58.81
22484,2026-04-17,2026-04-17-PM-V1,3,BO,B2C,4,78,14:00,18:00,17:00,,58.81
22485,2026-04-17,2026-04-17-PM-V1,4,BO,B2C,4,52,14:00,18:00,17:54,,58.81
22486,2026-04-17,2026-04-17-AM-V2,1,RA-province,B2B,4,30,08:00,10:00,08:43,,29.61
22487,2026-04-17,2026-04-17-AM-V2,2,RA-province,B2B,6,45,08:00,10:00,09:15,,29.61
22488,2026-04-17,2026-04-17-AM-V2,3,RA-province,B2C,2,39,08:00,12:00,09:46,,29.61
22489,2026-04-17,2026-04-17-AM-V2,4,RA-province,B2C,3,31,08:00,12:00,10:14,,29.61
22490,2026-04-17,2026-04-17-AM-V2,5,RA-province,B2C,2,39,08:00,12:00,10:54,,29.61
22491,2026-04-17,2026-04-17-AM-V2,6,RA-province,B2C,1,19,08:00,12:00,11:26,,29.61
22492,2026-04-17,2026-04-17-AM-V2,7,RA-province,B2C,4,23,08:00,12:00,11:59,,29.61
22493,2026-04-17,2026-04-17-PM-V2,1,FC,B2B,8,42,14:00,16:00,14:42,,37.26
22494,2026-04-17,2026-04-17-PM-V2,2,FC,B2B,7,42,14:00,16:00,15:22,,37.26
22495,2026-04-17,2026-04-17-PM-V2,3,FC,B2B,7,46,14:00,16:00,16:01,,37.26
22496,2026-04-17,2026-04-17-PM-V2,4,FC,B2B,7,47,14:00,16:00,16:48,,37.26
22497,2026-04-17,2026-04-17-PM-V2,5,FC,B2C,1,41,14:00,18:00,17:33,,37.26
22498,2026-04-17,2026-04-17-PM-V2,6,FC,B2C,4,25,14:00,18:00,18:08,,37.26
22499,2026-04-17,2026-04-17-AM-V3,1,BO,B2B,7,76,08:00,10:00,09:21,,55.5
22500,2026-04-17,2026-04-17-AM-V3,2,BO,B2B,8,77,08:00,10:00,09:56,,55.5
22501,2026-04-17,2026-04-17-AM-V3,3,BO,B2C,2,90,08:00,12:00,10:42,,55.5
22502,2026-04-17,2026-04-17-AM-V3,4,BO,B2C,2,72,08:00,12:00,11:29,,55.5
22503,2026-04-17,2026-04-17-AM-V3,5,BO,B2C,6,87,08:00,12:00,12:16,,55.5
22504,2026-04-17,2026-04-17-PM-V3,1,RA-city,B2B,3,5,14:00,16:00,14:59,,18.56
22505,2026-04-17,2026-04-17-PM-V3,2,RA-city,B2B,6,18,14:00,16:00,15:20,,18.56
22506,2026-04-17,2026-04-17-PM-V3,3,RA-city,B2B,7,17,14:00,16:00,15:47,,18.56
22507,2026-04-17,2026-04-17-PM-V3,4,RA-city,B2C,3,12,14:00,18:00,16:13,,18.56
22508,2026-04-17,2026-04-17-PM-V3,5,RA-city,B2C,1,12,14:00,18:00,16:42,,18.56
22509,2026-04-17,2026-04-17-PM-V3,6,RA-city,B2C,2,13,14:00,18:00,17:01,,18.56
22510,2026-04-17,2026-04-17-PM-V3,7,RA-city,B2C,4,13,14:00,18:00,17:27,,18.56
22511,2026-04-17,2026-04-17-PM-V3,8,RA-city,B2C,3,16,14:00,18:00,18:04,,18.56
22512,2026-04-17,2026-04-17-PM-V3,9,RA-city,B2C,2,16,14:00,18:00,18:33,,18.56
22513,2026-04-18,2026-04-18-AM-V1,1,FC,B2B,3,29,08:00,10:00,08:35,,31.29
22514,2026-04-18,2026-04-18-AM-V1,2,FC,B2B,6,44,08:00,10:00,09:02,,31.29
22515,2026-04-18,2026-04-18-AM-V1,3,FC,B2B,8,60,08:00,10:00,09:36,,31.29
22516,2026-04-18,2026-04-18-AM-V1,4,FC,B2C,2,28,08:00,12:00,10:10,,31.29
22517,2026-04-18,2026-04-18-AM-V1,5,FC,B2C,2,58,08:00,12:00,10:42,,31.29
22518,2026-04-18,2026-04-18-AM-V1,6,FC,B2C,4,40,08:00,12:00,11:18,,31.29
22519,2026-04-18,2026-04-18-AM-V1,7,FC,B2C,2,38,08:00,12:00,12:08,,31.29
22520,2026-04-18,2026-04-18-PM-V1,1,BO,B2B,5,71,14:00,16:00,15:11,,49.39
22521,2026-04-18,2026-04-18-PM-V1,2,BO,B2C,6,58,14:00,18:00,15:39,,49.39
22522,2026-04-18,2026-04-18-PM-V1,3,BO,B2C,6,78,14:00,18:00,16:41,,49.39
22523,2026-04-18,2026-04-18-PM-V1,4,BO,B2C,3,70,14:00,18:00,17:42,,49.39
22524,2026-04-18,2026-04-18-PM-V1,5,BO,B2C,5,50,14:00,18:00,18:33,,49.39
22525,2026-04-18,2026-04-18-AM-V2,1,RN,B2B,10,60,08:00,10:00,09:27,,46.27
22526,2026-04-18,2026-04-18-AM-V2,2,RN,B2B,8,60,08:00,10:00,10:08,,46.27
22527,2026-04-18,2026-04-18-AM-V2,3,RN,B2C,4,77,08:00,12:00,10:45,,46.27
22528,2026-04-18,2026-04-18-AM-V2,4,RN,B2C,3,77,08:00,12:00,11:29,,46.27
22529,2026-04-18,2026-04-18-AM-V2,5,RN,B2C,6,50,08:00,12:00,12:09,,46.27
22530,2026-04-18,2026-04-18-PM-V2,1,RA-province,B2B,7,39,14:00,16:00,14:54,,34.77
22531,2026-04-18,2026-04-18-PM-V2,2,RA-province,B2B,7,29,14:00,16:00,15:24,,34.77
22532,2026-04-18,2026-04-18-PM-V2,3,RA-province,B2B,3,35,14:00,16:00,15:53,,34.77
22533,2026-04-18,2026-04-18-PM-V2,4,RA-province,B2B,4,35,14:00,16:00,16:26,,34.77
22534,2026-04-18,2026-04-18-PM-V2,5,RA-province,B2C,3,35,14:00,18:00,16:48,,34.77
22535,2026-04-18,2026-04-18-PM-V2,6,RA-province,B2C,2,36,14:00,18:00,17:29,,34.77
22536,2026-04-18,2026-04-18-AM-V3,1,RN,B2B,5,52,08:00,10:00,09:10,,43.67
22537,2026-04-18,2026-04-18-AM-V3,2,RN,B2B,9,75,08:00,10:00,09:35,,43.67
22538,2026-04-18,2026-04-18-AM-V3,3,RN,B2B,9,70,08:00,10:00,10:12,refused,43.67
22539,2026-04-18,2026-04-18-AM-V3,4,RN,B2C,2,60,08:00,12:00,10:55,,43.67
22540,2026-04-18,2026-04-18-AM-V3,5,RN,B2C,6,50,08:00,12:00,11:31,,43.67
22541,2026-04-18,2026-04-18-PM-V3,1,FE,B2C,6,97,14:00,18:00,15:44,,86.87
22542,2026-04-18,2026-04-18-PM-V3,2,FE,B2C,5,98,14:00,18:00,16:49,,86.87
22543,2026-04-18,2026-04-18-PM-V3,3,FE,B2C,3,70,14:00,18:00,17:45,,86.87
22544,2026-04-19,2026-04-19-AM-V1,1,RA-city,B2B,7,13,08:00,10:00,08:15,,21.61
22545,2026-04-19,2026-04-19-AM-V1,2,RA-city,B2B,6,15,08:00,10:00,08:43,,21.61
22546,2026-04-19,2026-04-19-AM-V1,3,RA-city,B2C,1,5,08:00,12:00,09:09,,21.61
22547,2026-04-19,2026-04-19-AM-V1,4,RA-city,B2C,3,9,08:00,12:00,09:34,,21.61
22548,2026-04-19,2026-04-19-AM-V1,5,RA-city,B2C,1,11,08:00,12:00,10:08,,21.61
22549,2026-04-19,2026-04-19-AM-V1,6,RA-city,B2C,3,19,08:00,12:00,10:34,,21.61
22550,2026-04-19,2026-04-19-AM-V1,7,RA-city,B2C,3,10,08:00,12:00,11:03,,21.61
22551,2026-04-19,2026-04-19-AM-V1,8,RA-city,B2C,2,13,08:00,12:00,11:36,,21.61
22552,2026-04-19,2026-04-19-PM-V1,1,RA-province,B2B,3,26,14:00,16:00,14:33,,31.19
22553,2026-04-19,2026-04-19-PM-V1,2,RA-province,B2B,6,39,14:00,16:00,14:58,,31.19
22554,2026-04-19,2026-04-19-PM-V1,3,RA-province,B2B,7,25,14:00,16:00,15:27,,31.19
22555,2026-04-19,2026-04-19-PM-V1,4,RA-province,B2C,4,36,14:00,18:00,15:59,,31.19
22556,2026-04-19,2026-04-19-PM-V1,5,RA-province,B2C,1,18,14:00,18:00,16:42,,31.19
22557,2026-04-19,2026-04-19-PM-V1,6,RA-province,B2C,3,16,14:00,18:00,17:07,missing_item,31.19
22558,2026-04-19,2026-04-19-AM-V2,1,FC,B2C,1,43,08:00,12:00,08:43,,32.96
22559,2026-04-19,2026-04-19-AM-V2,2,FC,B2C,4,29,08:00,12:00,09:11,,32.96
22560,2026-04-19,2026-04-19-AM-V2,3,FC,B2C,4,51,08:00,12:00,09:55,,32.96
22561,2026-04-19,2026-04-19-AM-V2,4,FC,B2C,4,59,08:00,12:00,10:43,missing_item,32.96
22562,2026-04-19,2026-04-19-AM-V2,5,FC,B2C,1,28,08:00,12:00,11:39,,32.96
22563,2026-04-19,2026-04-19-AM-V2,6,FC,B2C,1,47,08:00,12:00,12:03,,32.96
22564,2026-04-19,2026-04-19-AM-V2,7,FC,B2C,3,41,08:00,12:00,12:38,,32.96
22565,2026-04-19,2026-04-19-PM-V2,1,RA-province,B2B,6,39,14:00,16:00,15:02,,32.82
22566,2026-04-19,2026-04-19-PM-V2,2,RA-province,B2C,3,27,14:00,18:00,15:31,,32.82
22567,2026-04-19,2026-04-19-PM-V2,3,RA-province,B2C,3,24,14:00,18:00,16:05,,32.82
22568,2026-04-19,2026-04-19-PM-V2,4,RA-province,B2C,1,34,14:00,18:00,16:41,missing_item,32.82
22569,2026-04-19,2026-04-19-PM-V2,5,RA-province,B2C,2,36,14:00,18:00,17:15,,32.82
22570,2026-04-19,2026-04-19-PM-V2,6,RA-province,B2C,4,21,14:00,18:00,17:51,,32.82
22571,2026-04-19,2026-04-19-AM-V3,1,RA-province,B2B,3,44,08:00,10:00,08:46,transport_damage,27.86
22572,2026-04-19,2026-04-19-AM-V3,2,RA-province,B2B,6,43,08:00,10:00,09:22,,27.86
22573,2026-04-19,2026-04-19-AM-V3,3,RA-province,B2B,7,40,08:00,10:00,09:53,,27.86
22574,2026-04-19,2026-04-19-AM-V3,4,RA-province,B2C,3,34,08:00,12:00,10:26,,27.86
22575,2026-04-19,2026-04-19-AM-V3,5,RA-province,B2C,3,30,08:00,12:00,11:05,,27.86
22576,2026-04-19,2026-04-19-AM-V3,6,RA-province,B2C,1,37,08:00,12:00,11:40,,27.86
22577,2026-04-19,2026-04-19-AM-V3,7,RA-province,B2C,4,36,08:00,12:00,12:11,,27.86
22578,2026-04-19,2026-04-19-AM-V3,8,RA-province,B2C,4,27,08:00,12:00,12:50,,27.86
22579,2026-04-19,2026-04-19-PM-V3,1,RA-province,B2B,4,21,14:00,16:00,14:33,,24.53
22580,2026-04-19,2026-04-19-PM-V3,2,RA-province,B2C,1,32,14:00,18:00,14:54,,24.53
22581,2026-04-19,2026-04-19-PM-V3,3,RA-province,B2C,1,26,14:00,18:00,15:19,,24.53
22582,2026-04-19,2026-04-19-PM-V3,4,RA-province,B2C,1,44,14:00,18:00,15:43,,24.53
22583,2026-04-19,2026-04-19-PM-V3,5,RA-province,B2C,1,29,14:00,18:00,16:08,,24.53
22584,2026-04-19,2026-04-19-PM-V3,6,RA-province,B2C,3,18,14:00,18:00,16:33,,24.53
22585,2026-04-19,2026-04-19-PM-V3,7,RA-province,B2C,3,35,14:00,18:00,17:10,,24.53
22586,2026-04-19,2026-04-19-PM-V3,8,RA-province,B2C,3,28,14:00,18:00,17:44,,24.53
22587,2026-04-22,2026-04-22-AM-V1,1,BO,B2C,6,50,08:00,12:00,09:07,,47.7
22588,2026-04-22,2026-04-22-AM-V1,2,BO,B2C,4,85,08:00,12:00,10:10,,47.7
22589,2026-04-22,2026-04-22-AM-V1,3,BO,B2C,6,58,08:00,12:00,10:54,,47.7
22590,2026-04-22,2026-04-22-AM-V1,4,BO,B2C,5,77,08:00,12:00,11:45,,47.7
22591,2026-04-22,2026-04-22-AM-V1,5,BO,B2C,6,67,08:00,12:00,12:40,,47.7
22592,2026-04-22,2026-04-22-PM-V1,1,FC,B2B,6,29,14:00,16:00,15:35,,36.72
22593,2026-04-22,2026-04-22-PM-V1,2,FC,B2C,2,56,14:00,18:00,16:21,,36.72
22594,2026-04-22,2026-04-22-PM-V1,3,FC,B2C,1,43,14:00,18:00,16:53,transport_damage,36.72
22595,2026-04-22,2026-04-22-PM-V1,4,FC,B2C,4,50,14:00,18:00,17:36,,36.72
22596,2026-04-22,2026-04-22-PM-V1,5,FC,B2C,3,60,14:00,18:00,18:29,,36.72
22597,2026-04-22,2026-04-22-PM-V1,6,FC,B2C,3,40,14:00,18:00,19:11,,36.72
22598,2026-04-22,2026-04-22-AM-V2,1,RA-province,B2B,7,27,08:00,10:00,08:27,,32.06
22599,2026-04-22,2026-04-22-AM-V2,2,RA-province,B2C,1,37,08:00,12:00,08:57,,32.06
22600,2026-04-22,2026-04-22-AM-V2,3,RA-province,B2C,4,21,08:00,12:00,09:21,,32.06
22601,2026-04-22,2026-04-22-AM-V2,4,RA-province,B2C,3,15,08:00,12:00,10:03,,32.06
22602,2026-04-22,2026-04-22-AM-V2,5,RA-province,B2C,3,33,08:00,12:00,10:48,,32.06
22603,2026-04-22,2026-04-22-AM-V2,6,RA-province,B2C,3,20,08:00,12:00,11:26,,32.06
22604,2026-04-22,2026-04-22-PM-V2,1,RA-province,B2B,3,18,14:00,16:00,14:17,,25.67
22605,2026-04-22,2026-04-22-PM-V2,2,RA-province,B2B,6,29,14:00,16:00,14:45,,25.67
22606,2026-04-22,2026-04-22-PM-V2,3,RA-province,B2B,7,42,14:00,16:00,15:13,,25.67
22607,2026-04-22,2026-04-22-PM-V2,4,RA-province,B2C,4,41,14:00,18:00,15:48,,25.67
22608,2026-04-22,2026-04-22-PM-V2,5,RA-province,B2C,4,41,14:00,18:00,16:25,,25.67
22609,2026-04-22,2026-04-22-PM-V2,6,RA-province,B2C,4,45,14:00,18:00,17:09,,25.67
22610,2026-04-22,2026-04-22-PM-V2,7,RA-province,B2C,4,38,14:00,18:00,18:00,,25.67
22611,2026-04-22,2026-04-22-PM-V2,8,RA-province,B2C,2,23,14:00,18:00,18:47,,25.67
22612,2026-04-22,2026-04-22-AM-V3,1,RA-city,B2B,4,19,08:00,10:00,08:24,,19.42
22613,2026-04-22,2026-04-22-AM-V3,2,RA-city,B2B,4,10,08:00,10:00,08:44,,19.42
22614,2026-04-22,2026-04-22-AM-V3,3,RA-city,B2C,1,8,08:00,12:00,09:01,,19.42
22615,2026-04-22,2026-04-22-AM-V3,4,RA-city,B2C,4,16,08:00,12:00,09:24,,19.42
22616,2026-04-22,2026-04-22-AM-V3,5,RA-city,B2C,1,13,08:00,12:00,10:00,,19.42
22617,2026-04-22,2026-04-22-AM-V3,6,RA-city,B2C,1,6,08:00,12:00,10:26,,19.42
22618,2026-04-22,2026-04-22-AM-V3,7,RA-city,B2C,2,8,08:00,12:00,10:49,,19.42
22619,2026-04-22,2026-04-22-AM-V3,8,RA-city,B2C,4,14,08:00,12:00,11:18,,19.42
22620,2026-04-22,2026-04-22-AM-V3,9,RA-city,B2C,4,10,08:00,12:00,11:51,,19.42
22621,2026-04-22,2026-04-22-PM-V3,1,RA-city,B2B,5,13,14:00,16:00,14:15,,19.13
22622,2026-04-22,2026-04-22-PM-V3,2,RA-city,B2B,3,9,14:00,16:00,14:42,,19.13
22623,2026-04-22,2026-04-22-PM-V3,3,RA-city,B2C,1,10,14:00,18:00,15:02,,19.13
22624,2026-04-22,2026-04-22-PM-V3,4,RA-city,B2C,4,16,14:00,18:00,15:25,,19.13
22625,2026-04-22,2026-04-22-PM-V3,5,RA-city,B2C,2,13,14:00,18:00,16:02,,19.13
22626,2026-04-22,2026-04-22-PM-V3,6,RA-city,B2C,2,19,14:00,18:00,16:31,,19.13
22627,2026-04-22,2026-04-22-PM-V3,7,RA-city,B2C,2,10,14:00,18:00,16:58,,19.13
22628,2026-04-22,2026-04-22-PM-V3,8,RA-city,B2C,1,12,14:00,18:00,17:24,,19.13
22629,2026-04-22,2026-04-22-PM-V3,9,RA-city,B2C,4,5,14:00,18:00,17:45,missing_item,19.13
22630,2026-04-23,2026-04-23-AM-V1,1,RA-province,B2B,5,40,08:00,10:00,08:39,,27.29
22631,2026-04-23,2026-04-23-AM-V1,2,RA-province,B2C,4,23,08:00,12:00,09:06,,27.29
22632,2026-04-23,2026-04-23-AM-V1,3,RA-province,B2C,1,23,08:00,12:00,09:46,,27.29
22633,2026-04-23,2026-04-23-AM-V1,4,RA-province,B2C,1,42,08:00,12:00,10:12,,27.29
22634,2026-04-23,2026-04-23-AM-V1,5,RA-province,B2C,1,29,08:00,12:00,10:42,,27.29
22635,2026-04-23,2026-04-23-AM-V1,6,RA-province,B2C,2,25,08:00,12:00,11:09,,27.29
22636,2026-04-23,2026-04-23-AM-V1,7,RA-province,B2C,3,22,08:00,12:00,11:49,,27.29
22637,2026-04-23,2026-04-23-AM-V1,8,RA-province,B2C,1,26,08:00,12:00,12:26,,27.29
22638,2026-04-23,2026-04-23-PM-V1,1,RN,B2B,10,75,14:00,16:00,15:41,,49.0
22639,2026-04-23,2026-04-23-PM-V1,2,RN,B2C,3,66,14:00,18:00,16:21,,49.0
22640,2026-04-23,2026-04-23-PM-V1,3,RN,B2C,4,80,14:00,18:00,17:00,,49.0
22641,2026-04-23,2026-04-23-PM-V1,4,RN,B2C,2,69,14:00,18:00,17:52,,49.0
22642,2026-04-23,2026-04-23-PM-V1,5,RN,B2C,3,57,14:00,18:00,18:23,,49.0
22643,2026-04-23,2026-04-23-AM-V2,1,RN,B2B,10,45,08:00,10:00,09:05,,57.19
22644,2026-04-23,2026-04-23-AM-V2,2,RN,B2B,5,47,08:00,10:00,09:43,,57.19
22645,2026-04-23,2026-04-23-AM-V2,3,RN,B2B,4,45,08:00,10:00,10:13,,57.19
22646,2026-04-23,2026-04-23-AM-V2,4,RN,B2C,5,70,08:00,12:00,10:44,,57.19
22647,2026-04-23,2026-04-23-PM-V2,1,FE,B2C,6,108,14:00,18:00,15:58,,60.18
22648,2026-04-23,2026-04-23-PM-V2,2,FE,B2C,6,79,14:00,18:00,16:50,,60.18
22649,2026-04-23,2026-04-23-PM-V2,3,FE,B2C,3,69,14:00,18:00,17:54,,60.18
22650,2026-04-23,2026-04-23-PM-V2,4,FE,B2C,6,104,14:00,18:00,18:37,,60.18
22651,2026-04-23,2026-04-23-PM-V2,5,FE,B2C,3,100,14:00,18:00,19:37,,60.18
22652,2026-04-23,2026-04-23-AM-V3,1,FC,B2B,5,37,08:00,10:00,08:54,,32.68
22653,2026-04-23,2026-04-23-AM-V3,2,FC,B2B,3,44,08:00,10:00,09:23,,32.68
22654,2026-04-23,2026-04-23-AM-V3,3,FC,B2B,7,44,08:00,10:00,09:45,,32.68
22655,2026-04-23,2026-04-23-AM-V3,4,FC,B2C,2,47,08:00,12:00,10:30,,32.68
22656,2026-04-23,2026-04-23-AM-V3,5,FC,B2C,4,50,08:00,12:00,11:03,,32.68
22657,2026-04-23,2026-04-23-AM-V3,6,FC,B2C,2,53,08:00,12:00,11:44,,32.68
22658,2026-04-23,2026-04-23-AM-V3,7,FC,B2C,2,49,08:00,12:00,12:14,transport_damage,32.68
22659,2026-04-23,2026-04-23-PM-V3,1,RA-city,B2B,3,8,14:00,16:00,14:12,,21.12
22660,2026-04-23,2026-04-23-PM-V3,2,RA-city,B2B,4,15,14:00,16:00,14:31,,21.12
22661,2026-04-23,2026-04-23-PM-V3,3,RA-city,B2B,5,10,14:00,16:00,14:49,,21.12
22662,2026-04-23,2026-04-23-PM-V3,4,RA-city,B2C,3,14,14:00,18:00,15:13,missing_item,21.12
22663,2026-04-23,2026-04-23-PM-V3,5,RA-city,B2C,1,19,14:00,18:00,15:55,,21.12
22664,2026-04-23,2026-04-23-PM-V3,6,RA-city,B2C,4,6,14:00,18:00,16:17,,21.12
22665,2026-04-23,2026-04-23-PM-V3,7,RA-city,B2C,4,18,14:00,18:00,16:54,,21.12
22666,2026-04-23,2026-04-23-PM-V3,8,RA-city,B2C,2,16,14:00,18:00,17:31,,21.12
22667,2026-04-24,2026-04-24-AM-V1,1,RA-city,B2B,3,11,08:00,10:00,08:11,,18.77
22668,2026-04-24,2026-04-24-AM-V1,2,RA-city,B2B,4,15,08:00,10:00,08:27,,18.77
22669,2026-04-24,2026-04-24-AM-V1,3,RA-city,B2C,3,9,08:00,12:00,08:51,,18.77
22670,2026-04-24,2026-04-24-AM-V1,4,RA-city,B2C,1,16,08:00,12:00,09:24,,18.77
22671,2026-04-24,2026-04-24-AM-V1,5,RA-city,B2C,2,20,08:00,12:00,09:43,,18.77
22672,2026-04-24,2026-04-24-AM-V1,6,RA-city,B2C,2,7,08:00,12:00,10:11,,18.77
22673,2026-04-24,2026-04-24-AM-V1,7,RA-city,B2C,2,14,08:00,12:00,10:36,,18.77
22674,2026-04-24,2026-04-24-AM-V1,8,RA-city,B2C,4,17,08:00,12:00,11:01,,18.77
22675,2026-04-24,2026-04-24-AM-V1,9,RA-city,B2C,4,10,08:00,12:00,11:39,,18.77
22676,2026-04-24,2026-04-24-PM-V1,1,RA-province,B2B,8,45,14:00,16:00,14:49,,28.76
22677,2026-04-24,2026-04-24-PM-V1,2,RA-province,B2B,7,43,14:00,16:00,15:22,,28.76
22678,2026-04-24,2026-04-24-PM-V1,3,RA-province,B2B,6,44,14:00,16:00,15:52,,28.76
22679,2026-04-24,2026-04-24-PM-V1,4,RA-province,B2B,7,26,14:00,16:00,16:19,,28.76
22680,2026-04-24,2026-04-24-PM-V1,5,RA-province,B2C,1,38,14:00,18:00,16:50,,28.76
22681,2026-04-24,2026-04-24-PM-V1,6,RA-province,B2C,4,43,14:00,18:00,17:15,,28.76
22682,2026-04-24,2026-04-24-PM-V1,7,RA-province,B2C,3,29,14:00,18:00,18:04,,28.76
22683,2026-04-24,2026-04-24-PM-V1,8,RA-province,B2C,4,44,14:00,18:00,18:44,,28.76
22684,2026-04-24,2026-04-24-AM-V2,1,RA-province,B2B,7,39,08:00,10:00,08:46,,35.09
22685,2026-04-24,2026-04-24-AM-V2,2,RA-province,B2C,1,30,08:00,12:00,09:25,,35.09
22686,2026-04-24,2026-04-24-AM-V2,3,RA-province,B2C,2,21,08:00,12:00,09:59,,35.09
22687,2026-04-24,2026-04-24-AM-V2,4,RA-province,B2C,2,39,08:00,12:00,10:29,,35.09
22688,2026-04-24,2026-04-24-AM-V2,5,RA-province,B2C,1,38,08:00,12:00,11:06,,35.09
22689,2026-04-24,2026-04-24-AM-V2,6,RA-province,B2C,1,26,08:00,12:00,11:39,,35.09
22690,2026-04-24,2026-04-24-PM-V2,1,RA-city,B2C,1,14,14:00,18:00,14:21,,21.28
22691,2026-04-24,2026-04-24-PM-V2,2,RA-city,B2C,3,6,14:00,18:00,14:41,,21.28
22692,2026-04-24,2026-04-24-PM-V2,3,RA-city,B2C,2,7,14:00,18:00,15:13,,21.28
22693,2026-04-24,2026-04-24-PM-V2,4,RA-city,B2C,1,10,14:00,18:00,15:39,,21.28
22694,2026-04-24,2026-04-24-PM-V2,5,RA-city,B2C,3,19,14:00,18:00,16:02,,21.28
22695,2026-04-24,2026-04-24-PM-V2,6,RA-city,B2C,1,20,14:00,18:00,16:33,,21.28
22696,2026-04-24,2026-04-24-PM-V2,7,RA-city,B2C,4,9,14:00,18:00,16:56,,21.28
22697,2026-04-24,2026-04-24-PM-V2,8,RA-city,B2C,4,11,14:00,18:00,17:33,,21.28
22698,2026-04-24,2026-04-24-AM-V3,1,RA-province,B2B,6,23,08:00,10:00,08:27,,30.36
22699,2026-04-24,2026-04-24-AM-V3,2,RA-province,B2B,8,32,08:00,10:00,09:04,,30.36
22700,2026-04-24,2026-04-24-AM-V3,3,RA-province,B2B,4,16,08:00,10:00,09:40,,30.36
22701,2026-04-24,2026-04-24-AM-V3,4,RA-province,B2B,5,21,08:00,10:00,10:13,,30.36
22702,2026-04-24,2026-04-24-AM-V3,5,RA-province,B2C,2,17,08:00,12:00,10:45,,30.36
22703,2026-04-24,2026-04-24-AM-V3,6,RA-province,B2C,2,30,08:00,12:00,11:12,,30.36
22704,2026-04-24,2026-04-24-AM-V3,7,RA-province,B2C,3,39,08:00,12:00,11:45,,30.36
22705,2026-04-24,2026-04-24-PM-V3,1,RA-city,B2B,5,19,14:00,16:00,14:23,,22.5
22706,2026-04-24,2026-04-24-PM-V3,2,RA-city,B2B,5,9,14:00,16:00,14:43,,22.5
22707,2026-04-24,2026-04-24-PM-V3,3,RA-city,B2C,1,13,14:00,18:00,15:08,,22.5
22708,2026-04-24,2026-04-24-PM-V3,4,RA-city,B2C,3,7,14:00,18:00,15:31,,22.5
22709,2026-04-24,2026-04-24-PM-V3,5,RA-city,B2C,4,14,14:00,18:00,16:00,,22.5
22710,2026-04-24,2026-04-24-PM-V3,6,RA-city,B2C,3,20,14:00,18:00,16:38,,22.5
22711,2026-04-24,2026-04-24-PM-V3,7,RA-city,B2C,4,12,14:00,18:00,17:13,,22.5
22712,2026-04-24,2026-04-24-PM-V3,8,RA-city,B2C,4,20,14:00,18:00,17:51,,22.5
22713,2026-04-25,2026-04-25-AM-V1,1,FE,B2B,5,103,08:00,10:00,09:46,,71.0
22714,2026-04-25,2026-04-25-AM-V1,2,FE,B2C,2,68,08:00,12:00,10:23,,71.0
22715,2026-04-25,2026-04-25-AM-V1,3,FE,B2C,5,100,08:00,12:00,11:08,,71.0
22716,2026-04-25,2026-04-25-AM-V1,4,FE,B2C,5,77,08:00,12:00,12:06,,71.0
22717,2026-04-25,2026-04-25-PM-V1,1,FC,B2C,4,59,14:00,18:00,15:47,,31.1
22718,2026-04-25,2026-04-25-PM-V1,2,FC,B2C,3,45,14:00,18:00,16:28,,31.1
22719,2026-04-25,2026-04-25-PM-V1,3,FC,B2C,1,54,14:00,18:00,17:05,,31.1
22720,2026-04-25,2026-04-25-PM-V1,4,FC,B2C,1,41,14:00,18:00,17:32,,31.1
22721,2026-04-25,2026-04-25-PM-V1,5,FC,B2C,2,55,14:00,18:00,17:56,,31.1
22722,2026-04-25,2026-04-25-PM-V1,6,FC,B2C,1,53,14:00,18:00,18:26,,31.1
22723,2026-04-25,2026-04-25-PM-V1,7,FC,B2C,1,25,14:00,18:00,18:54,,31.1
22724,2026-04-25,2026-04-25-AM-V2,1,RA-city,B2B,8,17,08:00,10:00,08:22,,19.49
22725,2026-04-25,2026-04-25-AM-V2,2,RA-city,B2B,5,19,08:00,10:00,08:50,,19.49
22726,2026-04-25,2026-04-25-AM-V2,3,RA-city,B2B,6,19,08:00,10:00,09:10,,19.49
22727,2026-04-25,2026-04-25-AM-V2,4,RA-city,B2B,3,18,08:00,10:00,09:32,,19.49
22728,2026-04-25,2026-04-25-AM-V2,5,RA-city,B2C,2,16,08:00,12:00,09:48,,19.49
22729,2026-04-25,2026-04-25-AM-V2,6,RA-city,B2C,4,20,08:00,12:00,10:13,,19.49
22730,2026-04-25,2026-04-25-AM-V2,7,RA-city,B2C,4,18,08:00,12:00,10:49,,19.49
22731,2026-04-25,2026-04-25-AM-V2,8,RA-city,B2C,4,12,08:00,12:00,11:26,,19.49
22732,2026-04-25,2026-04-25-AM-V2,9,RA-city,B2C,1,19,08:00,12:00,12:03,,19.49
22733,2026-04-25,2026-04-25-PM-V2,1,BO,B2B,9,67,14:00,16:00,15:31,,47.57
22734,2026-04-25,2026-04-25-PM-V2,2,BO,B2C,3,53,14:00,18:00,16:14,transport_damage,47.57
22735,2026-04-25,2026-04-25-PM-V2,3,BO,B2C,5,69,14:00,18:00,17:03,,47.57
22736,2026-04-25,2026-04-25-PM-V2,4,BO,B2C,2,79,14:00,18:00,17:54,,47.57
22737,2026-04-25,2026-04-25-PM-V2,5,BO,B2C,6,50,14:00,18:00,18:28,,47.57
22738,2026-04-25,2026-04-25-AM-V3,1,RA-province,B2B,7,20,08:00,10:00,08:29,,28.78
22739,2026-04-25,2026-04-25-AM-V3,2,RA-province,B2B,5,40,08:00,10:00,08:59,,28.78
22740,2026-04-25,2026-04-25-AM-V3,3,RA-province,B2C,4,30,08:00,12:00,09:23,,28.78
22741,2026-04-25,2026-04-25-AM-V3,4,RA-province,B2C,2,33,08:00,12:00,10:00,,28.78
22742,2026-04-25,2026-04-25-AM-V3,5,RA-province,B2C,4,32,08:00,12:00,10:37,,28.78
22743,2026-04-25,2026-04-25-AM-V3,6,RA-province,B2C,2,41,08:00,12:00,11:22,,28.78
22744,2026-04-25,2026-04-25-AM-V3,7,RA-province,B2C,4,41,08:00,12:00,11:49,,28.78
22745,2026-04-25,2026-04-25-PM-V3,1,BO,B2B,8,63,14:00,16:00,15:14,,60.76
22746,2026-04-25,2026-04-25-PM-V3,2,BO,B2B,4,64,14:00,16:00,15:49,,60.76
22747,2026-04-25,2026-04-25-PM-V3,3,BO,B2C,3,68,14:00,18:00,16:29,,60.76
22748,2026-04-25,2026-04-25-PM-V3,4,BO,B2C,6,72,14:00,18:00,17:11,,60.76
22749,2026-04-26,2026-04-26-AM-V1,1,FE,B2C,4,83,08:00,12:00,10:00,,65.96
22750,2026-04-26,2026-04-26-AM-V1,2,FE,B2C,5,66,08:00,12:00,10:46,,65.96
22751,2026-04-26,2026-04-26-AM-V1,3,FE,B2C,2,65,08:00,12:00,11:33,,65.96
22752,2026-04-26,2026-04-26-AM-V1,4,FE,B2C,3,85,08:00,12:00,12:22,,65.96
22753,2026-04-26,2026-04-26-PM-V1,1,RA-city,B2B,4,16,14:00,16:00,14:56,,19.21
22754,2026-04-26,2026-04-26-PM-V1,2,RA-city,B2C,3,15,14:00,18:00,15:15,,19.21
22755,2026-04-26,2026-04-26-PM-V1,3,RA-city,B2C,4,14,14:00,18:00,15:46,,19.21
22756,2026-04-26,2026-04-26-PM-V1,4,RA-city,B2C,4,5,14:00,18:00,16:25,,19.21
22757,2026-04-26,2026-04-26-PM-V1,5,RA-city,B2C,2,19,14:00,18:00,17:00,,19.21
22758,2026-04-26,2026-04-26-PM-V1,6,RA-city,B2C,4,16,14:00,18:00,17:29,,19.21
22759,2026-04-26,2026-04-26-PM-V1,7,RA-city,B2C,4,19,14:00,18:00,18:05,,19.21
22760,2026-04-26,2026-04-26-PM-V1,8,RA-city,B2C,4,15,14:00,18:00,18:39,,19.21
22761,2026-04-26,2026-04-26-PM-V1,9,RA-city,B2C,4,8,14:00,18:00,19:19,,19.21
22762,2026-04-26,2026-04-26-AM-V2,1,FC,B2B,8,36,08:00,10:00,08:35,,31.29
22763,2026-04-26,2026-04-26-AM-V2,2,FC,B2B,5,57,08:00,10:00,09:14,,31.29
22764,2026-04-26,2026-04-26-AM-V2,3,FC,B2B,6,41,08:00,10:00,09:44,,31.29
22765,2026-04-26,2026-04-26-AM-V2,4,FC,B2B,8,33,08:00,10:00,10:14,,31.29
22766,2026-04-26,2026-04-26-AM-V2,5,FC,B2C,4,25,08:00,12:00,10:54,,31.29
22767,2026-04-26,2026-04-26-AM-V2,6,FC,B2C,3,29,08:00,12:00,11:39,,31.29
22768,2026-04-26,2026-04-26-AM-V2,7,FC,B2C,3,32,08:00,12:00,12:18,,31.29
22769,2026-04-26,2026-04-26-PM-V2,1,FC,B2B,5,37,14:00,16:00,14:37,,37.8
22770,2026-04-26,2026-04-26-PM-V2,2,FC,B2B,7,55,14:00,16:00,15:17,,37.8
22771,2026-04-26,2026-04-26-PM-V2,3,FC,B2B,4,51,14:00,16:00,15:58,missing_item,37.8
22772,2026-04-26,2026-04-26-PM-V2,4,FC,B2C,2,58,14:00,18:00,16:34,,37.8
22773,2026-04-26,2026-04-26-PM-V2,5,FC,B2C,1,29,14:00,18:00,17:17,,37.8
22774,2026-04-26,2026-04-26-PM-V2,6,FC,B2C,2,43,14:00,18:00,17:50,,37.8
22775,2026-04-26,2026-04-26-AM-V3,1,RA-province,B2B,8,42,08:00,10:00,08:58,,32.86
22776,2026-04-26,2026-04-26-AM-V3,2,RA-province,B2C,4,32,08:00,12:00,09:37,,32.86
22777,2026-04-26,2026-04-26-AM-V3,3,RA-province,B2C,4,22,08:00,12:00,10:19,,32.86
22778,2026-04-26,2026-04-26-AM-V3,4,RA-province,B2C,1,17,08:00,12:00,11:05,,32.86
22779,2026-04-26,2026-04-26-AM-V3,5,RA-province,B2C,1,17,08:00,12:00,11:33,,32.86
22780,2026-04-26,2026-04-26-AM-V3,6,RA-province,B2C,3,31,08:00,12:00,12:06,,32.86
22781,2026-04-26,2026-04-26-AM-V3,7,RA-province,B2C,2,44,08:00,12:00,12:42,,32.86
22782,2026-04-26,2026-04-26-PM-V3,1,FE,B2B,6,108,14:00,16:00,16:25,,60.96
22783,2026-04-26,2026-04-26-PM-V3,2,FE,B2C,3,68,14:00,18:00,17:07,,60.96
22784,2026-04-26,2026-04-26-PM-V3,3,FE,B2C,6,63,14:00,18:00,17:50,,60.96
22785,2026-04-26,2026-04-26-PM-V3,4,FE,B2C,5,65,14:00,18:00,18:42,,60.96
22786,2026-04-26,2026-04-26-PM-V3,5,FE,B2C,2,96,14:00,18:00,19:40,,60.96
22787,2026-04-29,2026-04-29-AM-V1,1,RA-city,B2B,3,6,08:00,10:00,08:08,,23.39
22788,2026-04-29,2026-04-29-AM-V1,2,RA-city,B2B,4,18,08:00,10:00,08:24,,23.39
22789,2026-04-29,2026-04-29-AM-V1,3,RA-city,B2B,8,11,08:00,10:00,08:48,,23.39
22790,2026-04-29,2026-04-29-AM-V1,4,RA-city,B2C,2,12,08:00,12:00,09:16,,23.39
22791,2026-04-29,2026-04-29-AM-V1,5,RA-city,B2C,2,12,08:00,12:00,09:40,,23.39
22792,2026-04-29,2026-04-29-AM-V1,6,RA-city,B2C,3,12,08:00,12:00,10:09,,23.39
22793,2026-04-29,2026-04-29-AM-V1,7,RA-city,B2C,2,19,08:00,12:00,10:41,wrong_address,23.39
22794,2026-04-29,2026-04-29-PM-V1,1,FC,B2B,4,33,14:00,16:00,14:36,,37.26
22795,2026-04-29,2026-04-29-PM-V1,2,FC,B2B,3,33,14:00,16:00,15:00,,37.26
22796,2026-04-29,2026-04-29-PM-V1,3,FC,B2B,6,42,14:00,16:00,15:34,,37.26
22797,2026-04-29,2026-04-29-PM-V1,4,FC,B2B,5,34,14:00,16:00,16:07,,37.26
22798,2026-04-29,2026-04-29-PM-V1,5,FC,B2C,2,26,14:00,18:00,16:42,,37.26
22799,2026-04-29,2026-04-29-PM-V1,6,FC,B2C,4,41,14:00,18:00,17:20,,37.26
22800,2026-04-29,2026-04-29-AM-V2,1,BO,B2B,6,84,08:00,10:00,10:07,,64.01
22801,2026-04-29,2026-04-29-AM-V2,2,BO,B2C,6,69,08:00,12:00,10:44,,64.01
22802,2026-04-29,2026-04-29-AM-V2,3,BO,B2C,3,74,08:00,12:00,11:44,,64.01
22803,2026-04-29,2026-04-29-AM-V2,4,BO,B2C,6,69,08:00,12:00,12:19,,64.01
22804,2026-04-29,2026-04-29-PM-V2,1,RA-city,B2B,4,20,14:00,16:00,15:03,,21.85
22805,2026-04-29,2026-04-29-PM-V2,2,RA-city,B2B,8,18,14:00,16:00,15:24,,21.85
22806,2026-04-29,2026-04-29-PM-V2,3,RA-city,B2B,6,13,14:00,16:00,15:53,,21.85
22807,2026-04-29,2026-04-29-PM-V2,4,RA-city,B2C,3,11,14:00,18:00,16:15,,21.85
22808,2026-04-29,2026-04-29-PM-V2,5,RA-city,B2C,2,20,14:00,18:00,16:49,,21.85
22809,2026-04-29,2026-04-29-PM-V2,6,RA-city,B2C,2,19,14:00,18:00,17:17,,21.85
22810,2026-04-29,2026-04-29-PM-V2,7,RA-city,B2C,3,10,14:00,18:00,17:47,,21.85
22811,2026-04-29,2026-04-29-PM-V2,8,RA-city,B2C,3,10,14:00,18:00,18:16,,21.85
22812,2026-04-29,2026-04-29-AM-V3,1,FE,B2B,7,71,08:00,10:00,09:38,,69.54
22813,2026-04-29,2026-04-29-AM-V3,2,FE,B2C,4,104,08:00,12:00,10:12,,69.54
22814,2026-04-29,2026-04-29-AM-V3,3,FE,B2C,6,85,08:00,12:00,11:13,,69.54
22815,2026-04-29,2026-04-29-AM-V3,4,FE,B2C,4,108,08:00,12:00,12:17,,69.54
22816,2026-04-30,2026-04-30-AM-V1,1,RN,B2C,4,52,08:00,12:00,09:16,,58.49
22817,2026-04-30,2026-04-30-AM-V1,2,RN,B2C,3,73,08:00,12:00,09:56,transport_damage,58.49
22818,2026-04-30,2026-04-30-AM-V1,3,RN,B2C,3,67,08:00,12:00,10:56,,58.49
22819,2026-04-30,2026-04-30-AM-V1,4,RN,B2C,2,79,08:00,12:00,11:30,transport_damage,58.49
22820,2026-04-30,2026-04-30-PM-V1,1,RA-province,B2C,4,22,14:00,18:00,14:26,transport_damage,25.51
22821,2026-04-30,2026-04-30-PM-V1,2,RA-province,B2C,2,15,14:00,18:00,15:26,,25.51
22822,2026-04-30,2026-04-30-PM-V1,3,RA-province,B2C,4,17,14:00,18:00,15:55,,25.51
22823,2026-04-30,2026-04-30-PM-V1,4,RA-province,B2C,2,25,14:00,18:00,16:35,,25.51
22824,2026-04-30,2026-04-30-PM-V1,5,RA-province,B2C,1,36,14:00,18:00,17:11,,25.51
22825,2026-04-30,2026-04-30-PM-V1,6,RA-province,B2C,4,28,14:00,18:00,17:39,,25.51
22826,2026-04-30,2026-04-30-PM-V1,7,RA-province,B2C,4,32,14:00,18:00,18:24,,25.51
22827,2026-04-30,2026-04-30-PM-V1,8,RA-province,B2C,4,20,14:00,18:00,19:06,,25.51
22828,2026-04-30,2026-04-30-AM-V2,1,BO,B2B,5,78,08:00,10:00,09:38,,50.56
22829,2026-04-30,2026-04-30-AM-V2,2,BO,B2C,6,82,08:00,12:00,10:06,,50.56
22830,2026-04-30,2026-04-30-AM-V2,3,BO,B2C,5,88,08:00,12:00,11:12,,50.56
22831,2026-04-30,2026-04-30-AM-V2,4,BO,B2C,6,67,08:00,12:00,12:00,,50.56
22832,2026-04-30,2026-04-30-AM-V2,5,BO,B2C,5,59,08:00,12:00,12:58,transport_damage,50.56
22833,2026-04-30,2026-04-30-AM-V3,1,BO,B2B,6,65,08:00,10:00,09:04,,51.6
22834,2026-04-30,2026-04-30-AM-V3,2,BO,B2B,4,81,08:00,10:00,09:30,,51.6
22835,2026-04-30,2026-04-30-AM-V3,3,BO,B2C,4,84,08:00,12:00,10:11,,51.6
22836,2026-04-30,2026-04-30-AM-V3,4,BO,B2C,6,58,08:00,12:00,10:56,,51.6
22837,2026-04-30,2026-04-30-AM-V3,5,BO,B2C,3,76,08:00,12:00,11:56,,51.6
22838,2026-04-30,2026-04-30-PM-V3,1,RA-province,B2B,6,43,14:00,16:00,15:09,,35.31
22839,2026-04-30,2026-04-30-PM-V3,2,RA-province,B2B,7,15,14:00,16:00,15:41,,35.31
22840,2026-04-30,2026-04-30-PM-V3,3,RA-province,B2C,2,33,14:00,18:00,16:09,,35.31
22841,2026-04-30,2026-04-30-PM-V3,4,RA-province,B2C,2,43,14:00,18:00,16:40,,35.31
22842,2026-04-30,2026-04-30-PM-V3,5,RA-province,B2C,4,29,14:00,18:00,17:15,,35.31
22843,2026-04-30,2026-04-30-PM-V3,6,RA-province,B2C,1,41,14:00,18:00,17:53,,35.31
22844,2026-05-01,2026-05-01-AM-V1,1,BO,B2B,8,69,08:00,10:00,09:16,,52.25
22845,2026-05-01,2026-05-01-AM-V1,2,BO,B2B,7,60,08:00,10:00,10:00,,52.25
22846,2026-05-01,2026-05-01-AM-V1,3,BO,B2C,5,72,08:00,12:00,10:38,,52.25
22847,2026-05-01,2026-05-01-AM-V1,4,BO,B2C,5,52,08:00,12:00,11:26,,52.25
22848,2026-05-01,2026-05-01-AM-V1,5,BO,B2C,2,73,08:00,12:00,12:21,,52.25
22849,2026-05-01,2026-05-01-PM-V1,1,BO,B2C,2,63,14:00,18:00,15:39,,58.81
22850,2026-05-01,2026-05-01-PM-V1,2,BO,B2C,2,60,14:00,18:00,16:07,,58.81
22851,2026-05-01,2026-05-01-PM-V1,3,BO,B2C,4,72,14:00,18:00,16:43,,58.81
22852,2026-05-01,2026-05-01-PM-V1,4,BO,B2C,4,74,14:00,18:00,17:22,,58.81
22853,2026-05-01,2026-05-01-AM-V2,1,FC,B2B,6,53,08:00,10:00,08:59,,39.43
22854,2026-05-01,2026-05-01-AM-V2,2,FC,B2C,3,43,08:00,12:00,09:37,,39.43
22855,2026-05-01,2026-05-01-AM-V2,3,FC,B2C,4,45,08:00,12:00,10:14,,39.43
22856,2026-05-01,2026-05-01-AM-V2,4,FC,B2C,3,53,08:00,12:00,11:09,,39.43
22857,2026-05-01,2026-05-01-AM-V2,5,FC,B2C,2,48,08:00,12:00,11:57,,39.43
22858,2026-05-01,2026-05-01-AM-V2,6,FC,B2C,4,39,08:00,12:00,12:33,,39.43
22859,2026-05-01,2026-05-01-PM-V2,1,FE,B2B,8,64,14:00,16:00,15:16,,62.88
22860,2026-05-01,2026-05-01-PM-V2,2,FE,B2B,4,81,14:00,16:00,16:06,,62.88
22861,2026-05-01,2026-05-01-PM-V2,3,FE,B2C,4,66,14:00,18:00,16:44,,62.88
22862,2026-05-01,2026-05-01-PM-V2,4,FE,B2C,3,61,14:00,18:00,17:41,,62.88
22863,2026-05-01,2026-05-01-AM-V3,1,RA-city,B2B,3,17,08:00,10:00,08:25,,21.93
22864,2026-05-01,2026-05-01-AM-V3,2,RA-city,B2B,3,19,08:00,10:00,08:43,,21.93
22865,2026-05-01,2026-05-01-AM-V3,3,RA-city,B2B,6,15,08:00,10:00,09:04,,21.93
22866,2026-05-01,2026-05-01-AM-V3,4,RA-city,B2C,2,6,08:00,12:00,09:30,,21.93
22867,2026-05-01,2026-05-01-AM-V3,5,RA-city,B2C,2,20,08:00,12:00,09:53,,21.93
22868,2026-05-01,2026-05-01-AM-V3,6,RA-city,B2C,2,5,08:00,12:00,10:21,,21.93
22869,2026-05-01,2026-05-01-AM-V3,7,RA-city,B2C,1,11,08:00,12:00,10:45,,21.93
22870,2026-05-01,2026-05-01-AM-V3,8,RA-city,B2C,3,14,08:00,12:00,11:09,,21.93
22871,2026-05-01,2026-05-01-PM-V3,1,FE,B2B,6,110,14:00,16:00,16:42,,72.95
22872,2026-05-01,2026-05-01-PM-V3,2,FE,B2C,3,60,14:00,18:00,17:14,,72.95
22873,2026-05-01,2026-05-01-PM-V3,3,FE,B2C,6,73,14:00,18:00,18:08,,72.95
22874,2026-05-01,2026-05-01-PM-V3,4,FE,B2C,2,97,14:00,18:00,19:00,,72.95
22875,2026-05-02,2026-05-02-AM-V1,1,RA-city,B2B,4,11,08:00,10:00,08:16,,19.64
22876,2026-05-02,2026-05-02-AM-V1,2,RA-city,B2B,7,14,08:00,10:00,08:34,,19.64
22877,2026-05-02,2026-05-02-AM-V1,3,RA-city,B2B,5,13,08:00,10:00,09:03,,19.64
22878,2026-05-02,2026-05-02-AM-V1,4,RA-city,B2B,4,15,08:00,10:00,09:27,,19.64
22879,2026-05-02,2026-05-02-AM-V1,5,RA-city,B2C,1,17,08:00,12:00,09:49,wrong_address,19.64
22880,2026-05-02,2026-05-02-AM-V1,6,RA-city,B2C,2,15,08:00,12:00,10:25,,19.64
22881,2026-05-02,2026-05-02-AM-V1,7,RA-city,B2C,2,14,08:00,12:00,10:50,,19.64
22882,2026-05-02,2026-05-02-AM-V1,8,RA-city,B2C,3,15,08:00,12:00,11:20,,19.64
22883,2026-05-02,2026-05-02-AM-V1,9,RA-city,B2C,4,17,08:00,12:00,11:50,,19.64
22884,2026-05-02,2026-05-02-PM-V1,1,BO,B2B,8,61,14:00,16:00,15:26,,48.61
22885,2026-05-02,2026-05-02-PM-V1,2,BO,B2C,6,61,14:00,18:00,16:14,,48.61
22886,2026-05-02,2026-05-02-PM-V1,3,BO,B2C,5,66,14:00,18:00,17:16,,48.61
22887,2026-05-02,2026-05-02-PM-V1,4,BO,B2C,5,53,14:00,18:00,18:15,,48.61
22888,2026-05-02,2026-05-02-PM-V1,5,BO,B2C,5,53,14:00,18:00,18:59,,48.61
22889,2026-05-02,2026-05-02-AM-V2,1,RA-province,B2B,6,23,08:00,10:00,08:24,,29.71
22890,2026-05-02,2026-05-02-AM-V2,2,RA-province,B2B,6,42,08:00,10:00,08:55,,29.71
22891,2026-05-02,2026-05-02-AM-V2,3,RA-province,B2C,4,43,08:00,12:00,09:23,,29.71
22892,2026-05-02,2026-05-02-AM-V2,4,RA-province,B2C,3,38,08:00,12:00,10:06,,29.71
22893,2026-05-02,2026-05-02-AM-V2,5,RA-province,B2C,4,40,08:00,12:00,10:50,,29.71
22894,2026-05-02,2026-05-02-AM-V2,6,RA-province,B2C,3,15,08:00,12:00,11:32,,29.71
22895,2026-05-02,2026-05-02-AM-V2,7,RA-province,B2C,1,43,08:00,12:00,12:07,,29.71
22896,2026-05-02,2026-05-02-PM-V2,1,RN,B2B,5,62,14:00,16:00,15:10,,53.78
22897,2026-05-02,2026-05-02-PM-V2,2,RN,B2C,5,72,14:00,18:00,15:35,,53.78
22898,2026-05-02,2026-05-02-PM-V2,3,RN,B2C,6,76,14:00,18:00,16:20,,53.78
22899,2026-05-02,2026-05-02-PM-V2,4,RN,B2C,3,46,14:00,18:00,17:11,,53.78
22900,2026-05-02,2026-05-02-AM-V3,1,FE,B2B,10,66,08:00,10:00,09:27,,64.83
22901,2026-05-02,2026-05-02-AM-V3,2,FE,B2B,6,73,08:00,10:00,10:12,,64.83
22902,2026-05-02,2026-05-02-AM-V3,3,FE,B2C,4,87,08:00,12:00,10:55,,64.83
22903,2026-05-02,2026-05-02-AM-V3,4,FE,B2C,3,86,08:00,12:00,11:42,,64.83
22904,2026-05-02,2026-05-02-PM-V3,1,BO,B2C,5,69,14:00,18:00,15:42,,65.31
22905,2026-05-02,2026-05-02-PM-V3,2,BO,B2C,4,62,14:00,18:00,16:44,,65.31
22906,2026-05-02,2026-05-02-PM-V3,3,BO,B2C,5,76,14:00,18:00,17:37,,65.31
22907,2026-05-02,2026-05-02-PM-V3,4,BO,B2C,2,85,14:00,18:00,18:32,,65.31
22908,2026-05-03,2026-05-03-AM-V1,1,FE,B2B,8,63,08:00,10:00,09:04,,51.47
22909,2026-05-03,2026-05-03-AM-V1,2,FE,B2C,5,72,08:00,12:00,09:41,,51.47
22910,2026-05-03,2026-05-03-AM-V1,3,FE,B2C,4,70,08:00,12:00,10:37,,51.47
22911,2026-05-03,2026-05-03-AM-V1,4,FE,B2C,2,73,08:00,12:00,11:28,,51.47
22912,2026-05-03,2026-05-03-AM-V1,5,FE,B2C,2,74,08:00,12:00,12:01,,51.47
22913,2026-05-03,2026-05-03-PM-V1,1,RA-province,B2B,6,15,14:00,16:00,14:21,,32.6
22914,2026-05-03,2026-05-03-PM-V1,2,RA-province,B2B,4,16,14:00,16:00,14:49,,32.6
22915,2026-05-03,2026-05-03-PM-V1,3,RA-province,B2B,4,21,14:00,16:00,15:11,,32.6
22916,2026-05-03,2026-05-03-PM-V1,4,RA-province,B2C,2,15,14:00,18:00,15:45,,32.6
22917,2026-05-03,2026-05-03-PM-V1,5,RA-province,B2C,2,15,14:00,18:00,16:22,,32.6
22918,2026-05-03,2026-05-03-PM-V1,6,RA-province,B2C,1,41,14:00,18:00,16:50,,32.6
22919,2026-05-03,2026-05-03-AM-V2,1,RA-province,B2B,6,15,08:00,10:00,08:17,,26.97
22920,2026-05-03,2026-05-03-AM-V2,2,RA-province,B2C,2,43,08:00,12:00,08:46,,26.97
22921,2026-05-03,2026-05-03-AM-V2,3,RA-province,B2C,1,37,08:00,12:00,09:20,,26.97
22922,2026-05-03,2026-05-03-AM-V2,4,RA-province,B2C,3,39,08:00,12:00,09:47,,26.97
22923,2026-05-03,2026-05-03-AM-V2,5,RA-province,B2C,1,44,08:00,12:00,10:21,,26.97
22924,2026-05-03,2026-05-03-AM-V2,6,RA-province,B2C,2,19,08:00,12:00,10:48,,26.97
22925,2026-05-03,2026-05-03-AM-V2,7,RA-province,B2C,4,39,08:00,12:00,11:22,,26.97
22926,2026-05-03,2026-05-03-AM-V2,8,RA-province,B2C,1,41,08:00,12:00,12:09,,26.97
22927,2026-05-03,2026-05-03-PM-V2,1,FE,B2C,2,72,14:00,18:00,15:44,,57.06
22928,2026-05-03,2026-05-03-PM-V2,2,FE,B2C,5,71,14:00,18:00,16:35,,57.06
22929,2026-05-03,2026-05-03-PM-V2,3,FE,B2C,5,88,14:00,18:00,17:27,missing_item,57.06
22930,2026-05-03,2026-05-03-PM-V2,4,FE,B2C,2,87,14:00,18:00,18:26,,57.06
22931,2026-05-03,2026-05-03-PM-V2,5,FE,B2C,5,103,14:00,18:00,19:09,,57.06
22932,2026-05-03,2026-05-03-AM-V3,1,BO,B2B,7,89,08:00,10:00,09:48,,52.51
22933,2026-05-03,2026-05-03-AM-V3,2,BO,B2B,10,84,08:00,10:00,10:27,,52.51
22934,2026-05-03,2026-05-03-AM-V3,3,BO,B2C,3,69,08:00,12:00,11:24,transport_damage,52.51
22935,2026-05-03,2026-05-03-AM-V3,4,BO,B2C,4,59,08:00,12:00,12:14,,52.51
22936,2026-05-03,2026-05-03-AM-V3,5,BO,B2C,4,66,08:00,12:00,12:54,,52.51
22937,2026-05-03,2026-05-03-PM-V3,1,RA-city,B2B,7,7,14:00,16:00,15:03,,17.98
22938,2026-05-03,2026-05-03-PM-V3,2,RA-city,B2B,6,19,14:00,16:00,15:30,,17.98
22939,2026-05-03,2026-05-03-PM-V3,3,RA-city,B2B,3,13,14:00,16:00,15:55,,17.98
22940,2026-05-03,2026-05-03-PM-V3,4,RA-city,B2C,2,7,14:00,18:00,16:15,,17.98
22941,2026-05-03,2026-05-03-PM-V3,5,RA-city,B2C,3,9,14:00,18:00,16:39,,17.98
22942,2026-05-03,2026-05-03-PM-V3,6,RA-city,B2C,2,19,14:00,18:00,17:07,,17.98
22943,2026-05-03,2026-05-03-PM-V3,7,RA-city,B2C,2,15,14:00,18:00,17:31,,17.98
22944,2026-05-03,2026-05-03-PM-V3,8,RA-city,B2C,4,15,14:00,18:00,17:59,,17.98
22945,2026-05-03,2026-05-03-PM-V3,9,RA-city,B2C,4,8,14:00,18:00,18:35,,17.98
22946,2026-05-06,2026-05-06-AM-V1,1,RA-city,B2B,8,13,08:00,10:00,08:19,,23.86
22947,2026-05-06,2026-05-06-AM-V1,2,RA-city,B2B,4,14,08:00,10:00,08:45,,23.86
22948,2026-05-06,2026-05-06-AM-V1,3,RA-city,B2C,2,17,08:00,12:00,09:08,,23.86
22949,2026-05-06,2026-05-06-AM-V1,4,RA-city,B2C,3,18,08:00,12:00,09:35,,23.86
22950,2026-05-06,2026-05-06-AM-V1,5,RA-city,B2C,4,8,08:00,12:00,10:05,,23.86
22951,2026-05-06,2026-05-06-AM-V1,6,RA-city,B2C,4,14,08:00,12:00,10:46,,23.86
22952,2026-05-06,2026-05-06-AM-V1,7,RA-city,B2C,4,14,08:00,12:00,11:20,,23.86
22953,2026-05-06,2026-05-06-PM-V1,1,BO,B2B,4,54,14:00,16:00,14:55,,45.23
22954,2026-05-06,2026-05-06-PM-V1,2,BO,B2B,5,69,14:00,16:00,15:29,,45.23
22955,2026-05-06,2026-05-06-PM-V1,3,BO,B2C,2,84,14:00,18:00,16:00,,45.23
22956,2026-05-06,2026-05-06-PM-V1,4,BO,B2C,3,71,14:00,18:00,16:33,,45.23
22957,2026-05-06,2026-05-06-PM-V1,5,BO,B2C,5,51,14:00,18:00,17:10,,45.23
22958,2026-05-06,2026-05-06-AM-V2,1,RA-province,B2B,5,31,08:00,10:00,08:44,,26.24
22959,2026-05-06,2026-05-06-AM-V2,2,RA-province,B2B,8,32,08:00,10:00,09:10,,26.24
22960,2026-05-06,2026-05-06-AM-V2,3,RA-province,B2B,3,23,08:00,10:00,09:48,,26.24
22961,2026-05-06,2026-05-06-AM-V2,4,RA-province,B2C,4,20,08:00,12:00,10:12,wrong_address,26.24
22962,2026-05-06,2026-05-06-AM-V2,5,RA-province,B2C,3,33,08:00,12:00,11:11,,26.24
22963,2026-05-06,2026-05-06-AM-V2,6,RA-province,B2C,1,15,08:00,12:00,11:48,,26.24
22964,2026-05-06,2026-05-06-AM-V2,7,RA-province,B2C,2,19,08:00,12:00,12:11,,26.24
22965,2026-05-06,2026-05-06-AM-V2,8,RA-province,B2C,4,18,08:00,12:00,12:47,,26.24
22966,2026-05-06,2026-05-06-PM-V2,1,RA-city,B2B,8,17,14:00,16:00,14:17,,20.88
22967,2026-05-06,2026-05-06-PM-V2,2,RA-city,B2B,6,11,14:00,16:00,14:47,,20.88
22968,2026-05-06,2026-05-06-PM-V2,3,RA-city,B2B,3,9,14:00,16:00,15:11,,20.88
22969,2026-05-06,2026-05-06-PM-V2,4,RA-city,B2B,6,19,14:00,16:00,15:28,,20.88
22970,2026-05-06,2026-05-06-PM-V2,5,RA-city,B2C,1,14,14:00,18:00,15:51,,20.88
22971,2026-05-06,2026-05-06-PM-V2,6,RA-city,B2C,4,13,14:00,18:00,16:11,,20.88
22972,2026-05-06,2026-05-06-PM-V2,7,RA-city,B2C,4,15,14:00,18:00,16:45,,20.88
22973,2026-05-06,2026-05-06-PM-V2,8,RA-city,B2C,3,14,14:00,18:00,17:19,,20.88
22974,2026-05-06,2026-05-06-AM-V3,1,BO,B2B,7,54,08:00,10:00,09:22,,48.09
22975,2026-05-06,2026-05-06-AM-V3,2,BO,B2C,4,61,08:00,12:00,10:08,,48.09
22976,2026-05-06,2026-05-06-AM-V3,3,BO,B2C,6,69,08:00,12:00,10:58,,48.09
22977,2026-05-06,2026-05-06-AM-V3,4,BO,B2C,4,82,08:00,12:00,11:59,,48.09
22978,2026-05-06,2026-05-06-AM-V3,5,BO,B2C,3,59,08:00,12:00,12:50,,48.09
22979,2026-05-06,2026-05-06-PM-V3,1,RA-province,B2B,4,44,14:00,16:00,15:38,,29.0
22980,2026-05-06,2026-05-06-PM-V3,2,RA-province,B2B,4,40,14:00,16:00,16:03,,29.0
22981,2026-05-06,2026-05-06-PM-V3,3,RA-province,B2C,3,45,14:00,18:00,16:35,,29.0
22982,2026-05-06,2026-05-06-PM-V3,4,RA-province,B2C,3,18,14:00,18:00,17:21,,29.0
22983,2026-05-06,2026-05-06-PM-V3,5,RA-province,B2C,1,21,14:00,18:00,18:00,,29.0
22984,2026-05-06,2026-05-06-PM-V3,6,RA-province,B2C,2,19,14:00,18:00,18:30,,29.0
22985,2026-05-06,2026-05-06-PM-V3,7,RA-province,B2C,2,30,14:00,18:00,19:05,,29.0
22986,2026-05-06,2026-05-06-PM-V3,8,RA-province,B2C,3,29,14:00,18:00,19:43,,29.0
22987,2026-05-07,2026-05-07-AM-V1,1,BO,B2C,2,67,08:00,12:00,09:39,,60.76
22988,2026-05-07,2026-05-07-AM-V1,2,BO,B2C,2,67,08:00,12:00,10:20,,60.76
22989,2026-05-07,2026-05-07-AM-V1,3,BO,B2C,2,50,08:00,12:00,10:52,,60.76
22990,2026-05-07,2026-05-07-AM-V1,4,BO,B2C,6,66,08:00,12:00,11:30,,60.76
22991,2026-05-07,2026-05-07-PM-V1,1,RA-city,B2B,6,20,14:00,16:00,14:23,,24.88
22992,2026-05-07,2026-05-07-PM-V1,2,RA-city,B2B,3,20,14:00,16:00,14:49,,24.88
22993,2026-05-07,2026-05-07-PM-V1,3,RA-city,B2C,1,19,14:00,18:00,15:12,,24.88
22994,2026-05-07,2026-05-07-PM-V1,4,RA-city,B2C,2,11,14:00,18:00,15:33,,24.88
22995,2026-05-07,2026-05-07-PM-V1,5,RA-city,B2C,2,13,14:00,18:00,15:57,,24.88
22996,2026-05-07,2026-05-07-PM-V1,6,RA-city,B2C,1,7,14:00,18:00,16:25,,24.88
22997,2026-05-07,2026-05-07-PM-V1,7,RA-city,B2C,2,20,14:00,18:00,16:45,,24.88
22998,2026-05-07,2026-05-07-AM-V2,1,RA-city,B2B,5,5,08:00,10:00,08:05,missing_item,20.31
22999,2026-05-07,2026-05-07-AM-V2,2,RA-city,B2B,6,14,08:00,10:00,08:40,,20.31
23000,2026-05-07,2026-05-07-AM-V2,3,RA-city,B2C,1,7,08:00,12:00,09:04,,20.31
23001,2026-05-07,2026-05-07-AM-V2,4,RA-city,B2C,4,12,08:00,12:00,09:24,,20.31
23002,2026-05-07,2026-05-07-AM-V2,5,RA-city,B2C,1,12,08:00,12:00,10:04,,20.31
23003,2026-05-07,2026-05-07-AM-V2,6,RA-city,B2C,3,15,08:00,12:00,10:28,,20.31
23004,2026-05-07,2026-05-07-AM-V2,7,RA-city,B2C,3,19,08:00,12:00,10:59,,20.31
23005,2026-05-07,2026-05-07-AM-V2,8,RA-city,B2C,2,9,08:00,12:00,11:30,missing_item,20.31
23006,2026-05-07,2026-05-07-PM-V2,1,FC,B2B,7,39,14:00,16:00,14:44,,32.59
23007,2026-05-07,2026-05-07-PM-V2,2,FC,B2C,1,30,14:00,18:00,15:14,,32.59
23008,2026-05-07,2026-05-07-PM-V2,3,FC,B2C,3,46,14:00,18:00,15:55,,32.59
23009,2026-05-07,2026-05-07-PM-V2,4,FC,B2C,3,41,14:00,18:00,16:34,,32.59
23010,2026-05-07,2026-05-07-PM-V2,5,FC,B2C,4,54,14:00,18:00,17:15,,32.59
23011,2026-05-07,2026-05-07-PM-V2,6,FC,B2C,3,29,14:00,18:00,18:07,wrong_address,32.59
23012,2026-05-07,2026-05-07-PM-V2,7,FC,B2C,4,41,14:00,18:00,18:55,,32.59
23013,2026-05-07,2026-05-07-AM-V3,1,FE,B2C,6,97,08:00,12:00,10:00,,56.41
23014,2026-05-07,2026-05-07-AM-V3,2,FE,B2C,3,103,08:00,12:00,11:02,,56.41
23015,2026-05-07,2026-05-07-AM-V3,3,FE,B2C,3,72,08:00,12:00,11:40,,56.41
23016,2026-05-07,2026-05-07-AM-V3,4,FE,B2C,3,65,08:00,12:00,12:27,,56.41
23017,2026-05-07,2026-05-07-AM-V3,5,FE,B2C,3,71,08:00,12:00,13:15,,56.41
23018,2026-05-08,2026-05-08-AM-V1,1,RN,B2B,10,45,08:00,10:00,09:02,,45.36
23019,2026-05-08,2026-05-08-AM-V1,2,RN,B2C,4,63,08:00,12:00,09:42,,45.36
23020,2026-05-08,2026-05-08-AM-V1,3,RN,B2C,3,46,08:00,12:00,10:21,,45.36
23021,2026-05-08,2026-05-08-AM-V1,4,RN,B2C,3,79,08:00,12:00,11:01,,45.36
23022,2026-05-08,2026-05-08-AM-V1,5,RN,B2C,3,61,08:00,12:00,11:38,,45.36
23023,2026-05-08,2026-05-08-PM-V1,1,FC,B2B,7,32,14:00,16:00,14:45,,37.48
23024,2026-05-08,2026-05-08-PM-V1,2,FC,B2B,7,49,14:00,16:00,15:20,,37.48
23025,2026-05-08,2026-05-08-PM-V1,3,FC,B2C,2,52,14:00,18:00,15:59,,37.48
23026,2026-05-08,2026-05-08-PM-V1,4,FC,B2C,3,29,14:00,18:00,16:37,,37.48
23027,2026-05-08,2026-05-08-PM-V1,5,FC,B2C,3,25,14:00,18:00,17:15,,37.48
23028,2026-05-08,2026-05-08-PM-V1,6,FC,B2C,1,49,14:00,18:00,18:01,,37.48
23029,2026-05-08,2026-05-08-AM-V2,1,RA-province,B2B,6,18,08:00,10:00,08:25,,25.18
23030,2026-05-08,2026-05-08-AM-V2,2,RA-province,B2C,2,28,08:00,12:00,08:53,,25.18
23031,2026-05-08,2026-05-08-AM-V2,3,RA-province,B2C,1,32,08:00,12:00,09:24,missing_item,25.18
23032,2026-05-08,2026-05-08-AM-V2,4,RA-province,B2C,4,20,08:00,12:00,10:02,,25.18
23033,2026-05-08,2026-05-08-AM-V2,5,RA-province,B2C,2,37,08:00,12:00,10:46,,25.18
23034,2026-05-08,2026-05-08-AM-V2,6,RA-province,B2C,2,32,08:00,12:00,11:19,,25.18
23035,2026-05-08,2026-05-08-AM-V2,7,RA-province,B2C,3,36,08:00,12:00,11:53,,25.18
23036,2026-05-08,2026-05-08-AM-V2,8,RA-province,B2C,2,23,08:00,12:00,12:30,,25.18
23037,2026-05-08,2026-05-08-PM-V2,1,FE,B2C,3,80,14:00,18:00,15:19,,58.1
23038,2026-05-08,2026-05-08-PM-V2,2,FE,B2C,6,104,14:00,18:00,15:57,,58.1
23039,2026-05-08,2026-05-08-PM-V2,3,FE,B2C,5,100,14:00,18:00,17:09,,58.1
23040,2026-05-08,2026-05-08-PM-V2,4,FE,B2C,4,63,14:00,18:00,18:02,,58.1
23041,2026-05-08,2026-05-08-PM-V2,5,FE,B2C,4,104,14:00,18:00,18:54,,58.1
23042,2026-05-08,2026-05-08-AM-V3,1,BO,B2B,6,73,08:00,10:00,09:42,,51.08
23043,2026-05-08,2026-05-08-AM-V3,2,BO,B2C,4,77,08:00,12:00,10:12,,51.08
23044,2026-05-08,2026-05-08-AM-V3,3,BO,B2C,4,70,08:00,12:00,11:00,,51.08
23045,2026-05-08,2026-05-08-AM-V3,4,BO,B2C,2,82,08:00,12:00,11:55,,51.08
23046,2026-05-08,2026-05-08-AM-V3,5,BO,B2C,5,57,08:00,12:00,12:35,,51.08
23047,2026-05-08,2026-05-08-PM-V3,1,RA-city,B2B,5,9,14:00,16:00,14:45,,21.28
23048,2026-05-08,2026-05-08-PM-V3,2,RA-city,B2B,3,9,14:00,16:00,15:09,,21.28
23049,2026-05-08,2026-05-08-PM-V3,3,RA-city,B2C,3,5,14:00,18:00,15:27,,21.28
23050,2026-05-08,2026-05-08-PM-V3,4,RA-city,B2C,3,15,14:00,18:00,15:57,,21.28
23051,2026-05-08,2026-05-08-PM-V3,5,RA-city,B2C,2,12,14:00,18:00,16:26,,21.28
23052,2026-05-08,2026-05-08-PM-V3,6,RA-city,B2C,4,19,14:00,18:00,16:51,,21.28
23053,2026-05-08,2026-05-08-PM-V3,7,RA-city,B2C,1,9,14:00,18:00,17:28,,21.28
23054,2026-05-08,2026-05-08-PM-V3,8,RA-city,B2C,1,20,14:00,18:00,17:48,,21.28
23055,2026-05-09,2026-05-09-AM-V1,1,FE,B2C,5,96,08:00,12:00,10:05,,86.0
23056,2026-05-09,2026-05-09-AM-V1,2,FE,B2C,5,88,08:00,12:00,10:59,,86.0
23057,2026-05-09,2026-05-09-AM-V1,3,FE,B2C,5,75,08:00,12:00,11:52,,86.0
23058,2026-05-09,2026-05-09-PM-V1,1,BO,B2B,10,65,14:00,16:00,15:15,,48.35
23059,2026-05-09,2026-05-09-PM-V1,2,BO,B2C,5,73,14:00,18:00,16:02,,48.35
23060,2026-05-09,2026-05-09-PM-V1,3,BO,B2C,6,53,14:00,18:00,16:49,,48.35
23061,2026-05-09,2026-05-09-PM-V1,4,BO,B2C,4,57,14:00,18:00,17:48,,48.35
23062,2026-05-09,2026-05-09-PM-V1,5,BO,B2C,2,53,14:00,18:00,18:42,,48.35
23063,2026-05-09,2026-05-09-AM-V2,1,RA-city,B2B,5,7,08:00,10:00,08:09,,20.23
23064,2026-05-09,2026-05-09-AM-V2,2,RA-city,B2B,3,6,08:00,10:00,08:30,,20.23
23065,2026-05-09,2026-05-09-AM-V2,3,RA-city,B2B,6,14,08:00,10:00,08:47,,20.23
23066,2026-05-09,2026-05-09-AM-V2,4,RA-city,B2C,2,9,08:00,12:00,09:12,,20.23
23067,2026-05-09,2026-05-09-AM-V2,5,RA-city,B2C,3,18,08:00,12:00,09:41,,20.23
23068,2026-05-09,2026-05-09-AM-V2,6,RA-city,B2C,1,13,08:00,12:00,10:10,,20.23
23069,2026-05-09,2026-05-09-AM-V2,7,RA-city,B2C,3,11,08:00,12:00,10:29,,20.23
23070,2026-05-09,2026-05-09-AM-V2,8,RA-city,B2C,3,14,08:00,12:00,10:57,,20.23
23071,2026-05-09,2026-05-09-PM-V2,1,RA-city,B2B,3,20,14:00,16:00,14:30,,20.96
23072,2026-05-09,2026-05-09-PM-V2,2,RA-city,B2B,5,16,14:00,16:00,14:47,,20.96
23073,2026-05-09,2026-05-09-PM-V2,3,RA-city,B2B,6,19,14:00,16:00,15:09,,20.96
23074,2026-05-09,2026-05-09-PM-V2,4,RA-city,B2B,6,10,14:00,16:00,15:30,,20.96
23075,2026-05-09,2026-05-09-PM-V2,5,RA-city,B2C,3,15,14:00,18:00,15:54,,20.96
23076,2026-05-09,2026-05-09-PM-V2,6,RA-city,B2C,2,12,14:00,18:00,16:23,,20.96
23077,2026-05-09,2026-05-09-PM-V2,7,RA-city,B2C,2,15,14:00,18:00,16:48,,20.96
23078,2026-05-09,2026-05-09-PM-V2,8,RA-city,B2C,1,11,14:00,18:00,17:17,,20.96
23079,2026-05-09,2026-05-09-AM-V3,1,RA-province,B2B,6,29,08:00,10:00,08:40,,32.82
23080,2026-05-09,2026-05-09-AM-V3,2,RA-province,B2B,6,33,08:00,10:00,09:13,,32.82
23081,2026-05-09,2026-05-09-AM-V3,3,RA-province,B2B,8,24,08:00,10:00,09:48,,32.82
23082,2026-05-09,2026-05-09-AM-V3,4,RA-province,B2C,1,33,08:00,12:00,10:18,,32.82
23083,2026-05-09,2026-05-09-AM-V3,5,RA-province,B2C,2,39,08:00,12:00,10:43,,32.82
23084,2026-05-09,2026-05-09-AM-V3,6,RA-province,B2C,1,27,08:00,12:00,11:17,,32.82
23085,2026-05-09,2026-05-09-PM-V3,1,RA-province,B2C,1,32,14:00,18:00,14:47,,28.87
23086,2026-05-09,2026-05-09-PM-V3,2,RA-province,B2C,2,45,14:00,18:00,15:18,,28.87
23087,2026-05-09,2026-05-09-PM-V3,3,RA-province,B2C,4,17,14:00,18:00,15:44,missing_item,28.87
23088,2026-05-09,2026-05-09-PM-V3,4,RA-province,B2C,1,26,14:00,18:00,16:42,,28.87
23089,2026-05-09,2026-05-09-PM-V3,5,RA-province,B2C,4,27,14:00,18:00,17:13,,28.87
23090,2026-05-09,2026-05-09-PM-V3,6,RA-province,B2C,2,32,14:00,18:00,17:55,,28.87
23091,2026-05-09,2026-05-09-PM-V3,7,RA-province,B2C,4,21,14:00,18:00,18:31,,28.87
23092,2026-05-10,2026-05-10-AM-V1,1,BO,B2C,4,63,08:00,12:00,09:07,,60.28
23093,2026-05-10,2026-05-10-AM-V1,2,BO,B2C,6,75,08:00,12:00,09:56,,60.28
23094,2026-05-10,2026-05-10-AM-V1,3,BO,B2C,2,55,08:00,12:00,10:56,,60.28
23095,2026-05-10,2026-05-10-AM-V1,4,BO,B2C,3,66,08:00,12:00,11:32,,60.28
23096,2026-05-10,2026-05-10-PM-V1,1,FE,B2B,5,65,14:00,16:00,15:25,,67.59
23097,2026-05-10,2026-05-10-PM-V1,2,FE,B2C,3,104,14:00,18:00,16:07,,67.59
23098,2026-05-10,2026-05-10-PM-V1,3,FE,B2C,6,71,14:00,18:00,16:52,,67.59
23099,2026-05-10,2026-05-10-PM-V1,4,FE,B2C,5,101,14:00,18:00,17:49,,67.59
23100,2026-05-10,2026-05-10-AM-V2,1,BO,B2B,8,66,08:00,10:00,09:18,,59.95
23101,2026-05-10,2026-05-10-AM-V2,2,BO,B2B,10,56,08:00,10:00,10:03,,59.95
23102,2026-05-10,2026-05-10-AM-V2,3,BO,B2C,2,65,08:00,12:00,10:49,,59.95
23103,2026-05-10,2026-05-10-AM-V2,4,BO,B2C,2,62,08:00,12:00,11:21,,59.95
23104,2026-05-10,2026-05-10-PM-V2,1,FC,B2B,8,59,14:00,16:00,15:20,,39.75
23105,2026-05-10,2026-05-10-PM-V2,2,FC,B2B,6,28,14:00,16:00,16:03,,39.75
23106,2026-05-10,2026-05-10-PM-V2,3,FC,B2C,3,35,14:00,18:00,16:37,,39.75
23107,2026-05-10,2026-05-10-PM-V2,4,FC,B2C,1,27,14:00,18:00,17:28,wrong_address,39.75
23108,2026-05-10,2026-05-10-PM-V2,5,FC,B2C,3,54,14:00,18:00,18:15,,39.75
23109,2026-05-10,2026-05-10-PM-V2,6,FC,B2C,2,40,14:00,18:00,18:54,,39.75
23110,2026-05-10,2026-05-10-AM-V3,1,RA-city,B2B,8,7,08:00,10:00,08:08,,20.14
23111,2026-05-10,2026-05-10-AM-V3,2,RA-city,B2B,3,19,08:00,10:00,08:38,,20.14
23112,2026-05-10,2026-05-10-AM-V3,3,RA-city,B2B,4,13,08:00,10:00,08:54,,20.14
23113,2026-05-10,2026-05-10-AM-V3,4,RA-city,B2B,8,15,08:00,10:00,09:20,,20.14
23114,2026-05-10,2026-05-10-AM-V3,5,RA-city,B2B,6,17,08:00,10:00,09:46,,20.14
23115,2026-05-10,2026-05-10-AM-V3,6,RA-city,B2C,1,13,08:00,12:00,10:11,,20.14
23116,2026-05-10,2026-05-10-AM-V3,7,RA-city,B2C,2,18,08:00,12:00,10:34,,20.14
23117,2026-05-10,2026-05-10-AM-V3,8,RA-city,B2C,4,7,08:00,12:00,10:59,,20.14
23118,2026-05-10,2026-05-10-PM-V3,1,FC,B2B,3,52,14:00,16:00,14:57,,33.14
23119,2026-05-10,2026-05-10-PM-V3,2,FC,B2B,5,40,14:00,16:00,15:24,,33.14
23120,2026-05-10,2026-05-10-PM-V3,3,FC,B2C,3,28,14:00,18:00,15:49,,33.14
23121,2026-05-10,2026-05-10-PM-V3,4,FC,B2C,2,50,14:00,18:00,16:32,,33.14
23122,2026-05-10,2026-05-10-PM-V3,5,FC,B2C,3,56,14:00,18:00,17:07,,33.14
23123,2026-05-10,2026-05-10-PM-V3,6,FC,B2C,3,25,14:00,18:00,17:50,,33.14
23124,2026-05-10,2026-05-10-PM-V3,7,FC,B2C,2,39,14:00,18:00,18:26,missing_item,33.14
23125,2026-05-13,2026-05-13-AM-V1,1,BO,B2B,6,74,08:00,10:00,09:39,,59.62
23126,2026-05-13,2026-05-13-AM-V1,2,BO,B2C,3,78,08:00,12:00,10:14,,59.62
23127,2026-05-13,2026-05-13-AM-V1,3,BO,B2C,5,75,08:00,12:00,10:56,,59.62
23128,2026-05-13,2026-05-13-AM-V1,4,BO,B2C,5,62,08:00,12:00,11:44,,59.62
23129,2026-05-13,2026-05-13-PM-V1,1,FC,B2C,3,60,14:00,18:00,15:07,,39.32
23130,2026-05-13,2026-05-13-PM-V1,2,FC,B2C,2,60,14:00,18:00,15:45,,39.32
23131,2026-05-13,2026-05-13-PM-V1,3,FC,B2C,2,54,14:00,18:00,16:18,,39.32
23132,2026-05-13,2026-05-13-PM-V1,4,FC,B2C,1,38,14:00,18:00,16:56,,39.32
23133,2026-05-13,2026-05-13-PM-V1,5,FC,B2C,3,39,14:00,18:00,17:28,,39.32
23134,2026-05-13,2026-05-13-PM-V1,6,FC,B2C,2,43,14:00,18:00,18:07,,39.32
23135,2026-05-13,2026-05-13-AM-V2,1,RA-province,B2C,3,31,08:00,12:00,08:34,,29.24
23136,2026-05-13,2026-05-13-AM-V2,2,RA-province,B2C,3,33,08:00,12:00,09:09,,29.24
23137,2026-05-13,2026-05-13-AM-V2,3,RA-province,B2C,2,34,08:00,12:00,09:46,,29.24
23138,2026-05-13,2026-05-13-AM-V2,4,RA-province,B2C,4,21,08:00,12:00,10:24,,29.24
23139,2026-05-13,2026-05-13-AM-V2,5,RA-province,B2C,3,28,08:00,12:00,11:08,,29.24
23140,2026-05-13,2026-05-13-AM-V2,6,RA-province,B2C,3,20,08:00,12:00,11:45,,29.24
23141,2026-05-13,2026-05-13-AM-V2,7,RA-province,B2C,2,29,08:00,12:00,12:22,,29.24
23142,2026-05-13,2026-05-13-PM-V2,1,FC,B2B,7,31,14:00,16:00,14:34,,31.56
23143,2026-05-13,2026-05-13-PM-V2,2,FC,B2C,1,25,14:00,18:00,15:11,,31.56
23144,2026-05-13,2026-05-13-PM-V2,3,FC,B2C,1,34,14:00,18:00,15:47,,31.56
23145,2026-05-13,2026-05-13-PM-V2,4,FC,B2C,1,25,14:00,18:00,16:17,missing_item,31.56
23146,2026-05-13,2026-05-13-PM-V2,5,FC,B2C,3,32,14:00,18:00,17:04,,31.56
23147,2026-05-13,2026-05-13-PM-V2,6,FC,B2C,4,26,14:00,18:00,17:47,,31.56
23148,2026-05-13,2026-05-13-PM-V2,7,FC,B2C,1,27,14:00,18:00,18:30,,31.56
23149,2026-05-13,2026-05-13-AM-V3,1,RA-province,B2C,1,23,08:00,12:00,08:32,,29.61
23150,2026-05-13,2026-05-13-AM-V3,2,RA-province,B2C,2,23,08:00,12:00,08:57,,29.61
23151,2026-05-13,2026-05-13-AM-V3,3,RA-province,B2C,2,36,08:00,12:00,09:26,,29.61
23152,2026-05-13,2026-05-13-AM-V3,4,RA-province,B2C,3,25,08:00,12:00,10:03,,29.61
23153,2026-05-13,2026-05-13-AM-V3,5,RA-province,B2C,2,29,08:00,12:00,10:45,,29.61
23154,2026-05-13,2026-05-13-AM-V3,6,RA-province,B2C,1,16,08:00,12:00,11:20,,29.61
23155,2026-05-13,2026-05-13-AM-V3,7,RA-province,B2C,3,38,08:00,12:00,11:44,wrong_address,29.61
23156,2026-05-13,2026-05-13-PM-V3,1,FC,B2B,6,58,14:00,16:00,15:08,,39.53
23157,2026-05-13,2026-05-13-PM-V3,2,FC,B2C,3,29,14:00,18:00,15:44,,39.53
23158,2026-05-13,2026-05-13-PM-V3,3,FC,B2C,3,58,14:00,18:00,16:24,,39.53
23159,2026-05-13,2026-05-13-PM-V3,4,FC,B2C,3,54,14:00,18:00,17:10,,39.53
23160,2026-05-13,2026-05-13-PM-V3,5,FC,B2C,2,59,14:00,18:00,17:51,,39.53
23161,2026-05-13,2026-05-13-PM-V3,6,FC,B2C,1,36,14:00,18:00,18:30,,39.53
23162,2026-05-14,2026-05-14-AM-V1,1,BO,B2B,6,51,08:00,10:00,09:12,,50.56
23163,2026-05-14,2026-05-14-AM-V1,2,BO,B2B,9,61,08:00,10:00,09:57,missing_item,50.56
23164,2026-05-14,2026-05-14-AM-V1,3,BO,B2C,4,60,08:00,12:00,10:56,,50.56
23165,2026-05-14,2026-05-14-AM-V1,4,BO,B2C,2,51,08:00,12:00,11:53,,50.56
23166,2026-05-14,2026-05-14-AM-V1,5,BO,B2C,5,76,08:00,12:00,12:27,,50.56
23167,2026-05-14,2026-05-14-PM-V1,1,FC,B2B,3,36,14:00,16:00,15:23,,38.34
23168,2026-05-14,2026-05-14-PM-V1,2,FC,B2C,1,52,14:00,18:00,15:58,,38.34
23169,2026-05-14,2026-05-14-PM-V1,3,FC,B2C,4,40,14:00,18:00,16:33,,38.34
23170,2026-05-14,2026-05-14-PM-V1,4,FC,B2C,4,41,14:00,18:00,17:17,,38.34
23171,2026-05-14,2026-05-14-PM-V1,5,FC,B2C,1,28,14:00,18:00,18:13,,38.34
23172,2026-05-14,2026-05-14-PM-V1,6,FC,B2C,1,47,14:00,18:00,18:44,,38.34
23173,2026-05-14,2026-05-14-AM-V2,1,RA-province,B2B,7,18,08:00,10:00,08:20,,26.97
23174,2026-05-14,2026-05-14-AM-V2,2,RA-province,B2B,7,22,08:00,10:00,08:52,,26.97
23175,2026-05-14,2026-05-14-AM-V2,3,RA-province,B2C,4,22,08:00,12:00,09:26,,26.97
23176,2026-05-14,2026-05-14-AM-V2,4,RA-province,B2C,1,36,08:00,12:00,10:10,,26.97
23177,2026-05-14,2026-05-14-AM-V2,5,RA-province,B2C,2,37,08:00,12:00,10:39,,26.97
23178,2026-05-14,2026-05-14-AM-V2,6,RA-province,B2C,3,16,08:00,12:00,11:11,,26.97
23179,2026-05-14,2026-05-14-AM-V2,7,RA-province,B2C,2,31,08:00,12:00,11:46,missing_item,26.97
23180,2026-05-14,2026-05-14-AM-V2,8,RA-province,B2C,4,44,08:00,12:00,12:29,missing_item,26.97
23181,2026-05-14,2026-05-14-PM-V2,1,RN,B2B,7,63,14:00,16:00,15:25,,41.92
23182,2026-05-14,2026-05-14-PM-V2,2,RN,B2B,10,75,14:00,16:00,16:06,,41.92
23183,2026-05-14,2026-05-14-PM-V2,3,RN,B2C,4,67,14:00,18:00,16:42,,41.92
23184,2026-05-14,2026-05-14-PM-V2,4,RN,B2C,3,66,14:00,18:00,17:23,,41.92
23185,2026-05-14,2026-05-14-PM-V2,5,RN,B2C,5,50,14:00,18:00,17:57,,41.92
23186,2026-05-14,2026-05-14-PM-V2,6,RN,B2C,4,74,14:00,18:00,18:52,,41.92
23187,2026-05-14,2026-05-14-AM-V3,1,RA-city,B2B,5,7,08:00,10:00,08:07,,19.35
23188,2026-05-14,2026-05-14-AM-V3,2,RA-city,B2B,7,15,08:00,10:00,08:33,,19.35
23189,2026-05-14,2026-05-14-AM-V3,3,RA-city,B2B,7,16,08:00,10:00,09:01,,19.35
23190,2026-05-14,2026-05-14-AM-V3,4,RA-city,B2C,1,7,08:00,12:00,09:27,,19.35
23191,2026-05-14,2026-05-14-AM-V3,5,RA-city,B2C,4,19,08:00,12:00,09:45,,19.35
23192,2026-05-14,2026-05-14-AM-V3,6,RA-city,B2C,2,16,08:00,12:00,10:21,,19.35
23193,2026-05-14,2026-05-14-AM-V3,7,RA-city,B2C,3,8,08:00,12:00,10:47,,19.35
23194,2026-05-14,2026-05-14-AM-V3,8,RA-city,B2C,3,8,08:00,12:00,11:23,,19.35
23195,2026-05-14,2026-05-14-AM-V3,9,RA-city,B2C,3,20,08:00,12:00,11:54,,19.35
23196,2026-05-14,2026-05-14-PM-V3,1,RA-city,B2B,3,7,14:00,16:00,14:08,,17.91
23197,2026-05-14,2026-05-14-PM-V3,2,RA-city,B2B,4,10,14:00,16:00,14:24,,17.91
23198,2026-05-14,2026-05-14-PM-V3,3,RA-city,B2C,3,5,14:00,18:00,14:43,,17.91
23199,2026-05-14,2026-05-14-PM-V3,4,RA-city,B2C,4,15,14:00,18:00,15:14,,17.91
23200,2026-05-14,2026-05-14-PM-V3,5,RA-city,B2C,4,10,14:00,18:00,15:51,,17.91
23201,2026-05-14,2026-05-14-PM-V3,6,RA-city,B2C,2,14,14:00,18:00,16:27,,17.91
23202,2026-05-14,2026-05-14-PM-V3,7,RA-city,B2C,1,20,14:00,18:00,16:52,,17.91
23203,2026-05-14,2026-05-14-PM-V3,8,RA-city,B2C,4,5,14:00,18:00,17:14,,17.91
23204,2026-05-14,2026-05-14-PM-V3,9,RA-city,B2C,4,5,14:00,18:00,17:52,,17.91
23205,2026-05-15,2026-05-15-AM-V1,1,RA-city,B2B,7,16,08:00,10:00,08:19,,20.71
23206,2026-05-15,2026-05-15-AM-V1,2,RA-city,B2B,5,7,08:00,10:00,08:43,,20.71
23207,2026-05-15,2026-05-15-AM-V1,3,RA-city,B2C,1,11,08:00,12:00,09:04,,20.71
23208,2026-05-15,2026-05-15-AM-V1,4,RA-city,B2C,1,8,08:00,12:00,09:27,,20.71
23209,2026-05-15,2026-05-15-AM-V1,5,RA-city,B2C,1,7,08:00,12:00,09:51,,20.71
23210,2026-05-15,2026-05-15-AM-V1,6,RA-city,B2C,1,11,08:00,12:00,10:16,,20.71
23211,2026-05-15,2026-05-15-AM-V1,7,RA-city,B2C,2,10,08:00,12:00,10:35,,20.71
23212,2026-05-15,2026-05-15-AM-V1,8,RA-city,B2C,4,6,08:00,12:00,11:02,wrong_address,20.71
23213,2026-05-15,2026-05-15-PM-V1,1,FC,B2B,3,28,14:00,16:00,14:33,,36.61
23214,2026-05-15,2026-05-15-PM-V1,2,FC,B2B,7,31,14:00,16:00,15:02,,36.61
23215,2026-05-15,2026-05-15-PM-V1,3,FC,B2C,2,33,14:00,18:00,15:48,,36.61
23216,2026-05-15,2026-05-15-PM-V1,4,FC,B2C,2,36,14:00,18:00,16:16,,36.61
23217,2026-05-15,2026-05-15-PM-V1,5,FC,B2C,4,36,14:00,18:00,16:46,,36.61
23218,2026-05-15,2026-05-15-PM-V1,6,FC,B2C,4,55,14:00,18:00,17:34,,36.61
23219,2026-05-15,2026-05-15-AM-V2,1,BO,B2C,3,52,08:00,12:00,09:12,,55.56
23220,2026-05-15,2026-05-15-AM-V2,2,BO,B2C,6,70,08:00,12:00,09:52,,55.56
23221,2026-05-15,2026-05-15-AM-V2,3,BO,B2C,5,72,08:00,12:00,10:55,,55.56
23222,2026-05-15,2026-05-15-AM-V2,4,BO,B2C,5,52,08:00,12:00,11:40,,55.56
23223,2026-05-15,2026-05-15-PM-V2,1,FC,B2B,4,47,14:00,16:00,14:51,,37.8
23224,2026-05-15,2026-05-15-PM-V2,2,FC,B2C,2,53,14:00,18:00,15:20,,37.8
23225,2026-05-15,2026-05-15-PM-V2,3,FC,B2C,4,57,14:00,18:00,15:56,,37.8
23226,2026-05-15,2026-05-15-PM-V2,4,FC,B2C,4,46,14:00,18:00,16:48,,37.8
23227,2026-05-15,2026-05-15-PM-V2,5,FC,B2C,1,32,14:00,18:00,17:39,,37.8
23228,2026-05-15,2026-05-15-PM-V2,6,FC,B2C,2,33,14:00,18:00,18:13,,37.8
23229,2026-05-15,2026-05-15-AM-V3,1,BO,B2B,5,55,08:00,10:00,09:21,,60.6
23230,2026-05-15,2026-05-15-AM-V3,2,BO,B2B,10,51,08:00,10:00,10:02,,60.6
23231,2026-05-15,2026-05-15-AM-V3,3,BO,B2C,4,71,08:00,12:00,10:47,transport_damage,60.6
23232,2026-05-15,2026-05-15-AM-V3,4,BO,B2C,5,72,08:00,12:00,11:48,,60.6
23233,2026-05-15,2026-05-15-PM-V3,1,BO,B2C,6,65,14:00,18:00,15:28,,48.09
23234,2026-05-15,2026-05-15-PM-V3,2,BO,B2C,3,81,14:00,18:00,16:25,,48.09
23235,2026-05-15,2026-05-15-PM-V3,3,BO,B2C,2,72,14:00,18:00,16:58,,48.09
23236,2026-05-15,2026-05-15-PM-V3,4,BO,B2C,5,77,14:00,18:00,17:34,,48.09
23237,2026-05-15,2026-05-15-PM-V3,5,BO,B2C,6,62,14:00,18:00,18:24,,48.09
23238,2026-05-16,2026-05-16-AM-V1,1,RA-city,B2B,7,7,08:00,10:00,08:10,,24.32
23239,2026-05-16,2026-05-16-AM-V1,2,RA-city,B2B,6,6,08:00,10:00,08:39,,24.32
23240,2026-05-16,2026-05-16-AM-V1,3,RA-city,B2B,7,20,08:00,10:00,09:06,,24.32
23241,2026-05-16,2026-05-16-AM-V1,4,RA-city,B2B,7,13,08:00,10:00,09:32,,24.32
23242,2026-05-16,2026-05-16-AM-V1,5,RA-city,B2B,4,10,08:00,10:00,10:00,missing_item,24.32
23243,2026-05-16,2026-05-16-AM-V1,6,RA-city,B2C,1,13,08:00,12:00,10:36,,24.32
23244,2026-05-16,2026-05-16-AM-V1,7,RA-city,B2C,3,16,08:00,12:00,11:01,,24.32
23245,2026-05-16,2026-05-16-PM-V1,1,RA-province,B2B,3,18,14:00,16:00,14:25,,31.3
23246,2026-05-16,2026-05-16-PM-V1,2,RA-province,B2B,8,26,14:00,16:00,14:53,,31.3
23247,2026-05-16,2026-05-16-PM-V1,3,RA-province,B2B,5,36,14:00,16:00,15:29,,31.3
23248,2026-05-16,2026-05-16-PM-V1,4,RA-province,B2C,1,45,14:00,18:00,15:54,,31.3
23249,2026-05-16,2026-05-16-PM-V1,5,RA-province,B2C,1,42,14:00,18:00,16:22,,31.3
23250,2026-05-16,2026-05-16-PM-V1,6,RA-province,B2C,2,19,14:00,18:00,16:58,,31.3
23251,2026-05-16,2026-05-16-AM-V2,1,RA-province,B2B,7,27,08:00,10:00,08:31,,32.82
23252,2026-05-16,2026-05-16-AM-V2,2,RA-province,B2B,8,26,08:00,10:00,09:09,,32.82
23253,2026-05-16,2026-05-16-AM-V2,3,RA-province,B2C,2,20,08:00,12:00,09:45,,32.82
23254,2026-05-16,2026-05-16-AM-V2,4,RA-province,B2C,2,26,08:00,12:00,10:15,,32.82
23255,2026-05-16,2026-05-16-AM-V2,5,RA-province,B2C,4,37,08:00,12:00,10:53,,32.82
23256,2026-05-16,2026-05-16-AM-V2,6,RA-province,B2C,4,25,08:00,12:00,11:29,,32.82
23257,2026-05-16,2026-05-16-PM-V2,1,RA-province,B2B,4,34,14:00,16:00,14:48,,27.62
23258,2026-05-16,2026-05-16-PM-V2,2,RA-province,B2B,8,17,14:00,16:00,15:19,,27.62
23259,2026-05-16,2026-05-16-PM-V2,3,RA-province,B2B,4,23,14:00,16:00,15:56,,27.62
23260,2026-05-16,2026-05-16-PM-V2,4,RA-province,B2C,1,18,14:00,18:00,16:19,,27.62
23261,2026-05-16,2026-05-16-PM-V2,5,RA-province,B2C,1,15,14:00,18:00,16:43,,27.62
23262,2026-05-16,2026-05-16-PM-V2,6,RA-province,B2C,1,39,14:00,18:00,17:14,,27.62
23263,2026-05-16,2026-05-16-PM-V2,7,RA-province,B2C,4,22,14:00,18:00,17:48,,27.62
23264,2026-05-16,2026-05-16-PM-V2,8,RA-province,B2C,2,34,14:00,18:00,18:28,,27.62
23265,2026-05-16,2026-05-16-AM-V3,1,RN,B2B,7,77,08:00,10:00,09:26,,56.54
23266,2026-05-16,2026-05-16-AM-V3,2,RN,B2C,6,77,08:00,12:00,09:55,,56.54
23267,2026-05-16,2026-05-16-AM-V3,3,RN,B2C,2,69,08:00,12:00,10:52,,56.54
23268,2026-05-16,2026-05-16-AM-V3,4,RN,B2C,3,45,08:00,12:00,11:26,,56.54
23269,2026-05-16,2026-05-16-PM-V3,1,BO,B2B,8,61,14:00,16:00,15:07,,52.12
23270,2026-05-16,2026-05-16-PM-V3,2,BO,B2C,6,52,14:00,18:00,15:53,,52.12
23271,2026-05-16,2026-05-16-PM-V3,3,BO,B2C,5,77,14:00,18:00,16:58,,52.12
23272,2026-05-16,2026-05-16-PM-V3,4,BO,B2C,3,61,14:00,18:00,17:50,,52.12
23273,2026-05-16,2026-05-16-PM-V3,5,BO,B2C,4,85,14:00,18:00,18:27,,52.12
23274,2026-05-17,2026-05-17-AM-V1,1,FE,B2C,4,95,08:00,12:00,09:43,,70.84
23275,2026-05-17,2026-05-17-AM-V1,2,FE,B2C,2,67,08:00,12:00,10:40,,70.84
23276,2026-05-17,2026-05-17-AM-V1,3,FE,B2C,5,105,08:00,12:00,11:20,wrong_address,70.84
23277,2026-05-17,2026-05-17-AM-V1,4,FE,B2C,5,98,08:00,12:00,12:24,,70.84
23278,2026-05-17,2026-05-17-AM-V2,1,FC,B2C,2,59,08:00,12:00,09:17,,41.16
23279,2026-05-17,2026-05-17-AM-V2,2,FC,B2C,2,27,08:00,12:00,09:55,,41.16
23280,2026-05-17,2026-05-17-AM-V2,3,FC,B2C,2,56,08:00,12:00,10:34,,41.16
23281,2026-05-17,2026-05-17-AM-V2,4,FC,B2C,4,58,08:00,12:00,11:08,,41.16
23282,2026-05-17,2026-05-17-AM-V2,5,FC,B2C,3,54,08:00,12:00,11:51,,41.16
23283,2026-05-17,2026-05-17-AM-V2,6,FC,B2C,1,60,08:00,12:00,12:25,,41.16
23284,2026-05-17,2026-05-17-PM-V2,1,FC,B2B,4,39,14:00,16:00,14:45,,33.05
23285,2026-05-17,2026-05-17-PM-V2,2,FC,B2B,3,31,14:00,16:00,15:15,,33.05
23286,2026-05-17,2026-05-17-PM-V2,3,FC,B2C,4,38,14:00,18:00,15:38,,33.05
23287,2026-05-17,2026-05-17-PM-V2,4,FC,B2C,4,53,14:00,18:00,16:25,,33.05
23288,2026-05-17,2026-05-17-PM-V2,5,FC,B2C,4,52,14:00,18:00,17:12,,33.05
23289,2026-05-17,2026-05-17-PM-V2,6,FC,B2C,3,39,14:00,18:00,17:55,,33.05
23290,2026-05-17,2026-05-17-PM-V2,7,FC,B2C,3,40,14:00,18:00,18:38,,33.05
23291,2026-05-17,2026-05-17-AM-V3,1,FE,B2C,5,71,08:00,12:00,09:17,,81.88
23292,2026-05-17,2026-05-17-AM-V3,2,FE,B2C,3,75,08:00,12:00,10:06,,81.88
23293,2026-05-17,2026-05-17-AM-V3,3,FE,B2C,5,85,08:00,12:00,10:50,,81.88
23294,2026-05-17,2026-05-17-PM-V3,1,BO,B2B,10,59,14:00,16:00,15:13,,47.05
23295,2026-05-17,2026-05-17-PM-V3,2,BO,B2C,5,90,14:00,18:00,15:51,,47.05
23296,2026-05-17,2026-05-17-PM-V3,3,BO,B2C,5,88,14:00,18:00,16:38,,47.05
23297,2026-05-17,2026-05-17-PM-V3,4,BO,B2C,4,59,14:00,18:00,17:33,,47.05
23298,2026-05-17,2026-05-17-PM-V3,5,BO,B2C,5,62,14:00,18:00,18:13,,47.05
23299,2026-05-20,2026-05-20-AM-V1,1,RA-city,B2B,7,7,08:00,10:00,08:08,,22.28
23300,2026-05-20,2026-05-20-AM-V1,2,RA-city,B2C,2,12,08:00,12:00,08:38,,22.28
23301,2026-05-20,2026-05-20-AM-V1,3,RA-city,B2C,3,18,08:00,12:00,09:02,,22.28
23302,2026-05-20,2026-05-20-AM-V1,4,RA-city,B2C,4,20,08:00,12:00,09:31,,22.28
23303,2026-05-20,2026-05-20-AM-V1,5,RA-city,B2C,2,6,08:00,12:00,10:05,,22.28
23304,2026-05-20,2026-05-20-AM-V1,6,RA-city,B2C,2,11,08:00,12:00,10:33,,22.28
23305,2026-05-20,2026-05-20-AM-V1,7,RA-city,B2C,1,6,08:00,12:00,10:59,,22.28
23306,2026-05-20,2026-05-20-PM-V1,1,RA-city,B2B,5,5,14:00,16:00,14:07,,19.06
23307,2026-05-20,2026-05-20-PM-V1,2,RA-city,B2B,3,16,14:00,16:00,14:33,,19.06
23308,2026-05-20,2026-05-20-PM-V1,3,RA-city,B2B,3,5,14:00,16:00,14:55,,19.06
23309,2026-05-20,2026-05-20-PM-V1,4,RA-city,B2B,3,16,14:00,16:00,15:16,,19.06
23310,2026-05-20,2026-05-20-PM-V1,5,RA-city,B2B,5,5,14:00,16:00,15:34,,19.06
23311,2026-05-20,2026-05-20-PM-V1,6,RA-city,B2B,7,17,14:00,16:00,15:56,,19.06
23312,2026-05-20,2026-05-20-PM-V1,7,RA-city,B2C,2,19,14:00,18:00,16:28,,19.06
23313,2026-05-20,2026-05-20-PM-V1,8,RA-city,B2C,4,16,14:00,18:00,16:57,,19.06
23314,2026-05-20,2026-05-20-PM-V1,9,RA-city,B2C,2,6,14:00,18:00,17:39,,19.06
23315,2026-05-20,2026-05-20-AM-V2,1,FE,B2B,5,83,08:00,10:00,09:53,,55.5
23316,2026-05-20,2026-05-20-AM-V2,2,FE,B2C,3,84,08:00,12:00,10:41,,55.5
23317,2026-05-20,2026-05-20-AM-V2,3,FE,B2C,4,89,08:00,12:00,11:25,,55.5
23318,2026-05-20,2026-05-20-AM-V2,4,FE,B2C,2,98,08:00,12:00,12:12,,55.5
23319,2026-05-20,2026-05-20-AM-V2,5,FE,B2C,2,71,08:00,12:00,12:53,,55.5
23320,2026-05-20,2026-05-20-PM-V2,1,FE,B2B,7,80,14:00,16:00,16:18,,53.16
23321,2026-05-20,2026-05-20-PM-V2,2,FE,B2C,2,69,14:00,18:00,17:00,,53.16
23322,2026-05-20,2026-05-20-PM-V2,3,FE,B2C,3,82,14:00,18:00,17:45,,53.16
23323,2026-05-20,2026-05-20-PM-V2,4,FE,B2C,3,97,14:00,18:00,18:32,,53.16
23324,2026-05-20,2026-05-20-PM-V2,5,FE,B2C,5,62,14:00,18:00,19:19,,53.16
23325,2026-05-20,2026-05-20-AM-V3,1,RA-city,B2B,6,7,08:00,10:00,08:07,refused,20.39
23326,2026-05-20,2026-05-20-AM-V3,2,RA-city,B2B,7,6,08:00,10:00,08:42,,20.39
23327,2026-05-20,2026-05-20-AM-V3,3,RA-city,B2B,6,7,08:00,10:00,09:09,,20.39
23328,2026-05-20,2026-05-20-AM-V3,4,RA-city,B2B,8,10,08:00,10:00,09:38,,20.39
23329,2026-05-20,2026-05-20-AM-V3,5,RA-city,B2C,3,13,08:00,12:00,10:03,,20.39
23330,2026-05-20,2026-05-20-AM-V3,6,RA-city,B2C,1,8,08:00,12:00,10:31,,20.39
23331,2026-05-20,2026-05-20-AM-V3,7,RA-city,B2C,2,9,08:00,12:00,10:50,,20.39
23332,2026-05-20,2026-05-20-AM-V3,8,RA-city,B2C,2,16,08:00,12:00,11:14,wrong_address,20.39
23333,2026-05-20,2026-05-20-PM-V3,1,RA-city,B2B,5,16,14:00,16:00,14:22,,20.29
23334,2026-05-20,2026-05-20-PM-V3,2,RA-city,B2C,4,14,14:00,18:00,14:50,,20.29
23335,2026-05-20,2026-05-20-PM-V3,3,RA-city,B2C,3,18,14:00,18:00,15:31,,20.29
23336,2026-05-20,2026-05-20-PM-V3,4,RA-city,B2C,4,20,14:00,18:00,16:02,,20.29
23337,2026-05-20,2026-05-20-PM-V3,5,RA-city,B2C,2,15,14:00,18:00,16:43,,20.29
23338,2026-05-20,2026-05-20-PM-V3,6,RA-city,B2C,1,8,14:00,18:00,17:10,,20.29
23339,2026-05-20,2026-05-20-PM-V3,7,RA-city,B2C,1,8,14:00,18:00,17:28,,20.29
23340,2026-05-20,2026-05-20-PM-V3,8,RA-city,B2C,1,7,14:00,18:00,17:47,,20.29
23341,2026-05-20,2026-05-20-PM-V3,9,RA-city,B2C,3,18,14:00,18:00,18:11,,20.29
23342,2026-05-21,2026-05-21-AM-V1,1,RA-city,B2B,5,5,08:00,10:00,08:05,,22.65
23343,2026-05-21,2026-05-21-AM-V1,2,RA-city,B2C,2,12,08:00,12:00,08:31,,22.65
23344,2026-05-21,2026-05-21-AM-V1,3,RA-city,B2C,1,16,08:00,12:00,08:58,,22.65
23345,2026-05-21,2026-05-21-AM-V1,4,RA-city,B2C,4,20,08:00,12:00,09:17,,22.65
23346,2026-05-21,2026-05-21-AM-V1,5,RA-city,B2C,3,7,08:00,12:00,09:54,,22.65
23347,2026-05-21,2026-05-21-AM-V1,6,RA-city,B2C,3,16,08:00,12:00,10:26,wrong_address,22.65
23348,2026-05-21,2026-05-21-AM-V1,7,RA-city,B2C,1,6,08:00,12:00,11:13,,22.65
23349,2026-05-21,2026-05-21-PM-V1,1,RA-city,B2B,5,15,14:00,16:00,14:16,,21.44
23350,2026-05-21,2026-05-21-PM-V1,2,RA-city,B2B,8,5,14:00,16:00,14:44,,21.44
23351,2026-05-21,2026-05-21-PM-V1,3,RA-city,B2C,2,18,14:00,18:00,15:14,,21.44
23352,2026-05-21,2026-05-21-PM-V1,4,RA-city,B2C,4,10,14:00,18:00,15:40,,21.44
23353,2026-05-21,2026-05-21-PM-V1,5,RA-city,B2C,4,12,14:00,18:00,16:14,,21.44
23354,2026-05-21,2026-05-21-PM-V1,6,RA-city,B2C,1,11,14:00,18:00,16:51,,21.44
23355,2026-05-21,2026-05-21-PM-V1,7,RA-city,B2C,4,14,14:00,18:00,17:14,,21.44
23356,2026-05-21,2026-05-21-PM-V1,8,RA-city,B2C,3,11,14:00,18:00,17:52,,21.44
23357,2026-05-21,2026-05-21-AM-V2,1,RA-province,B2B,5,23,08:00,10:00,08:31,,32.27
23358,2026-05-21,2026-05-21-AM-V2,2,RA-province,B2B,8,27,08:00,10:00,09:01,,32.27
23359,2026-05-21,2026-05-21-AM-V2,3,RA-province,B2C,3,34,08:00,12:00,09:38,,32.27
23360,2026-05-21,2026-05-21-AM-V2,4,RA-province,B2C,4,24,08:00,12:00,10:17,,32.27
23361,2026-05-21,2026-05-21-AM-V2,5,RA-province,B2C,3,42,08:00,12:00,10:59,,32.27
23362,2026-05-21,2026-05-21-AM-V2,6,RA-province,B2C,4,23,08:00,12:00,11:33,,32.27
23363,2026-05-21,2026-05-21-PM-V2,1,RA-province,B2B,6,29,14:00,16:00,14:39,,28.96
23364,2026-05-21,2026-05-21-PM-V2,2,RA-province,B2B,8,45,14:00,16:00,15:17,,28.96
23365,2026-05-21,2026-05-21-PM-V2,3,RA-province,B2B,5,27,14:00,16:00,15:48,,28.96
23366,2026-05-21,2026-05-21-PM-V2,4,RA-province,B2B,7,27,14:00,16:00,16:14,transport_damage,28.96
23367,2026-05-21,2026-05-21-PM-V2,5,RA-province,B2C,4,44,14:00,18:00,17:01,transport_damage,28.96
23368,2026-05-21,2026-05-21-PM-V2,6,RA-province,B2C,2,38,14:00,18:00,17:51,,28.96
23369,2026-05-21,2026-05-21-PM-V2,7,RA-province,B2C,4,25,14:00,18:00,18:30,,28.96
23370,2026-05-21,2026-05-21-AM-V3,1,RA-city,B2B,3,18,08:00,10:00,08:19,,21.61
23371,2026-05-21,2026-05-21-AM-V3,2,RA-city,B2B,4,19,08:00,10:00,08:37,,21.61
23372,2026-05-21,2026-05-21-AM-V3,3,RA-city,B2C,3,17,08:00,12:00,08:55,,21.61
23373,2026-05-21,2026-05-21-AM-V3,4,RA-city,B2C,3,17,08:00,12:00,09:25,,21.61
23374,2026-05-21,2026-05-21-AM-V3,5,RA-city,B2C,1,18,08:00,12:00,09:54,,21.61
23375,2026-05-21,2026-05-21-AM-V3,6,RA-city,B2C,4,10,08:00,12:00,10:16,,21.61
23376,2026-05-21,2026-05-21-AM-V3,7,RA-city,B2C,1,18,08:00,12:00,10:53,,21.61
23377,2026-05-21,2026-05-21-AM-V3,8,RA-city,B2C,3,15,08:00,12:00,11:19,,21.61
23378,2026-05-21,2026-05-21-PM-V3,1,BO,B2B,4,74,14:00,16:00,15:24,,58.98
23379,2026-05-21,2026-05-21-PM-V3,2,BO,B2B,4,81,14:00,16:00,15:54,,58.98
23380,2026-05-21,2026-05-21-PM-V3,3,BO,B2C,5,86,14:00,18:00,16:21,,58.98
23381,2026-05-21,2026-05-21-PM-V3,4,BO,B2C,6,59,14:00,18:00,17:12,,58.98
23382,2026-05-22,2026-05-22-AM-V1,1,RA-city,B2B,4,18,08:00,10:00,08:20,,19.64
23383,2026-05-22,2026-05-22-AM-V1,2,RA-city,B2B,5,14,08:00,10:00,08:43,,19.64
23384,2026-05-22,2026-05-22-AM-V1,3,RA-city,B2B,6,10,08:00,10:00,09:04,,19.64
23385,2026-05-22,2026-05-22-AM-V1,4,RA-city,B2C,2,14,08:00,12:00,09:29,,19.64
23386,2026-05-22,2026-05-22-AM-V1,5,RA-city,B2C,2,16,08:00,12:00,09:56,,19.64
23387,2026-05-22,2026-05-22-AM-V1,6,RA-city,B2C,2,20,08:00,12:00,10:26,,19.64
23388,2026-05-22,2026-05-22-AM-V1,7,RA-city,B2C,4,11,08:00,12:00,10:50,,19.64
23389,2026-05-22,2026-05-22-AM-V1,8,RA-city,B2C,2,6,08:00,12:00,11:24,,19.64
23390,2026-05-22,2026-05-22-AM-V1,9,RA-city,B2C,2,14,08:00,12:00,11:50,,19.64
23391,2026-05-22,2026-05-22-PM-V1,1,RA-province,B2B,6,16,14:00,16:00,14:24,,24.21
23392,2026-05-22,2026-05-22-PM-V1,2,RA-province,B2C,2,24,14:00,18:00,14:51,,24.21
23393,2026-05-22,2026-05-22-PM-V1,3,RA-province,B2C,2,38,14:00,18:00,15:20,,24.21
23394,2026-05-22,2026-05-22-PM-V1,4,RA-province,B2C,3,43,14:00,18:00,15:52,,24.21
23395,2026-05-22,2026-05-22-PM-V1,5,RA-province,B2C,3,40,14:00,18:00,16:27,,24.21
23396,2026-05-22,2026-05-22-PM-V1,6,RA-province,B2C,4,18,14:00,18:00,17:01,,24.21
23397,2026-05-22,2026-05-22-PM-V1,7,RA-province,B2C,3,15,14:00,18:00,17:46,,24.21
23398,2026-05-22,2026-05-22-PM-V1,8,RA-province,B2C,2,26,14:00,18:00,18:19,,24.21
23399,2026-05-22,2026-05-22-AM-V2,1,RA-city,B2B,4,5,08:00,10:00,08:06,,23.3
23400,2026-05-22,2026-05-22-AM-V2,2,RA-city,B2B,7,8,08:00,10:00,08:31,,23.3
23401,2026-05-22,2026-05-22-AM-V2,3,RA-city,B2B,4,12,08:00,10:00,09:01,,23.3
23402,2026-05-22,2026-05-22-AM-V2,4,RA-city,B2C,2,15,08:00,12:00,09:23,,23.3
23403,2026-05-22,2026-05-22-AM-V2,5,RA-city,B2C,3,8,08:00,12:00,09:47,,23.3
23404,2026-05-22,2026-05-22-AM-V2,6,RA-city,B2C,3,7,08:00,12:00,10:18,,23.3
23405,2026-05-22,2026-05-22-AM-V2,7,RA-city,B2C,4,12,08:00,12:00,10:52,,23.3
23406,2026-05-22,2026-05-22-PM-V2,1,RA-province,B2B,3,41,14:00,16:00,14:47,,30.17
23407,2026-05-22,2026-05-22-PM-V2,2,RA-province,B2B,8,23,14:00,16:00,15:18,,30.17
23408,2026-05-22,2026-05-22-PM-V2,3,RA-province,B2C,1,24,14:00,18:00,15:55,,30.17
23409,2026-05-22,2026-05-22-PM-V2,4,RA-province,B2C,1,44,14:00,18:00,16:25,,30.17
23410,2026-05-22,2026-05-22-PM-V2,5,RA-province,B2C,4,37,14:00,18:00,16:49,,30.17
23411,2026-05-22,2026-05-22-PM-V2,6,RA-province,B2C,1,18,14:00,18:00,17:33,,30.17
23412,2026-05-22,2026-05-22-PM-V2,7,RA-province,B2C,2,15,14:00,18:00,18:07,,30.17
23413,2026-05-22,2026-05-22-AM-V3,1,BO,B2C,6,83,08:00,12:00,10:03,,51.6
23414,2026-05-22,2026-05-22-AM-V3,2,BO,B2C,2,55,08:00,12:00,10:55,,51.6
23415,2026-05-22,2026-05-22-AM-V3,3,BO,B2C,3,84,08:00,12:00,11:31,,51.6
23416,2026-05-22,2026-05-22-AM-V3,4,BO,B2C,3,64,08:00,12:00,12:11,,51.6
23417,2026-05-22,2026-05-22-AM-V3,5,BO,B2C,4,70,08:00,12:00,12:51,,51.6
23418,2026-05-22,2026-05-22-PM-V3,1,RA-province,B2B,5,27,14:00,16:00,15:32,,33.36
23419,2026-05-22,2026-05-22-PM-V3,2,RA-province,B2B,6,37,14:00,16:00,16:02,,33.36
23420,2026-05-22,2026-05-22-PM-V3,3,RA-province,B2C,1,30,14:00,18:00,16:29,,33.36
23421,2026-05-22,2026-05-22-PM-V3,4,RA-province,B2C,4,35,14:00,18:00,16:58,,33.36
23422,2026-05-22,2026-05-22-PM-V3,5,RA-province,B2C,4,30,14:00,18:00,17:34,,33.36
23423,2026-05-22,2026-05-22-PM-V3,6,RA-province,B2C,1,36,14:00,18:00,18:21,,33.36
23424,2026-05-23,2026-05-23-AM-V1,1,RA-city,B2B,8,8,08:00,10:00,08:11,,20.88
23425,2026-05-23,2026-05-23-AM-V1,2,RA-city,B2B,7,20,08:00,10:00,08:41,,20.88
23426,2026-05-23,2026-05-23-AM-V1,3,RA-city,B2C,1,20,08:00,12:00,09:05,,20.88
23427,2026-05-23,2026-05-23-AM-V1,4,RA-city,B2C,4,5,08:00,12:00,09:27,,20.88
23428,2026-05-23,2026-05-23-AM-V1,5,RA-city,B2C,2,13,08:00,12:00,10:05,,20.88
23429,2026-05-23,2026-05-23-AM-V1,6,RA-city,B2C,2,6,08:00,12:00,10:36,,20.88
23430,2026-05-23,2026-05-23-AM-V1,7,RA-city,B2C,2,14,08:00,12:00,10:59,,20.88
23431,2026-05-23,2026-05-23-AM-V1,8,RA-city,B2C,1,11,08:00,12:00,11:31,,20.88
23432,2026-05-23,2026-05-23-PM-V1,1,RA-city,B2B,4,6,14:00,16:00,14:07,,20.55
23433,2026-05-23,2026-05-23-PM-V1,2,RA-city,B2B,3,15,14:00,16:00,14:31,,20.55
23434,2026-05-23,2026-05-23-PM-V1,3,RA-city,B2B,7,6,14:00,16:00,14:51,,20.55
23435,2026-05-23,2026-05-23-PM-V1,4,RA-city,B2C,4,5,14:00,18:00,15:15,,20.55
23436,2026-05-23,2026-05-23-PM-V1,5,RA-city,B2C,2,11,14:00,18:00,15:53,,20.55
23437,2026-05-23,2026-05-23-PM-V1,6,RA-city,B2C,2,10,14:00,18:00,16:20,,20.55
23438,2026-05-23,2026-05-23-PM-V1,7,RA-city,B2C,1,10,14:00,18:00,16:48,,20.55
23439,2026-05-23,2026-05-23-PM-V1,8,RA-city,B2C,4,8,14:00,18:00,17:10,,20.55
23440,2026-05-23,2026-05-23-AM-V2,1,RN,B2B,10,49,08:00,10:00,08:55,,40.29
23441,2026-05-23,2026-05-23-AM-V2,2,RN,B2B,6,61,08:00,10:00,09:38,,40.29
23442,2026-05-23,2026-05-23-AM-V2,3,RN,B2C,5,46,08:00,12:00,10:05,,40.29
23443,2026-05-23,2026-05-23-AM-V2,4,RN,B2C,5,64,08:00,12:00,10:52,wrong_address,40.29
23444,2026-05-23,2026-05-23-AM-V2,5,RN,B2C,3,71,08:00,12:00,11:55,,40.29
23445,2026-05-23,2026-05-23-AM-V2,6,RN,B2C,5,65,08:00,12:00,12:39,,40.29
23446,2026-05-23,2026-05-23-PM-V2,1,FE,B2B,10,75,14:00,16:00,16:37,,52.51
23447,2026-05-23,2026-05-23-PM-V2,2,FE,B2B,6,100,14:00,16:00,17:23,,52.51
23448,2026-05-23,2026-05-23-PM-V2,3,FE,B2C,4,78,14:00,18:00,17:57,,52.51
23449,2026-05-23,2026-05-23-PM-V2,4,FE,B2C,3,108,14:00,18:00,18:54,,52.51
23450,2026-05-23,2026-05-23-PM-V2,5,FE,B2C,4,68,14:00,18:00,19:40,,52.51
23451,2026-05-23,2026-05-23-AM-V3,1,BO,B2B,6,54,08:00,10:00,08:57,,57.51
23452,2026-05-23,2026-05-23-AM-V3,2,BO,B2B,5,66,08:00,10:00,09:37,,57.51
23453,2026-05-23,2026-05-23-AM-V3,3,BO,B2C,3,79,08:00,12:00,10:03,,57.51
23454,2026-05-23,2026-05-23-AM-V3,4,BO,B2C,2,63,08:00,12:00,10:45,,57.51
23455,2026-05-23,2026-05-23-PM-V3,1,BO,B2B,7,68,14:00,16:00,15:17,,58.65
23456,2026-05-23,2026-05-23-PM-V3,2,BO,B2B,7,79,14:00,16:00,15:57,,58.65
23457,2026-05-23,2026-05-23-PM-V3,3,BO,B2C,4,51,14:00,18:00,16:31,,58.65
23458,2026-05-23,2026-05-23-PM-V3,4,BO,B2C,2,51,14:00,18:00,17:22,,58.65
23459,2026-05-24,2026-05-24-AM-V1,1,RA-province,B2C,1,33,08:00,12:00,08:46,,29.06
23460,2026-05-24,2026-05-24-AM-V1,2,RA-province,B2C,4,38,08:00,12:00,09:17,,29.06
23461,2026-05-24,2026-05-24-AM-V1,3,RA-province,B2C,3,45,08:00,12:00,09:56,,29.06
23462,2026-05-24,2026-05-24-AM-V1,4,RA-province,B2C,1,36,08:00,12:00,10:29,,29.06
23463,2026-05-24,2026-05-24-AM-V1,5,RA-province,B2C,4,16,08:00,12:00,11:01,,29.06
23464,2026-05-24,2026-05-24-AM-V1,6,RA-province,B2C,1,30,08:00,12:00,11:45,,29.06
23465,2026-05-24,2026-05-24-AM-V1,7,RA-province,B2C,3,20,08:00,12:00,12:15,,29.06
23466,2026-05-24,2026-05-24-PM-V1,1,FE,B2B,4,77,14:00,16:00,15:31,,86.87
23467,2026-05-24,2026-05-24-PM-V1,2,FE,B2C,4,74,14:00,18:00,16:03,,86.87
23468,2026-05-24,2026-05-24-PM-V1,3,FE,B2C,4,98,14:00,18:00,16:53,,86.87
23469,2026-05-24,2026-05-24-AM-V2,1,FE,B2C,6,96,08:00,12:00,10:01,,67.91
23470,2026-05-24,2026-05-24-AM-V2,2,FE,B2C,3,82,08:00,12:00,11:07,missing_item,67.91
23471,2026-05-24,2026-05-24-AM-V2,3,FE,B2C,6,79,08:00,12:00,11:58,,67.91
23472,2026-05-24,2026-05-24-AM-V2,4,FE,B2C,5,72,08:00,12:00,12:58,,67.91
23473,2026-05-24,2026-05-24-AM-V3,1,RA-province,B2B,3,19,08:00,10:00,08:21,,26.08
23474,2026-05-24,2026-05-24-AM-V3,2,RA-province,B2B,6,38,08:00,10:00,08:45,,26.08
23475,2026-05-24,2026-05-24-AM-V3,3,RA-province,B2C,3,32,08:00,12:00,09:18,,26.08
23476,2026-05-24,2026-05-24-AM-V3,4,RA-province,B2C,4,40,08:00,12:00,09:51,,26.08
23477,2026-05-24,2026-05-24-AM-V3,5,RA-province,B2C,3,44,08:00,12:00,10:35,,26.08
23478,2026-05-24,2026-05-24-AM-V3,6,RA-province,B2C,3,31,08:00,12:00,11:15,,26.08
23479,2026-05-24,2026-05-24-AM-V3,7,RA-province,B2C,1,43,08:00,12:00,11:50,,26.08
23480,2026-05-24,2026-05-24-AM-V3,8,RA-province,B2C,4,30,08:00,12:00,12:19,,26.08
23481,2026-05-24,2026-05-24-PM-V3,1,RA-city,B2B,7,12,14:00,16:00,14:14,,21.85
23482,2026-05-24,2026-05-24-PM-V3,2,RA-city,B2C,3,13,14:00,18:00,14:41,,21.85
23483,2026-05-24,2026-05-24-PM-V3,3,RA-city,B2C,1,16,14:00,18:00,15:12,,21.85
23484,2026-05-24,2026-05-24-PM-V3,4,RA-city,B2C,3,18,14:00,18:00,15:37,,21.85
23485,2026-05-24,2026-05-24-PM-V3,5,RA-city,B2C,2,13,14:00,18:00,16:11,,21.85
23486,2026-05-24,2026-05-24-PM-V3,6,RA-city,B2C,4,11,14:00,18:00,16:41,,21.85
23487,2026-05-24,2026-05-24-PM-V3,7,RA-city,B2C,1,18,14:00,18:00,17:20,,21.85
23488,2026-05-24,2026-05-24-PM-V3,8,RA-city,B2C,1,19,14:00,18:00,17:38,,21.85
23489,2026-05-27,2026-05-27-AM-V1,1,RN,B2B,5,71,08:00,10:00,09:29,,49.39
23490,2026-05-27,2026-05-27-AM-V1,2,RN,B2B,4,74,08:00,10:00,10:00,,49.39
23491,2026-05-27,2026-05-27-AM-V1,3,RN,B2C,3,74,08:00,12:00,10:33,,49.39
23492,2026-05-27,2026-05-27-AM-V1,4,RN,B2C,6,64,08:00,12:00,11:08,,49.39
23493,2026-05-27,2026-05-27-AM-V1,5,RN,B2C,2,70,08:00,12:00,11:55,,49.39
23494,2026-05-27,2026-05-27-PM-V1,1,RN,B2B,8,56,14:00,16:00,15:22,,44.58
23495,2026-05-27,2026-05-27-PM-V1,2,RN,B2C,5,78,14:00,18:00,15:54,,44.58
23496,2026-05-27,2026-05-27-PM-V1,3,RN,B2C,2,72,14:00,18:00,16:38,,44.58
23497,2026-05-27,2026-05-27-PM-V1,4,RN,B2C,4,78,14:00,18:00,17:10,,44.58
23498,2026-05-27,2026-05-27-PM-V1,5,RN,B2C,3,53,14:00,18:00,17:59,,44.58
23499,2026-05-27,2026-05-27-AM-V2,1,RN,B2B,5,49,08:00,10:00,08:56,,54.1
23500,2026-05-27,2026-05-27-AM-V2,2,RN,B2C,5,68,08:00,12:00,09:25,,54.1
23501,2026-05-27,2026-05-27-AM-V2,3,RN,B2C,2,65,08:00,12:00,10:10,,54.1
23502,2026-05-27,2026-05-27-AM-V2,4,RN,B2C,5,61,08:00,12:00,10:40,,54.1
23503,2026-05-27,2026-05-27-PM-V2,1,FC,B2B,7,51,14:00,16:00,15:12,,33.79
23504,2026-05-27,2026-05-27-PM-V2,2,FC,B2B,4,25,14:00,16:00,15:46,,33.79
23505,2026-05-27,2026-05-27-PM-V2,3,FC,B2B,4,55,14:00,16:00,16:15,,33.79
23506,2026-05-27,2026-05-27-PM-V2,4,FC,B2C,4,50,14:00,18:00,16:38,,33.79
23507,2026-05-27,2026-05-27-PM-V2,5,FC,B2C,2,52,14:00,18:00,17:17,,33.79
23508,2026-05-27,2026-05-27-PM-V2,6,FC,B2C,1,47,14:00,18:00,17:49,,33.79
23509,2026-05-27,2026-05-27-PM-V2,7,FC,B2C,4,56,14:00,18:00,18:19,,33.79
23510,2026-05-27,2026-05-27-AM-V3,1,RA-city,B2B,3,8,08:00,10:00,08:08,missing_item,20.23
23511,2026-05-27,2026-05-27-AM-V3,2,RA-city,B2C,4,20,08:00,12:00,08:37,,20.23
23512,2026-05-27,2026-05-27-AM-V3,3,RA-city,B2C,1,6,08:00,12:00,09:17,,20.23
23513,2026-05-27,2026-05-27-AM-V3,4,RA-city,B2C,2,5,08:00,12:00,09:36,,20.23
23514,2026-05-27,2026-05-27-AM-V3,5,RA-city,B2C,1,20,08:00,12:00,10:00,,20.23
23515,2026-05-27,2026-05-27-AM-V3,6,RA-city,B2C,2,12,08:00,12:00,10:23,,20.23
23516,2026-05-27,2026-05-27-AM-V3,7,RA-city,B2C,1,16,08:00,12:00,10:49,,20.23
23517,2026-05-27,2026-05-27-AM-V3,8,RA-city,B2C,4,13,08:00,12:00,11:09,,20.23
23518,2026-05-27,2026-05-27-PM-V3,1,BO,B2C,2,66,14:00,18:00,15:31,,48.87
23519,2026-05-27,2026-05-27-PM-V3,2,BO,B2C,3,86,14:00,18:00,16:11,,48.87
23520,2026-05-27,2026-05-27-PM-V3,3,BO,B2C,2,80,14:00,18:00,16:53,missing_item,48.87
23521,2026-05-27,2026-05-27-PM-V3,4,BO,B2C,5,62,14:00,18:00,17:47,,48.87
23522,2026-05-27,2026-05-27-PM-V3,5,BO,B2C,3,58,14:00,18:00,18:33,,48.87
23523,2026-05-28,2026-05-28-AM-V1,1,FC,B2C,4,53,08:00,12:00,09:03,,34.91
23524,2026-05-28,2026-05-28-AM-V1,2,FC,B2C,3,51,08:00,12:00,09:52,,34.91
23525,2026-05-28,2026-05-28-AM-V1,3,FC,B2C,2,34,08:00,12:00,10:41,,34.91
23526,2026-05-28,2026-05-28-AM-V1,4,FC,B2C,2,27,08:00,12:00,11:24,,34.91
23527,2026-05-28,2026-05-28-AM-V1,5,FC,B2C,2,35,08:00,12:00,11:56,,34.91
23528,2026-05-28,2026-05-28-AM-V1,6,FC,B2C,4,27,08:00,12:00,12:32,,34.91
23529,2026-05-28,2026-05-28-AM-V1,7,FC,B2C,2,42,08:00,12:00,13:13,,34.91
23530,2026-05-28,2026-05-28-PM-V1,1,BO,B2C,5,54,14:00,18:00,15:53,,47.7
23531,2026-05-28,2026-05-28-PM-V1,2,BO,B2C,5,82,14:00,18:00,16:38,,47.7
23532,2026-05-28,2026-05-28-PM-V1,3,BO,B2C,6,53,14:00,18:00,17:39,,47.7
23533,2026-05-28,2026-05-28-PM-V1,4,BO,B2C,3,82,14:00,18:00,18:35,,47.7
23534,2026-05-28,2026-05-28-PM-V1,5,BO,B2C,6,63,14:00,18:00,19:11,missing_item,47.7
23535,2026-05-28,2026-05-28-AM-V2,1,FE,B2B,6,83,08:00,10:00,09:36,,56.93
23536,2026-05-28,2026-05-28-AM-V2,2,FE,B2C,5,77,08:00,12:00,10:21,,56.93
23537,2026-05-28,2026-05-28-AM-V2,3,FE,B2C,5,104,08:00,12:00,11:10,,56.93
23538,2026-05-28,2026-05-28-AM-V2,4,FE,B2C,3,87,08:00,12:00,12:04,,56.93
23539,2026-05-28,2026-05-28-AM-V2,5,FE,B2C,3,90,08:00,12:00,12:56,,56.93
23540,2026-05-28,2026-05-28-AM-V3,1,FE,B2B,8,63,08:00,10:00,09:21,,59.46
23541,2026-05-28,2026-05-28-AM-V3,2,FE,B2B,5,82,08:00,10:00,10:00,,59.46
23542,2026-05-28,2026-05-28-AM-V3,3,FE,B2B,6,62,08:00,10:00,10:40,,59.46
23543,2026-05-28,2026-05-28-AM-V3,4,FE,B2C,3,60,08:00,12:00,11:23,,59.46
23544,2026-05-28,2026-05-28-PM-V3,1,FC,B2B,5,32,14:00,16:00,14:33,,35.37
23545,2026-05-28,2026-05-28-PM-V3,2,FC,B2B,3,39,14:00,16:00,15:10,,35.37
23546,2026-05-28,2026-05-28-PM-V3,3,FC,B2C,3,37,14:00,18:00,15:47,,35.37
23547,2026-05-28,2026-05-28-PM-V3,4,FC,B2C,1,56,14:00,18:00,16:37,,35.37
23548,2026-05-28,2026-05-28-PM-V3,5,FC,B2C,1,41,14:00,18:00,17:13,transport_damage,35.37
23549,2026-05-28,2026-05-28-PM-V3,6,FC,B2C,2,31,14:00,18:00,17:57,transport_damage,35.37
23550,2026-05-28,2026-05-28-PM-V3,7,FC,B2C,3,60,14:00,18:00,18:40,,35.37
23551,2026-05-29,2026-05-29-AM-V1,1,FC,B2B,3,32,08:00,10:00,08:43,,30.91
23552,2026-05-29,2026-05-29-AM-V1,2,FC,B2B,5,41,08:00,10:00,09:06,,30.91
23553,2026-05-29,2026-05-29-AM-V1,3,FC,B2C,2,31,08:00,12:00,09:34,,30.91
23554,2026-05-29,2026-05-29-AM-V1,4,FC,B2C,3,27,08:00,12:00,10:02,,30.91
23555,2026-05-29,2026-05-29-AM-V1,5,FC,B2C,2,53,08:00,12:00,10:39,,30.91
23556,2026-05-29,2026-05-29-AM-V1,6,FC,B2C,2,30,08:00,12:00,11:13,,30.91
23557,2026-05-29,2026-05-29-AM-V1,7,FC,B2C,4,43,08:00,12:00,11:51,,30.91
23558,2026-05-29,2026-05-29-PM-V1,1,RN,B2B,10,58,14:00,16:00,14:59,,49.13
23559,2026-05-29,2026-05-29-PM-V1,2,RN,B2C,5,70,14:00,18:00,15:34,,49.13
23560,2026-05-29,2026-05-29-PM-V1,3,RN,B2C,3,68,14:00,18:00,16:23,,49.13
23561,2026-05-29,2026-05-29-PM-V1,4,RN,B2C,4,48,14:00,18:00,16:55,,49.13
23562,2026-05-29,2026-05-29-PM-V1,5,RN,B2C,5,80,14:00,18:00,17:43,,49.13
23563,2026-05-29,2026-05-29-AM-V2,1,RA-city,B2B,4,18,08:00,10:00,08:24,,18.63
23564,2026-05-29,2026-05-29-AM-V2,2,RA-city,B2B,8,12,08:00,10:00,08:50,,18.63
23565,2026-05-29,2026-05-29-AM-V2,3,RA-city,B2B,5,5,08:00,10:00,09:17,,18.63
23566,2026-05-29,2026-05-29-AM-V2,4,RA-city,B2B,8,9,08:00,10:00,09:36,,18.63
23567,2026-05-29,2026-05-29-AM-V2,5,RA-city,B2C,2,10,08:00,12:00,10:04,,18.63
23568,2026-05-29,2026-05-29-AM-V2,6,RA-city,B2C,4,20,08:00,12:00,10:29,,18.63
23569,2026-05-29,2026-05-29-AM-V2,7,RA-city,B2C,4,5,08:00,12:00,11:05,,18.63
23570,2026-05-29,2026-05-29-AM-V2,8,RA-city,B2C,2,17,08:00,12:00,11:38,,18.63
23571,2026-05-29,2026-05-29-AM-V2,9,RA-city,B2C,4,8,08:00,12:00,12:02,,18.63
23572,2026-05-29,2026-05-29-PM-V2,1,RA-city,B2B,8,13,14:00,16:00,14:18,,19.93
23573,2026-05-29,2026-05-29-PM-V2,2,RA-city,B2B,8,20,14:00,16:00,14:48,missing_item,19.93
23574,2026-05-29,2026-05-29-PM-V2,3,RA-city,B2C,1,9,14:00,18:00,15:26,,19.93
23575,2026-05-29,2026-05-29-PM-V2,4,RA-city,B2C,3,19,14:00,18:00,15:50,,19.93
23576,2026-05-29,2026-05-29-PM-V2,5,RA-city,B2C,4,6,14:00,18:00,16:25,,19.93
23577,2026-05-29,2026-05-29-PM-V2,6,RA-city,B2C,3,18,14:00,18:00,17:01,missing_item,19.93
23578,2026-05-29,2026-05-29-PM-V2,7,RA-city,B2C,1,13,14:00,18:00,17:45,,19.93
23579,2026-05-29,2026-05-29-PM-V2,8,RA-city,B2C,1,8,14:00,18:00,18:07,,19.93
23580,2026-05-29,2026-05-29-PM-V2,9,RA-city,B2C,2,18,14:00,18:00,18:31,,19.93
23581,2026-05-29,2026-05-29-AM-V3,1,BO,B2B,4,54,08:00,10:00,09:03,,59.14
23582,2026-05-29,2026-05-29-AM-V3,2,BO,B2B,10,84,08:00,10:00,09:29,,59.14
23583,2026-05-29,2026-05-29-AM-V3,3,BO,B2B,8,86,08:00,10:00,10:13,,59.14
23584,2026-05-29,2026-05-29-AM-V3,4,BO,B2C,4,72,08:00,12:00,10:54,,59.14
23585,2026-05-29,2026-05-29-PM-V3,1,RA-city,B2B,5,12,14:00,16:00,14:17,,19.86
23586,2026-05-29,2026-05-29-PM-V3,2,RA-city,B2C,3,18,14:00,18:00,14:41,,19.86
23587,2026-05-29,2026-05-29-PM-V3,3,RA-city,B2C,3,5,14:00,18:00,15:15,,19.86
23588,2026-05-29,2026-05-29-PM-V3,4,RA-city,B2C,3,15,14:00,18:00,15:47,,19.86
23589,2026-05-29,2026-05-29-PM-V3,5,RA-city,B2C,4,11,14:00,18:00,16:17,,19.86
23590,2026-05-29,2026-05-29-PM-V3,6,RA-city,B2C,4,15,14:00,18:00,16:54,,19.86
23591,2026-05-29,2026-05-29-PM-V3,7,RA-city,B2C,3,9,14:00,18:00,17:33,,19.86
23592,2026-05-29,2026-05-29-PM-V3,8,RA-city,B2C,4,12,14:00,18:00,18:04,,19.86
23593,2026-05-29,2026-05-29-PM-V3,9,RA-city,B2C,2,15,14:00,18:00,18:43,,19.86
23594,2026-05-30,2026-05-30-AM-V1,1,RA-city,B2B,8,19,08:00,10:00,08:23,,23.86
23595,2026-05-30,2026-05-30-AM-V1,2,RA-city,B2B,5,9,08:00,10:00,08:51,,23.86
23596,2026-05-30,2026-05-30-AM-V1,3,RA-city,B2C,1,19,08:00,12:00,09:12,,23.86
23597,2026-05-30,2026-05-30-AM-V1,4,RA-city,B2C,1,20,08:00,12:00,09:31,,23.86
23598,2026-05-30,2026-05-30-AM-V1,5,RA-city,B2C,4,18,08:00,12:00,09:51,,23.86
23599,2026-05-30,2026-05-30-AM-V1,6,RA-city,B2C,4,11,08:00,12:00,10:26,,23.86
23600,2026-05-30,2026-05-30-AM-V1,7,RA-city,B2C,1,17,08:00,12:00,11:01,,23.86
23601,2026-05-30,2026-05-30-PM-V1,1,RA-city,B2B,4,19,14:00,16:00,14:21,,21.52
23602,2026-05-30,2026-05-30-PM-V1,2,RA-city,B2B,4,9,14:00,16:00,14:39,,21.52
23603,2026-05-30,2026-05-30-PM-V1,3,RA-city,B2B,6,5,14:00,16:00,15:03,,21.52
23604,2026-05-30,2026-05-30-PM-V1,4,RA-city,B2B,4,7,14:00,16:00,15:27,,21.52
23605,2026-05-30,2026-05-30-PM-V1,5,RA-city,B2C,3,13,14:00,18:00,15:48,,21.52
23606,2026-05-30,2026-05-30-PM-V1,6,RA-city,B2C,2,14,14:00,18:00,16:18,,21.52
23607,2026-05-30,2026-05-30-PM-V1,7,RA-city,B2C,4,8,14:00,18:00,16:44,,21.52
23608,2026-05-30,2026-05-30-PM-V1,8,RA-city,B2C,1,14,14:00,18:00,17:22,,21.52
23609,2026-05-30,2026-05-30-AM-V2,1,BO,B2C,3,85,08:00,12:00,09:24,,53.68
23610,2026-05-30,2026-05-30-AM-V2,2,BO,B2C,3,58,08:00,12:00,10:06,,53.68
23611,2026-05-30,2026-05-30-AM-V2,3,BO,B2C,5,61,08:00,12:00,10:42,,53.68
23612,2026-05-30,2026-05-30-AM-V2,4,BO,B2C,4,62,08:00,12:00,11:25,,53.68
23613,2026-05-30,2026-05-30-AM-V2,5,BO,B2C,2,86,08:00,12:00,12:12,,53.68
23614,2026-05-30,2026-05-30-PM-V2,1,RA-city,B2B,3,13,14:00,16:00,14:45,,23.95
23615,2026-05-30,2026-05-30-PM-V2,2,RA-city,B2B,8,15,14:00,16:00,15:02,,23.95
23616,2026-05-30,2026-05-30-PM-V2,3,RA-city,B2C,2,5,14:00,18:00,15:30,,23.95
23617,2026-05-30,2026-05-30-PM-V2,4,RA-city,B2C,3,6,14:00,18:00,15:54,,23.95
23618,2026-05-30,2026-05-30-PM-V2,5,RA-city,B2C,2,13,14:00,18:00,16:25,,23.95
23619,2026-05-30,2026-05-30-PM-V2,6,RA-city,B2C,2,18,14:00,18:00,16:52,,23.95
23620,2026-05-30,2026-05-30-PM-V2,7,RA-city,B2C,2,20,14:00,18:00,17:17,,23.95
23621,2026-05-30,2026-05-30-AM-V3,1,BO,B2C,3,50,08:00,12:00,08:55,,49.78
23622,2026-05-30,2026-05-30-AM-V3,2,BO,B2C,6,81,08:00,12:00,09:38,,49.78
23623,2026-05-30,2026-05-30-AM-V3,3,BO,B2C,6,63,08:00,12:00,10:38,,49.78
23624,2026-05-30,2026-05-30-AM-V3,4,BO,B2C,2,58,08:00,12:00,11:41,,49.78
23625,2026-05-30,2026-05-30-AM-V3,5,BO,B2C,3,74,08:00,12:00,12:23,,49.78
23626,2026-05-30,2026-05-30-PM-V3,1,FE,B2B,9,110,14:00,16:00,16:22,,92.5
23627,2026-05-30,2026-05-30-PM-V3,2,FE,B2C,6,94,14:00,18:00,17:04,,92.5
23628,2026-05-30,2026-05-30-PM-V3,3,FE,B2C,4,97,14:00,18:00,17:56,,92.5
23629,2026-05-31,2026-05-31-AM-V1,1,BO,B2C,5,77,08:00,12:00,09:39,,65.64
23630,2026-05-31,2026-05-31-AM-V1,2,BO,B2C,2,78,08:00,12:00,10:26,,65.64
23631,2026-05-31,2026-05-31-AM-V1,3,BO,B2C,4,62,08:00,12:00,11:05,,65.64
23632,2026-05-31,2026-05-31-AM-V1,4,BO,B2C,4,89,08:00,12:00,11:59,,65.64
23633,2026-05-31,2026-05-31-PM-V1,1,RA-province,B2C,1,33,14:00,18:00,15:01,transport_damage,29.06
23634,2026-05-31,2026-05-31-PM-V1,2,RA-province,B2C,2,22,14:00,18:00,15:37,,29.06
23635,2026-05-31,2026-05-31-PM-V1,3,RA-province,B2C,1,40,14:00,18:00,16:10,,29.06
23636,2026-05-31,2026-05-31-PM-V1,4,RA-province,B2C,4,45,14:00,18:00,16:35,,29.06
23637,2026-05-31,2026-05-31-PM-V1,5,RA-province,B2C,3,38,14:00,18:00,17:20,,29.06
23638,2026-05-31,2026-05-31-PM-V1,6,RA-province,B2C,4,22,14:00,18:00,17:58,,29.06
23639,2026-05-31,2026-05-31-PM-V1,7,RA-province,B2C,4,23,14:00,18:00,18:39,,29.06
23640,2026-05-31,2026-05-31-AM-V2,1,RA-city,B2B,4,11,08:00,10:00,08:15,,21.44
23641,2026-05-31,2026-05-31-AM-V2,2,RA-city,B2B,5,12,08:00,10:00,08:34,,21.44
23642,2026-05-31,2026-05-31-AM-V2,3,RA-city,B2B,8,15,08:00,10:00,08:57,,21.44
23643,2026-05-31,2026-05-31-AM-V2,4,RA-city,B2B,6,15,08:00,10:00,09:27,missing_item,21.44
23644,2026-05-31,2026-05-31-AM-V2,5,RA-city,B2B,6,18,08:00,10:00,10:05,,21.44
23645,2026-05-31,2026-05-31-AM-V2,6,RA-city,B2B,8,11,08:00,10:00,10:28,,21.44
23646,2026-05-31,2026-05-31-AM-V2,7,RA-city,B2C,1,7,08:00,12:00,11:01,,21.44
23647,2026-05-31,2026-05-31-AM-V2,8,RA-city,B2C,3,16,08:00,12:00,11:23,,21.44
23648,2026-05-31,2026-05-31-PM-V2,1,BO,B2B,9,88,14:00,16:00,16:09,,56.15
23649,2026-05-31,2026-05-31-PM-V2,2,BO,B2C,3,61,14:00,18:00,16:50,,56.15
23650,2026-05-31,2026-05-31-PM-V2,3,BO,B2C,5,75,14:00,18:00,17:29,,56.15
23651,2026-05-31,2026-05-31-PM-V2,4,BO,B2C,2,65,14:00,18:00,18:26,,56.15
23652,2026-05-31,2026-05-31-PM-V2,5,BO,B2C,5,88,14:00,18:00,19:04,,56.15
23653,2026-05-31,2026-05-31-AM-V3,1,BO,B2B,4,51,08:00,10:00,08:55,,61.09
23654,2026-05-31,2026-05-31-AM-V3,2,BO,B2B,4,69,08:00,10:00,09:24,,61.09
23655,2026-05-31,2026-05-31-AM-V3,3,BO,B2C,6,67,08:00,12:00,09:53,,61.09
23656,2026-05-31,2026-05-31-AM-V3,4,BO,B2C,6,86,08:00,12:00,10:52,,61.09
23657,2026-05-31,2026-05-31-PM-V3,1,FC,B2C,4,41,14:00,18:00,15:02,,32.03
23658,2026-05-31,2026-05-31-PM-V3,2,FC,B2C,4,60,14:00,18:00,15:51,,32.03
23659,2026-05-31,2026-05-31-PM-V3,3,FC,B2C,2,58,14:00,18:00,16:39,,32.03
23660,2026-05-31,2026-05-31-PM-V3,4,FC,B2C,4,48,14:00,18:00,17:14,,32.03
23661,2026-05-31,2026-05-31-PM-V3,5,FC,B2C,2,42,14:00,18:00,17:55,,32.03
23662,2026-05-31,2026-05-31-PM-V3,6,FC,B2C,2,33,14:00,18:00,18:39,,32.03
23663,2026-05-31,2026-05-31-PM-V3,7,FC,B2C,4,35,14:00,18:00,19:08,,32.03
23664,2026-06-03,2026-06-03-AM-V1,1,RA-province,B2B,8,37,08:00,10:00,08:38,,26.24
23665,2026-06-03,2026-06-03-AM-V1,2,RA-province,B2C,4,24,08:00,12:00,09:08,,26.24
23666,2026-06-03,2026-06-03-AM-V1,3,RA-province,B2C,2,37,08:00,12:00,09:57,,26.24
23667,2026-06-03,2026-06-03-AM-V1,4,RA-province,B2C,4,29,08:00,12:00,10:38,,26.24
23668,2026-06-03,2026-06-03-AM-V1,5,RA-province,B2C,3,38,08:00,12:00,11:15,,26.24
23669,2026-06-03,2026-06-03-AM-V1,6,RA-province,B2C,2,29,08:00,12:00,11:47,,26.24
23670,2026-06-03,2026-06-03-AM-V1,7,RA-province,B2C,3,44,08:00,12:00,12:15,,26.24
23671,2026-06-03,2026-06-03-AM-V1,8,RA-province,B2C,1,24,08:00,12:00,12:56,,26.24
23672,2026-06-03,2026-06-03-PM-V1,1,RA-province,B2C,1,15,14:00,18:00,14:18,,28.87
23673,2026-06-03,2026-06-03-PM-V1,2,RA-province,B2C,3,39,14:00,18:00,14:51,,28.87
23674,2026-06-03,2026-06-03-PM-V1,3,RA-province,B2C,2,44,14:00,18:00,15:24,,28.87
23675,2026-06-03,2026-06-03-PM-V1,4,RA-province,B2C,2,17,14:00,18:00,15:55,,28.87
23676,2026-06-03,2026-06-03-PM-V1,5,RA-province,B2C,2,23,14:00,18:00,16:34,,28.87
23677,2026-06-03,2026-06-03-PM-V1,6,RA-province,B2C,4,19,14:00,18:00,17:04,,28.87
23678,2026-06-03,2026-06-03-PM-V1,7,RA-province,B2C,1,44,14:00,18:00,17:44,,28.87
23679,2026-06-03,2026-06-03-AM-V2,1,FE,B2B,7,88,08:00,10:00,09:33,,89.25
23680,2026-06-03,2026-06-03-AM-V2,2,FE,B2C,6,98,08:00,12:00,10:05,,89.25
23681,2026-06-03,2026-06-03-AM-V2,3,FE,B2C,6,103,08:00,12:00,11:06,,89.25
23682,2026-06-03,2026-06-03-PM-V2,1,FC,B2B,3,48,14:00,16:00,15:06,,37.04
23683,2026-06-03,2026-06-03-PM-V2,2,FC,B2C,4,52,14:00,18:00,15:42,,37.04
23684,2026-06-03,2026-06-03-PM-V2,3,FC,B2C,1,58,14:00,18:00,16:29,,37.04
23685,2026-06-03,2026-06-03-PM-V2,4,FC,B2C,2,44,14:00,18:00,17:09,,37.04
23686,2026-06-03,2026-06-03-PM-V2,5,FC,B2C,3,28,14:00,18:00,17:53,,37.04
23687,2026-06-03,2026-06-03-PM-V2,6,FC,B2C,1,27,14:00,18:00,18:40,,37.04
23688,2026-06-03,2026-06-03-PM-V2,7,FC,B2C,1,60,14:00,18:00,19:18,,37.04
23689,2026-06-03,2026-06-03-AM-V3,1,RA-city,B2B,8,20,08:00,10:00,08:20,,21.93
23690,2026-06-03,2026-06-03-AM-V3,2,RA-city,B2B,4,9,08:00,10:00,08:49,,21.93
23691,2026-06-03,2026-06-03-AM-V3,3,RA-city,B2B,3,19,08:00,10:00,09:13,,21.93
23692,2026-06-03,2026-06-03-AM-V3,4,RA-city,B2B,8,5,08:00,10:00,09:30,,21.93
23693,2026-06-03,2026-06-03-AM-V3,5,RA-city,B2C,4,10,08:00,12:00,09:57,,21.93
23694,2026-06-03,2026-06-03-AM-V3,6,RA-city,B2C,3,18,08:00,12:00,10:33,,21.93
23695,2026-06-03,2026-06-03-AM-V3,7,RA-city,B2C,4,13,08:00,12:00,11:06,,21.93
23696,2026-06-03,2026-06-03-AM-V3,8,RA-city,B2C,1,13,08:00,12:00,11:43,,21.93
23697,2026-06-03,2026-06-03-PM-V3,1,FC,B2B,3,43,14:00,16:00,14:42,,37.04
23698,2026-06-03,2026-06-03-PM-V3,2,FC,B2B,5,34,14:00,16:00,15:03,,37.04
23699,2026-06-03,2026-06-03-PM-V3,3,FC,B2C,3,27,14:00,18:00,15:38,,37.04
23700,2026-06-03,2026-06-03-PM-V3,4,FC,B2C,4,41,14:00,18:00,16:11,,37.04
23701,2026-06-03,2026-06-03-PM-V3,5,FC,B2C,2,52,14:00,18:00,16:50,,37.04
23702,2026-06-03,2026-06-03-PM-V3,6,FC,B2C,4,43,14:00,18:00,17:31,,37.04
23703,2026-06-04,2026-06-04-AM-V1,1,RN,B2B,8,50,08:00,10:00,09:12,,56.54
23704,2026-06-04,2026-06-04-AM-V1,2,RN,B2C,3,50,08:00,12:00,09:43,,56.54
23705,2026-06-04,2026-06-04-AM-V1,3,RN,B2C,5,73,08:00,12:00,10:19,transport_damage,56.54
23706,2026-06-04,2026-06-04-AM-V1,4,RN,B2C,4,75,08:00,12:00,11:17,,56.54
23707,2026-06-04,2026-06-04-PM-V1,1,FC,B2B,8,56,14:00,16:00,15:00,,35.28
23708,2026-06-04,2026-06-04-PM-V1,2,FC,B2B,8,51,14:00,16:00,15:38,,35.28
23709,2026-06-04,2026-06-04-PM-V1,3,FC,B2B,8,33,14:00,16:00,16:19,,35.28
23710,2026-06-04,2026-06-04-PM-V1,4,FC,B2C,1,55,14:00,18:00,16:54,,35.28
23711,2026-06-04,2026-06-04-PM-V1,5,FC,B2C,1,60,14:00,18:00,17:25,,35.28
23712,2026-06-04,2026-06-04-PM-V1,6,FC,B2C,2,42,14:00,18:00,17:51,,35.28
23713,2026-06-04,2026-06-04-PM-V1,7,FC,B2C,3,43,14:00,18:00,18:27,,35.28
23714,2026-06-04,2026-06-04-AM-V2,1,FE,B2B,9,72,08:00,10:00,09:48,refused,66.45
23715,2026-06-04,2026-06-04-AM-V2,2,FE,B2C,5,63,08:00,12:00,10:44,,66.45
23716,2026-06-04,2026-06-04-AM-V2,3,FE,B2C,4,97,08:00,12:00,11:35,,66.45
23717,2026-06-04,2026-06-04-AM-V2,4,FE,B2C,2,91,08:00,12:00,12:28,,66.45
23718,2026-06-04,2026-06-04-PM-V2,1,FC,B2B,6,59,14:00,16:00,16:08,missing_item,36.39
23719,2026-06-04,2026-06-04-PM-V2,2,FC,B2B,6,40,14:00,16:00,17:03,,36.39
23720,2026-06-04,2026-06-04-PM-V2,3,FC,B2B,5,48,14:00,16:00,17:41,,36.39
23721,2026-06-04,2026-06-04-PM-V2,4,FC,B2C,1,51,14:00,18:00,18:15,,36.39
23722,2026-06-04,2026-06-04-PM-V2,5,FC,B2C,4,37,14:00,18:00,18:41,,36.39
23723,2026-06-04,2026-06-04-PM-V2,6,FC,B2C,2,36,14:00,18:00,19:37,,36.39
23724,2026-06-04,2026-06-04-PM-V2,7,FC,B2C,3,39,14:00,18:00,20:20,,36.39
23725,2026-06-04,2026-06-04-AM-V3,1,RA-province,B2B,4,27,08:00,10:00,08:39,,32.17
23726,2026-06-04,2026-06-04-AM-V3,2,RA-province,B2B,5,38,08:00,10:00,09:11,,32.17
23727,2026-06-04,2026-06-04-AM-V3,3,RA-province,B2B,6,45,08:00,10:00,09:43,,32.17
23728,2026-06-04,2026-06-04-AM-V3,4,RA-province,B2C,4,35,08:00,12:00,10:13,,32.17
23729,2026-06-04,2026-06-04-AM-V3,5,RA-province,B2C,1,33,08:00,12:00,10:51,,32.17
23730,2026-06-04,2026-06-04-AM-V3,6,RA-province,B2C,4,21,08:00,12:00,11:19,,32.17
23731,2026-06-04,2026-06-04-PM-V3,1,RA-city,B2B,3,6,14:00,16:00,14:09,,20.14
23732,2026-06-04,2026-06-04-PM-V3,2,RA-city,B2B,4,16,14:00,16:00,14:24,transport_damage,20.14
23733,2026-06-04,2026-06-04-PM-V3,3,RA-city,B2C,4,14,14:00,18:00,14:57,,20.14
23734,2026-06-04,2026-06-04-PM-V3,4,RA-city,B2C,4,7,14:00,18:00,15:34,,20.14
23735,2026-06-04,2026-06-04-PM-V3,5,RA-city,B2C,2,5,14:00,18:00,16:15,,20.14
23736,2026-06-04,2026-06-04-PM-V3,6,RA-city,B2C,1,19,14:00,18:00,16:38,,20.14
23737,2026-06-04,2026-06-04-PM-V3,7,RA-city,B2C,4,19,14:00,18:00,16:59,,20.14
23738,2026-06-04,2026-06-04-PM-V3,8,RA-city,B2C,3,11,14:00,18:00,17:36,,20.14
23739,2026-06-05,2026-06-05-AM-V1,1,RA-province,B2B,6,44,08:00,10:00,08:48,,27.05
23740,2026-06-05,2026-06-05-AM-V1,2,RA-province,B2B,5,39,08:00,10:00,09:13,,27.05
23741,2026-06-05,2026-06-05-AM-V1,3,RA-province,B2B,4,35,08:00,10:00,09:45,,27.05
23742,2026-06-05,2026-06-05-AM-V1,4,RA-province,B2B,8,31,08:00,10:00,10:20,,27.05
23743,2026-06-05,2026-06-05-AM-V1,5,RA-province,B2C,4,21,08:00,12:00,10:53,,27.05
23744,2026-06-05,2026-06-05-AM-V1,6,RA-province,B2C,2,38,08:00,12:00,11:35,,27.05
23745,2026-06-05,2026-06-05-AM-V1,7,RA-province,B2C,4,37,08:00,12:00,12:07,,27.05
23746,2026-06-05,2026-06-05-AM-V1,8,RA-province,B2C,1,24,08:00,12:00,12:44,,27.05
23747,2026-06-05,2026-06-05-PM-V1,1,FE,B2B,9,94,14:00,16:00,15:42,,61.22
23748,2026-06-05,2026-06-05-PM-V1,2,FE,B2C,2,79,14:00,18:00,16:31,,61.22
23749,2026-06-05,2026-06-05-PM-V1,3,FE,B2C,4,65,14:00,18:00,17:09,,61.22
23750,2026-06-05,2026-06-05-PM-V1,4,FE,B2C,5,90,14:00,18:00,18:05,,61.22
23751,2026-06-05,2026-06-05-PM-V1,5,FE,B2C,5,100,14:00,18:00,19:11,,61.22
23752,2026-06-05,2026-06-05-AM-V2,1,RA-province,B2B,5,24,08:00,10:00,08:36,,34.12
23753,2026-06-05,2026-06-05-AM-V2,2,RA-province,B2B,5,19,08:00,10:00,09:07,,34.12
23754,2026-06-05,2026-06-05-AM-V2,3,RA-province,B2C,3,16,08:00,12:00,09:37,,34.12
23755,2026-06-05,2026-06-05-AM-V2,4,RA-province,B2C,1,43,08:00,12:00,10:16,,34.12
23756,2026-06-05,2026-06-05-AM-V2,5,RA-province,B2C,4,23,08:00,12:00,10:45,,34.12
23757,2026-06-05,2026-06-05-AM-V2,6,RA-province,B2C,1,40,08:00,12:00,11:24,,34.12
23758,2026-06-05,2026-06-05-PM-V2,1,FE,B2B,5,96,14:00,16:00,15:44,,61.61
23759,2026-06-05,2026-06-05-PM-V2,2,FE,B2B,4,108,14:00,16:00,16:29,,61.61
23760,2026-06-05,2026-06-05-PM-V2,3,FE,B2C,2,68,14:00,18:00,17:09,,61.61
23761,2026-06-05,2026-06-05-PM-V2,4,FE,B2C,3,61,14:00,18:00,17:49,,61.61
23762,2026-06-05,2026-06-05-PM-V2,5,FE,B2C,2,102,14:00,18:00,18:41,,61.61
23763,2026-06-05,2026-06-05-AM-V3,1,BO,B2B,4,70,08:00,10:00,09:33,,48.61
23764,2026-06-05,2026-06-05-AM-V3,2,BO,B2B,9,58,08:00,10:00,10:02,,48.61
23765,2026-06-05,2026-06-05-AM-V3,3,BO,B2C,6,80,08:00,12:00,10:37,missing_item,48.61
23766,2026-06-05,2026-06-05-AM-V3,4,BO,B2C,4,59,08:00,12:00,11:42,,48.61
23767,2026-06-05,2026-06-05-AM-V3,5,BO,B2C,5,60,08:00,12:00,12:30,,48.61
23768,2026-06-05,2026-06-05-PM-V3,1,FC,B2B,5,58,14:00,16:00,15:38,,37.26
23769,2026-06-05,2026-06-05-PM-V3,2,FC,B2B,7,31,14:00,16:00,16:10,,37.26
23770,2026-06-05,2026-06-05-PM-V3,3,FC,B2C,3,32,14:00,18:00,16:42,,37.26
23771,2026-06-05,2026-06-05-PM-V3,4,FC,B2C,2,43,14:00,18:00,17:30,,37.26
23772,2026-06-05,2026-06-05-PM-V3,5,FC,B2C,1,42,14:00,18:00,18:00,,37.26
23773,2026-06-05,2026-06-05-PM-V3,6,FC,B2C,4,33,14:00,18:00,18:27,,37.26
23774,2026-06-06,2026-06-06-AM-V1,1,RA-province,B2B,4,33,08:00,10:00,08:43,,28.19
23775,2026-06-06,2026-06-06-AM-V1,2,RA-province,B2B,6,31,08:00,10:00,09:12,,28.19
23776,2026-06-06,2026-06-06-AM-V1,3,RA-province,B2C,3,38,08:00,12:00,09:44,,28.19
23777,2026-06-06,2026-06-06-AM-V1,4,RA-province,B2C,2,36,08:00,12:00,10:29,,28.19
23778,2026-06-06,2026-06-06-AM-V1,5,RA-province,B2C,2,39,08:00,12:00,10:58,,28.19
23779,2026-06-06,2026-06-06-AM-V1,6,RA-province,B2C,3,15,08:00,12:00,11:37,,28.19
23780,2026-06-06,2026-06-06-AM-V1,7,RA-province,B2C,1,44,08:00,12:00,12:11,,28.19
23781,2026-06-06,2026-06-06-AM-V1,8,RA-province,B2C,3,39,08:00,12:00,12:38,,28.19
23782,2026-06-06,2026-06-06-PM-V1,1,RA-province,B2B,7,19,14:00,16:00,14:30,,30.65
23783,2026-06-06,2026-06-06-PM-V1,2,RA-province,B2B,8,22,14:00,16:00,15:02,,30.65
23784,2026-06-06,2026-06-06-PM-V1,3,RA-province,B2C,2,45,14:00,18:00,15:30,,30.65
23785,2026-06-06,2026-06-06-PM-V1,4,RA-province,B2C,1,36,14:00,18:00,15:58,,30.65
23786,2026-06-06,2026-06-06-PM-V1,5,RA-province,B2C,4,43,14:00,18:00,16:24,,30.65
23787,2026-06-06,2026-06-06-PM-V1,6,RA-province,B2C,3,22,14:00,18:00,17:06,,30.65
23788,2026-06-06,2026-06-06-AM-V2,1,BO,B2B,5,76,08:00,10:00,09:24,,49.52
23789,2026-06-06,2026-06-06-AM-V2,2,BO,B2C,3,69,08:00,12:00,09:49,,49.52
23790,2026-06-06,2026-06-06-AM-V2,3,BO,B2C,6,86,08:00,12:00,10:27,,49.52
23791,2026-06-06,2026-06-06-AM-V2,4,BO,B2C,6,65,08:00,12:00,11:18,,49.52
23792,2026-06-06,2026-06-06-AM-V2,5,BO,B2C,5,64,08:00,12:00,12:21,,49.52
23793,2026-06-06,2026-06-06-PM-V2,1,RA-province,B2B,8,17,14:00,16:00,14:48,,27.39
23794,2026-06-06,2026-06-06-PM-V2,2,RA-province,B2B,7,29,14:00,16:00,15:18,,27.39
23795,2026-06-06,2026-06-06-PM-V2,3,RA-province,B2C,3,37,14:00,18:00,15:50,,27.39
23796,2026-06-06,2026-06-06-PM-V2,4,RA-province,B2C,2,33,14:00,18:00,16:25,,27.39
23797,2026-06-06,2026-06-06-PM-V2,5,RA-province,B2C,2,20,14:00,18:00,16:54,,27.39
23798,2026-06-06,2026-06-06-PM-V2,6,RA-province,B2C,4,29,14:00,18:00,17:31,,27.39
23799,2026-06-06,2026-06-06-PM-V2,7,RA-province,B2C,4,26,14:00,18:00,18:08,,27.39
23800,2026-06-06,2026-06-06-AM-V3,1,BO,B2B,7,57,08:00,10:00,09:20,,62.39
23801,2026-06-06,2026-06-06-AM-V3,2,BO,B2C,6,52,08:00,12:00,09:59,,62.39
23802,2026-06-06,2026-06-06-AM-V3,3,BO,B2C,2,81,08:00,12:00,10:53,,62.39
23803,2026-06-06,2026-06-06-AM-V3,4,BO,B2C,4,85,08:00,12:00,11:36,,62.39
23804,2026-06-06,2026-06-06-PM-V3,1,FC,B2B,6,48,14:00,16:00,14:50,,39.1
23805,2026-06-06,2026-06-06-PM-V3,2,FC,B2C,3,27,14:00,18:00,15:21,,39.1
23806,2026-06-06,2026-06-06-PM-V3,3,FC,B2C,2,53,14:00,18:00,16:05,,39.1
23807,2026-06-06,2026-06-06-PM-V3,4,FC,B2C,4,52,14:00,18:00,16:41,,39.1
23808,2026-06-06,2026-06-06-PM-V3,5,FC,B2C,1,42,14:00,18:00,17:28,,39.1
23809,2026-06-06,2026-06-06-PM-V3,6,FC,B2C,4,37,14:00,18:00,18:06,,39.1
23810,2026-06-07,2026-06-07-AM-V1,1,RA-province,B2B,3,22,08:00,10:00,08:33,,32.06
23811,2026-06-07,2026-06-07-AM-V1,2,RA-province,B2B,3,27,08:00,10:00,08:59,,32.06
23812,2026-06-07,2026-06-07-AM-V1,3,RA-province,B2B,6,33,08:00,10:00,09:24,,32.06
23813,2026-06-07,2026-06-07-AM-V1,4,RA-province,B2B,7,36,08:00,10:00,09:53,,32.06
23814,2026-06-07,2026-06-07-AM-V1,5,RA-province,B2C,4,44,08:00,12:00,10:28,,32.06
23815,2026-06-07,2026-06-07-AM-V1,6,RA-province,B2C,3,33,08:00,12:00,11:06,,32.06
23816,2026-06-07,2026-06-07-PM-V1,1,RA-province,B2B,8,22,14:00,16:00,14:25,,30.65
23817,2026-06-07,2026-06-07-PM-V1,2,RA-province,B2B,4,28,14:00,16:00,15:01,,30.65
23818,2026-06-07,2026-06-07-PM-V1,3,RA-province,B2B,5,44,14:00,16:00,15:27,,30.65
23819,2026-06-07,2026-06-07-PM-V1,4,RA-province,B2C,1,15,14:00,18:00,15:52,,30.65
23820,2026-06-07,2026-06-07-PM-V1,5,RA-province,B2C,1,27,14:00,18:00,16:14,,30.65
23821,2026-06-07,2026-06-07-PM-V1,6,RA-province,B2C,3,16,14:00,18:00,16:41,,30.65
23822,2026-06-07,2026-06-07-AM-V2,1,BO,B2B,7,69,08:00,10:00,09:26,,51.47
23823,2026-06-07,2026-06-07-AM-V2,2,BO,B2C,3,63,08:00,12:00,10:14,,51.47
23824,2026-06-07,2026-06-07-AM-V2,3,BO,B2C,5,58,08:00,12:00,11:04,,51.47
23825,2026-06-07,2026-06-07-AM-V2,4,BO,B2C,3,54,08:00,12:00,11:49,,51.47
23826,2026-06-07,2026-06-07-AM-V2,5,BO,B2C,2,64,08:00,12:00,12:39,,51.47
23827,2026-06-07,2026-06-07-PM-V2,1,FC,B2B,5,35,14:00,16:00,15:04,,34.98
23828,2026-06-07,2026-06-07-PM-V2,2,FC,B2B,4,35,14:00,16:00,15:46,,34.98
23829,2026-06-07,2026-06-07-PM-V2,3,FC,B2C,1,34,14:00,18:00,16:15,,34.98
23830,2026-06-07,2026-06-07-PM-V2,4,FC,B2C,4,40,14:00,18:00,16:49,,34.98
23831,2026-06-07,2026-06-07-PM-V2,5,FC,B2C,1,58,14:00,18:00,17:32,,34.98
23832,2026-06-07,2026-06-07-PM-V2,6,FC,B2C,4,31,14:00,18:00,17:57,,34.98
23833,2026-06-07,2026-06-07-AM-V3,1,RA-city,B2C,2,6,08:00,12:00,08:05,,23.76
23834,2026-06-07,2026-06-07-AM-V3,2,RA-city,B2C,4,6,08:00,12:00,08:32,,23.76
23835,2026-06-07,2026-06-07-AM-V3,3,RA-city,B2C,2,6,08:00,12:00,09:07,,23.76
23836,2026-06-07,2026-06-07-AM-V3,4,RA-city,B2C,1,9,08:00,12:00,09:39,,23.76
23837,2026-06-07,2026-06-07-AM-V3,5,RA-city,B2C,4,10,08:00,12:00,10:03,,23.76
23838,2026-06-07,2026-06-07-AM-V3,6,RA-city,B2C,2,17,08:00,12:00,10:38,,23.76
23839,2026-06-07,2026-06-07-AM-V3,7,RA-city,B2C,1,19,08:00,12:00,11:03,,23.76
23840,2026-06-07,2026-06-07-PM-V3,1,RA-city,B2B,5,14,14:00,16:00,14:13,,21.69
23841,2026-06-07,2026-06-07-PM-V3,2,RA-city,B2C,4,9,14:00,18:00,14:36,,21.69
23842,2026-06-07,2026-06-07-PM-V3,3,RA-city,B2C,2,14,14:00,18:00,15:16,,21.69
23843,2026-06-07,2026-06-07-PM-V3,4,RA-city,B2C,3,8,14:00,18:00,15:43,,21.69
23844,2026-06-07,2026-06-07-PM-V3,5,RA-city,B2C,4,6,14:00,18:00,16:16,,21.69
23845,2026-06-07,2026-06-07-PM-V3,6,RA-city,B2C,2,17,14:00,18:00,16:52,,21.69
23846,2026-06-07,2026-06-07-PM-V3,7,RA-city,B2C,1,12,14:00,18:00,17:22,,21.69
23847,2026-06-07,2026-06-07-PM-V3,8,RA-city,B2C,2,15,14:00,18:00,17:41,,21.69
23848,2026-06-10,2026-06-10-AM-V1,1,RA-city,B2C,4,19,08:00,12:00,08:21,,25.06
23849,2026-06-10,2026-06-10-AM-V1,2,RA-city,B2C,1,10,08:00,12:00,09:00,,25.06
23850,2026-06-10,2026-06-10-AM-V1,3,RA-city,B2C,4,11,08:00,12:00,09:20,,25.06
23851,2026-06-10,2026-06-10-AM-V1,4,RA-city,B2C,2,7,08:00,12:00,09:58,,25.06
23852,2026-06-10,2026-06-10-AM-V1,5,RA-city,B2C,1,16,08:00,12:00,10:27,,25.06
23853,2026-06-10,2026-06-10-AM-V1,6,RA-city,B2C,1,5,08:00,12:00,10:49,,25.06
23854,2026-06-10,2026-06-10-AM-V1,7,RA-city,B2C,4,17,08:00,12:00,11:14,,25.06
23855,2026-06-10,2026-06-10-PM-V1,1,RA-province,B2B,4,22,14:00,16:00,14:28,,28.41
23856,2026-06-10,2026-06-10-PM-V1,2,RA-province,B2B,7,29,14:00,16:00,14:52,,28.41
23857,2026-06-10,2026-06-10-PM-V1,3,RA-province,B2C,2,30,14:00,18:00,15:28,,28.41
23858,2026-06-10,2026-06-10-PM-V1,4,RA-province,B2C,1,43,14:00,18:00,16:00,,28.41
23859,2026-06-10,2026-06-10-PM-V1,5,RA-province,B2C,4,25,14:00,18:00,16:32,,28.41
23860,2026-06-10,2026-06-10-PM-V1,6,RA-province,B2C,3,20,14:00,18:00,17:09,,28.41
23861,2026-06-10,2026-06-10-PM-V1,7,RA-province,B2C,4,31,14:00,18:00,17:43,,28.41
23862,2026-06-10,2026-06-10-AM-V2,1,RA-city,B2B,5,11,08:00,10:00,08:12,,21.69
23863,2026-06-10,2026-06-10-AM-V2,2,RA-city,B2B,6,12,08:00,10:00,08:37,,21.69
23864,2026-06-10,2026-06-10-AM-V2,3,RA-city,B2B,5,5,08:00,10:00,09:02,,21.69
23865,2026-06-10,2026-06-10-AM-V2,4,RA-city,B2C,3,17,08:00,12:00,09:26,,21.69
23866,2026-06-10,2026-06-10-AM-V2,5,RA-city,B2C,4,16,08:00,12:00,09:56,,21.69
23867,2026-06-10,2026-06-10-AM-V2,6,RA-city,B2C,1,10,08:00,12:00,10:33,,21.69
23868,2026-06-10,2026-06-10-AM-V2,7,RA-city,B2C,3,17,08:00,12:00,10:56,,21.69
23869,2026-06-10,2026-06-10-AM-V2,8,RA-city,B2C,3,19,08:00,12:00,11:24,,21.69
23870,2026-06-10,2026-06-10-PM-V2,1,RN,B2B,10,76,14:00,16:00,15:20,,41.59
23871,2026-06-10,2026-06-10-PM-V2,2,RN,B2B,4,71,14:00,16:00,16:01,,41.59
23872,2026-06-10,2026-06-10-PM-V2,3,RN,B2C,3,73,14:00,18:00,16:23,,41.59
23873,2026-06-10,2026-06-10-PM-V2,4,RN,B2C,2,67,14:00,18:00,17:01,,41.59
23874,2026-06-10,2026-06-10-PM-V2,5,RN,B2C,5,67,14:00,18:00,17:32,,41.59
23875,2026-06-10,2026-06-10-PM-V2,6,RN,B2C,2,58,14:00,18:00,18:23,,41.59
23876,2026-06-10,2026-06-10-AM-V3,1,RA-city,B2B,7,19,08:00,10:00,08:19,missing_item,20.63
23877,2026-06-10,2026-06-10-AM-V3,2,RA-city,B2B,4,15,08:00,10:00,08:54,,20.63
23878,2026-06-10,2026-06-10-AM-V3,3,RA-city,B2B,6,5,08:00,10:00,09:15,,20.63
23879,2026-06-10,2026-06-10-AM-V3,4,RA-city,B2B,4,6,08:00,10:00,09:38,,20.63
23880,2026-06-10,2026-06-10-AM-V3,5,RA-city,B2C,3,20,08:00,12:00,09:58,,20.63
23881,2026-06-10,2026-06-10-AM-V3,6,RA-city,B2C,1,6,08:00,12:00,10:29,,20.63
23882,2026-06-10,2026-06-10-AM-V3,7,RA-city,B2C,1,13,08:00,12:00,10:48,,20.63
23883,2026-06-10,2026-06-10-AM-V3,8,RA-city,B2C,3,9,08:00,12:00,11:06,,20.63
23884,2026-06-10,2026-06-10-PM-V3,1,RA-province,B2B,7,24,14:00,16:00,14:25,,32.82
23885,2026-06-10,2026-06-10-PM-V3,2,RA-province,B2B,8,30,14:00,16:00,14:53,,32.82
23886,2026-06-10,2026-06-10-PM-V3,3,RA-province,B2C,3,42,14:00,18:00,15:23,,32.82
23887,2026-06-10,2026-06-10-PM-V3,4,RA-province,B2C,1,37,14:00,18:00,15:57,transport_damage,32.82
23888,2026-06-10,2026-06-10-PM-V3,5,RA-province,B2C,4,42,14:00,18:00,16:40,,32.82
23889,2026-06-10,2026-06-10-PM-V3,6,RA-province,B2C,2,41,14:00,18:00,17:19,,32.82
23890,2026-06-11,2026-06-11-AM-V1,1,RN,B2B,6,55,08:00,10:00,09:08,,39.43
23891,2026-06-11,2026-06-11-AM-V1,2,RN,B2B,8,67,08:00,10:00,09:36,,39.43
23892,2026-06-11,2026-06-11-AM-V1,3,RN,B2B,8,63,08:00,10:00,10:19,,39.43
23893,2026-06-11,2026-06-11-AM-V1,4,RN,B2C,4,59,08:00,12:00,10:56,,39.43
23894,2026-06-11,2026-06-11-AM-V1,5,RN,B2C,2,67,08:00,12:00,11:39,,39.43
23895,2026-06-11,2026-06-11-AM-V1,6,RN,B2C,3,52,08:00,12:00,12:18,missing_item,39.43
23896,2026-06-11,2026-06-11-PM-V1,1,RA-province,B2B,8,35,14:00,16:00,14:47,,29.8
23897,2026-06-11,2026-06-11-PM-V1,2,RA-province,B2C,3,25,14:00,18:00,15:20,,29.8
23898,2026-06-11,2026-06-11-PM-V1,3,RA-province,B2C,4,45,14:00,18:00,15:59,,29.8
23899,2026-06-11,2026-06-11-PM-V1,4,RA-province,B2C,3,32,14:00,18:00,16:47,,29.8
23900,2026-06-11,2026-06-11-PM-V1,5,RA-province,B2C,4,35,14:00,18:00,17:26,,29.8
23901,2026-06-11,2026-06-11-PM-V1,6,RA-province,B2C,2,45,14:00,18:00,18:12,,29.8
23902,2026-06-11,2026-06-11-PM-V1,7,RA-province,B2C,3,19,14:00,18:00,18:51,,29.8
23903,2026-06-11,2026-06-11-AM-V2,1,FE,B2B,7,84,08:00,10:00,09:38,,70.03
23904,2026-06-11,2026-06-11-AM-V2,2,FE,B2C,5,77,08:00,12:00,10:24,,70.03
23905,2026-06-11,2026-06-11-AM-V2,3,FE,B2C,6,64,08:00,12:00,11:23,transport_damage,70.03
23906,2026-06-11,2026-06-11-AM-V2,4,FE,B2C,2,99,08:00,12:00,12:30,,70.03
23907,2026-06-11,2026-06-11-PM-V2,1,FC,B2B,6,26,14:00,16:00,15:27,,34.23
23908,2026-06-11,2026-06-11-PM-V2,2,FC,B2B,3,45,14:00,16:00,16:03,,34.23
23909,2026-06-11,2026-06-11-PM-V2,3,FC,B2C,4,53,14:00,18:00,16:36,,34.23
23910,2026-06-11,2026-06-11-PM-V2,4,FC,B2C,4,60,14:00,18:00,17:18,,34.23
23911,2026-06-11,2026-06-11-PM-V2,5,FC,B2C,3,27,14:00,18:00,18:01,,34.23
23912,2026-06-11,2026-06-11-PM-V2,6,FC,B2C,4,35,14:00,18:00,18:36,,34.23
23913,2026-06-11,2026-06-11-AM-V3,1,FC,B2B,6,50,08:00,10:00,08:59,missing_item,36.93
23914,2026-06-11,2026-06-11-AM-V3,2,FC,B2C,1,26,08:00,12:00,09:43,,36.93
23915,2026-06-11,2026-06-11-AM-V3,3,FC,B2C,1,55,08:00,12:00,10:11,,36.93
23916,2026-06-11,2026-06-11-AM-V3,4,FC,B2C,4,47,08:00,12:00,10:37,,36.93
23917,2026-06-11,2026-06-11-AM-V3,5,FC,B2C,3,55,08:00,12:00,11:20,,36.93
23918,2026-06-11,2026-06-11-AM-V3,6,FC,B2C,4,42,08:00,12:00,12:01,,36.93
23919,2026-06-11,2026-06-11-PM-V3,1,RA-province,B2B,6,19,14:00,16:00,14:28,,30.32
23920,2026-06-11,2026-06-11-PM-V3,2,RA-province,B2B,6,43,14:00,16:00,14:53,,30.32
23921,2026-06-11,2026-06-11-PM-V3,3,RA-province,B2C,4,33,14:00,18:00,15:22,,30.32
23922,2026-06-11,2026-06-11-PM-V3,4,RA-province,B2C,1,44,14:00,18:00,15:58,,30.32
23923,2026-06-11,2026-06-11-PM-V3,5,RA-province,B2C,1,44,14:00,18:00,16:27,,30.32
23924,2026-06-11,2026-06-11-PM-V3,6,RA-province,B2C,4,21,14:00,18:00,16:54,transport_damage,30.32
23925,2026-06-12,2026-06-12-AM-V1,1,RA-city,B2B,6,10,08:00,10:00,08:11,,22.93
23926,2026-06-12,2026-06-12-AM-V1,2,RA-city,B2B,6,16,08:00,10:00,08:40,,22.93
23927,2026-06-12,2026-06-12-AM-V1,3,RA-city,B2C,4,13,08:00,12:00,09:04,,22.93
23928,2026-06-12,2026-06-12-AM-V1,4,RA-city,B2C,2,16,08:00,12:00,09:38,,22.93
23929,2026-06-12,2026-06-12-AM-V1,5,RA-city,B2C,2,12,08:00,12:00,10:02,,22.93
23930,2026-06-12,2026-06-12-AM-V1,6,RA-city,B2C,2,9,08:00,12:00,10:33,,22.93
23931,2026-06-12,2026-06-12-AM-V1,7,RA-city,B2C,4,11,08:00,12:00,10:57,,22.93
23932,2026-06-12,2026-06-12-PM-V1,1,BO,B2C,5,56,14:00,18:00,15:15,,50.43
23933,2026-06-12,2026-06-12-PM-V1,2,BO,B2C,3,52,14:00,18:00,16:08,,50.43
23934,2026-06-12,2026-06-12-PM-V1,3,BO,B2C,5,78,14:00,18:00,16:47,,50.43
23935,2026-06-12,2026-06-12-PM-V1,4,BO,B2C,5,61,14:00,18:00,17:39,,50.43
23936,2026-06-12,2026-06-12-PM-V1,5,BO,B2C,5,81,14:00,18:00,18:25,,50.43
23937,2026-06-12,2026-06-12-AM-V2,1,FC,B2B,7,58,08:00,10:00,09:24,,34.07
23938,2026-06-12,2026-06-12-AM-V2,2,FC,B2B,7,25,08:00,10:00,10:11,,34.07
23939,2026-06-12,2026-06-12-AM-V2,3,FC,B2C,3,30,08:00,12:00,10:49,,34.07
23940,2026-06-12,2026-06-12-AM-V2,4,FC,B2C,2,38,08:00,12:00,11:34,,34.07
23941,2026-06-12,2026-06-12-AM-V2,5,FC,B2C,1,46,08:00,12:00,12:12,,34.07
23942,2026-06-12,2026-06-12-AM-V2,6,FC,B2C,3,38,08:00,12:00,12:44,,34.07
23943,2026-06-12,2026-06-12-AM-V2,7,FC,B2C,4,27,08:00,12:00,13:22,,34.07
23944,2026-06-12,2026-06-12-PM-V2,1,FC,B2B,7,57,14:00,16:00,15:54,,36.02
23945,2026-06-12,2026-06-12-PM-V2,2,FC,B2B,7,56,14:00,16:00,16:30,,36.02
23946,2026-06-12,2026-06-12-PM-V2,3,FC,B2B,5,40,14:00,16:00,17:06,,36.02
23947,2026-06-12,2026-06-12-PM-V2,4,FC,B2C,2,56,14:00,18:00,17:39,,36.02
23948,2026-06-12,2026-06-12-PM-V2,5,FC,B2C,4,60,14:00,18:00,18:13,,36.02
23949,2026-06-12,2026-06-12-PM-V2,6,FC,B2C,3,37,14:00,18:00,18:56,,36.02
23950,2026-06-12,2026-06-12-PM-V2,7,FC,B2C,4,50,14:00,18:00,19:42,,36.02
23951,2026-06-12,2026-06-12-AM-V3,1,BO,B2B,4,89,08:00,10:00,09:46,,62.06
23952,2026-06-12,2026-06-12-AM-V3,2,BO,B2B,8,76,08:00,10:00,10:16,,62.06
23953,2026-06-12,2026-06-12-AM-V3,3,BO,B2C,6,67,08:00,12:00,10:50,,62.06
23954,2026-06-12,2026-06-12-AM-V3,4,BO,B2C,5,57,08:00,12:00,11:50,,62.06
23955,2026-06-12,2026-06-12-PM-V3,1,RA-city,B2B,8,6,14:00,16:00,14:07,,18.48
23956,2026-06-12,2026-06-12-PM-V3,2,RA-city,B2B,8,16,14:00,16:00,14:34,,18.48
23957,2026-06-12,2026-06-12-PM-V3,3,RA-city,B2B,8,9,14:00,16:00,15:03,,18.48
23958,2026-06-12,2026-06-12-PM-V3,4,RA-city,B2C,4,13,14:00,18:00,15:28,,18.48
23959,2026-06-12,2026-06-12-PM-V3,5,RA-city,B2C,3,20,14:00,18:00,16:06,,18.48
23960,2026-06-12,2026-06-12-PM-V3,6,RA-city,B2C,2,7,14:00,18:00,16:39,,18.48
23961,2026-06-12,2026-06-12-PM-V3,7,RA-city,B2C,2,19,14:00,18:00,17:02,,18.48
23962,2026-06-12,2026-06-12-PM-V3,8,RA-city,B2C,3,6,14:00,18:00,17:32,,18.48
23963,2026-06-12,2026-06-12-PM-V3,9,RA-city,B2C,4,10,14:00,18:00,18:08,,18.48
23964,2026-06-13,2026-06-13-AM-V1,1,FC,B2B,4,37,08:00,10:00,08:45,,40.07
23965,2026-06-13,2026-06-13-AM-V1,2,FC,B2C,2,53,08:00,12:00,09:21,,40.07
23966,2026-06-13,2026-06-13-AM-V1,3,FC,B2C,3,50,08:00,12:00,10:01,,40.07
23967,2026-06-13,2026-06-13-AM-V1,4,FC,B2C,4,53,08:00,12:00,10:41,,40.07
23968,2026-06-13,2026-06-13-AM-V1,5,FC,B2C,1,57,08:00,12:00,11:30,,40.07
23969,2026-06-13,2026-06-13-AM-V1,6,FC,B2C,2,57,08:00,12:00,12:04,,40.07
23970,2026-06-13,2026-06-13-PM-V1,1,RN,B2B,9,60,14:00,16:00,15:25,,45.23
23971,2026-06-13,2026-06-13-PM-V1,2,RN,B2B,9,46,14:00,16:00,15:57,,45.23
23972,2026-06-13,2026-06-13-PM-V1,3,RN,B2B,10,77,14:00,16:00,16:38,,45.23
23973,2026-06-13,2026-06-13-PM-V1,4,RN,B2B,4,58,14:00,16:00,17:13,,45.23
23974,2026-06-13,2026-06-13-PM-V1,5,RN,B2C,3,52,14:00,18:00,17:41,,45.23
23975,2026-06-13,2026-06-13-AM-V2,1,FC,B2B,4,27,08:00,10:00,08:32,,32.96
23976,2026-06-13,2026-06-13-AM-V2,2,FC,B2B,8,56,08:00,10:00,09:07,transport_damage,32.96
23977,2026-06-13,2026-06-13-AM-V2,3,FC,B2C,4,26,08:00,12:00,09:58,,32.96
23978,2026-06-13,2026-06-13-AM-V2,4,FC,B2C,4,48,08:00,12:00,10:53,,32.96
23979,2026-06-13,2026-06-13-AM-V2,5,FC,B2C,1,54,08:00,12:00,11:40,,32.96
23980,2026-06-13,2026-06-13-AM-V2,6,FC,B2C,3,49,08:00,12:00,12:17,,32.96
23981,2026-06-13,2026-06-13-AM-V2,7,FC,B2C,1,38,08:00,12:00,13:01,,32.96
23982,2026-06-13,2026-06-13-PM-V2,1,RA-province,B2B,4,45,14:00,16:00,15:16,,31.84
23983,2026-06-13,2026-06-13-PM-V2,2,RA-province,B2B,4,19,14:00,16:00,15:49,,31.84
23984,2026-06-13,2026-06-13-PM-V2,3,RA-province,B2B,6,22,14:00,16:00,16:11,,31.84
23985,2026-06-13,2026-06-13-PM-V2,4,RA-province,B2C,3,17,14:00,18:00,16:35,,31.84
23986,2026-06-13,2026-06-13-PM-V2,5,RA-province,B2C,1,20,14:00,18:00,17:10,,31.84
23987,2026-06-13,2026-06-13-PM-V2,6,RA-province,B2C,2,41,14:00,18:00,17:45,,31.84
23988,2026-06-13,2026-06-13-PM-V2,7,RA-province,B2C,4,42,14:00,18:00,18:18,,31.84
23989,2026-06-13,2026-06-13-AM-V3,1,RA-city,B2B,7,16,08:00,10:00,08:16,,22.18
23990,2026-06-13,2026-06-13-AM-V3,2,RA-city,B2B,5,17,08:00,10:00,08:47,,22.18
23991,2026-06-13,2026-06-13-AM-V3,3,RA-city,B2B,8,20,08:00,10:00,09:08,,22.18
23992,2026-06-13,2026-06-13-AM-V3,4,RA-city,B2C,3,16,08:00,12:00,09:39,,22.18
23993,2026-06-13,2026-06-13-AM-V3,5,RA-city,B2C,2,8,08:00,12:00,10:10,,22.18
23994,2026-06-13,2026-06-13-AM-V3,6,RA-city,B2C,3,8,08:00,12:00,10:38,,22.18
23995,2026-06-13,2026-06-13-AM-V3,7,RA-city,B2C,3,14,08:00,12:00,11:09,,22.18
23996,2026-06-13,2026-06-13-AM-V3,8,RA-city,B2C,4,17,08:00,12:00,11:44,,22.18
23997,2026-06-13,2026-06-13-PM-V3,1,RA-province,B2B,6,29,14:00,16:00,14:43,missing_item,33.57
23998,2026-06-13,2026-06-13-PM-V3,2,RA-province,B2B,7,43,14:00,16:00,15:29,,33.57
23999,2026-06-13,2026-06-13-PM-V3,3,RA-province,B2C,1,36,14:00,18:00,16:01,,33.57
24000,2026-06-13,2026-06-13-PM-V3,4,RA-province,B2C,4,25,14:00,18:00,16:30,,33.57
24001,2026-06-13,2026-06-13-PM-V3,5,RA-province,B2C,4,32,14:00,18:00,17:21,,33.57
24002,2026-06-13,2026-06-13-PM-V3,6,RA-province,B2C,4,30,14:00,18:00,17:59,missing_item,33.57
24003,2026-06-14,2026-06-14-AM-V1,1,RA-province,B2B,5,24,08:00,10:00,08:24,,25.59
24004,2026-06-14,2026-06-14-AM-V1,2,RA-province,B2B,5,44,08:00,10:00,08:47,,25.59
24005,2026-06-14,2026-06-14-AM-V1,3,RA-province,B2B,3,33,08:00,10:00,09:11,,25.59
24006,2026-06-14,2026-06-14-AM-V1,4,RA-province,B2B,4,43,08:00,10:00,09:36,transport_damage,25.59
24007,2026-06-14,2026-06-14-AM-V1,5,RA-province,B2B,3,25,08:00,10:00,10:10,,25.59
24008,2026-06-14,2026-06-14-AM-V1,6,RA-province,B2C,3,36,08:00,12:00,10:42,,25.59
24009,2026-06-14,2026-06-14-AM-V1,7,RA-province,B2C,3,17,08:00,12:00,11:16,,25.59
24010,2026-06-14,2026-06-14-AM-V1,8,RA-province,B2C,1,34,08:00,12:00,11:50,,25.59
24011,2026-06-14,2026-06-14-PM-V1,1,FC,B2B,5,35,14:00,16:00,14:52,refused,30.26
24012,2026-06-14,2026-06-14-PM-V1,2,FC,B2C,1,30,14:00,18:00,15:30,,30.26
24013,2026-06-14,2026-06-14-PM-V1,3,FC,B2C,1,48,14:00,18:00,15:56,,30.26
24014,2026-06-14,2026-06-14-PM-V1,4,FC,B2C,4,44,14:00,18:00,16:23,,30.26
24015,2026-06-14,2026-06-14-PM-V1,5,FC,B2C,4,27,14:00,18:00,17:09,,30.26
24016,2026-06-14,2026-06-14-PM-V1,6,FC,B2C,1,39,14:00,18:00,17:57,,30.26
24017,2026-06-14,2026-06-14-PM-V1,7,FC,B2C,3,25,14:00,18:00,18:22,,30.26
24018,2026-06-14,2026-06-14-AM-V2,1,RN,B2C,2,47,08:00,12:00,08:47,,48.09
24019,2026-06-14,2026-06-14-AM-V2,2,RN,B2C,5,48,08:00,12:00,09:26,,48.09
24020,2026-06-14,2026-06-14-AM-V2,3,RN,B2C,6,59,08:00,12:00,10:21,,48.09
24021,2026-06-14,2026-06-14-AM-V2,4,RN,B2C,2,74,08:00,12:00,11:20,,48.09
24022,2026-06-14,2026-06-14-AM-V2,5,RN,B2C,6,72,08:00,12:00,11:54,,48.09
24023,2026-06-14,2026-06-14-PM-V2,1,BO,B2B,7,58,14:00,16:00,15:34,,51.34
24024,2026-06-14,2026-06-14-PM-V2,2,BO,B2B,7,77,14:00,16:00,16:13,,51.34
24025,2026-06-14,2026-06-14-PM-V2,3,BO,B2B,4,76,14:00,16:00,16:53,,51.34
24026,2026-06-14,2026-06-14-PM-V2,4,BO,B2C,3,55,14:00,18:00,17:35,,51.34
24027,2026-06-14,2026-06-14-PM-V2,5,BO,B2C,4,72,14:00,18:00,18:25,,51.34
24028,2026-06-14,2026-06-14-AM-V3,1,RA-city,B2B,3,13,08:00,10:00,08:13,,24.23
24029,2026-06-14,2026-06-14-AM-V3,2,RA-city,B2B,8,14,08:00,10:00,08:33,,24.23
24030,2026-06-14,2026-06-14-AM-V3,3,RA-city,B2C,1,11,08:00,12:00,09:04,,24.23
24031,2026-06-14,2026-06-14-AM-V3,4,RA-city,B2C,1,17,08:00,12:00,09:23,,24.23
24032,2026-06-14,2026-06-14-AM-V3,5,RA-city,B2C,1,17,08:00,12:00,09:49,transport_damage,24.23
24033,2026-06-14,2026-06-14-AM-V3,6,RA-city,B2C,1,16,08:00,12:00,10:19,,24.23
24034,2026-06-14,2026-06-14-AM-V3,7,RA-city,B2C,2,17,08:00,12:00,10:40,,24.23
24035,2026-06-14,2026-06-14-PM-V3,1,FC,B2B,3,39,14:00,16:00,14:42,,34.23
24036,2026-06-14,2026-06-14-PM-V3,2,FC,B2B,6,31,14:00,16:00,15:11,,34.23
24037,2026-06-14,2026-06-14-PM-V3,3,FC,B2C,4,39,14:00,18:00,15:43,,34.23
24038,2026-06-14,2026-06-14-PM-V3,4,FC,B2C,3,44,14:00,18:00,16:25,,34.23
24039,2026-06-14,2026-06-14-PM-V3,5,FC,B2C,1,44,14:00,18:00,17:03,,34.23
24040,2026-06-14,2026-06-14-PM-V3,6,FC,B2C,4,28,14:00,18:00,17:26,,34.23
24041,2026-06-17,2026-06-17-AM-V1,1,RA-city,B2B,5,19,08:00,10:00,08:20,,19.64
24042,2026-06-17,2026-06-17-AM-V1,2,RA-city,B2B,4,12,08:00,10:00,08:47,,19.64
24043,2026-06-17,2026-06-17-AM-V1,3,RA-city,B2B,8,12,08:00,10:00,09:10,,19.64
24044,2026-06-17,2026-06-17-AM-V1,4,RA-city,B2C,2,6,08:00,12:00,09:42,,19.64
24045,2026-06-17,2026-06-17-AM-V1,5,RA-city,B2C,4,8,08:00,12:00,10:12,,19.64
24046,2026-06-17,2026-06-17-AM-V1,6,RA-city,B2C,3,20,08:00,12:00,10:49,,19.64
24047,2026-06-17,2026-06-17-AM-V1,7,RA-city,B2C,3,9,08:00,12:00,11:24,,19.64
24048,2026-06-17,2026-06-17-AM-V1,8,RA-city,B2C,3,13,08:00,12:00,11:52,,19.64
24049,2026-06-17,2026-06-17-AM-V1,9,RA-city,B2C,3,7,08:00,12:00,12:21,wrong_address,19.64
24050,2026-06-17,2026-06-17-PM-V1,1,RN,B2B,7,62,14:00,16:00,15:17,,42.89
24051,2026-06-17,2026-06-17-PM-V1,2,RN,B2B,9,74,14:00,16:00,15:55,,42.89
24052,2026-06-17,2026-06-17-PM-V1,3,RN,B2B,5,75,14:00,16:00,16:26,,42.89
24053,2026-06-17,2026-06-17-PM-V1,4,RN,B2C,4,61,14:00,18:00,16:55,,42.89
24054,2026-06-17,2026-06-17-PM-V1,5,RN,B2C,3,51,14:00,18:00,17:38,,42.89
24055,2026-06-17,2026-06-17-PM-V1,6,RN,B2C,6,79,14:00,18:00,18:23,,42.89
24056,2026-06-17,2026-06-17-AM-V2,1,RA-city,B2B,4,7,08:00,10:00,08:09,,18.48
24057,2026-06-17,2026-06-17-AM-V2,2,RA-city,B2B,7,13,08:00,10:00,08:31,,18.48
24058,2026-06-17,2026-06-17-AM-V2,3,RA-city,B2B,7,8,08:00,10:00,08:57,,18.48
24059,2026-06-17,2026-06-17-AM-V2,4,RA-city,B2C,3,6,08:00,12:00,09:21,,18.48
24060,2026-06-17,2026-06-17-AM-V2,5,RA-city,B2C,3,5,08:00,12:00,09:50,,18.48
24061,2026-06-17,2026-06-17-AM-V2,6,RA-city,B2C,4,19,08:00,12:00,10:19,,18.48
24062,2026-06-17,2026-06-17-AM-V2,7,RA-city,B2C,2,11,08:00,12:00,11:00,,18.48
24063,2026-06-17,2026-06-17-AM-V2,8,RA-city,B2C,4,7,08:00,12:00,11:28,,18.48
24064,2026-06-17,2026-06-17-AM-V2,9,RA-city,B2C,1,10,08:00,12:00,12:07,,18.48
24065,2026-06-17,2026-06-17-PM-V2,1,RA-province,B2B,3,36,14:00,16:00,14:49,,35.42
24066,2026-06-17,2026-06-17-PM-V2,2,RA-province,B2B,5,45,14:00,16:00,15:15,,35.42
24067,2026-06-17,2026-06-17-PM-V2,3,RA-province,B2B,4,27,14:00,16:00,15:39,,35.42
24068,2026-06-17,2026-06-17-PM-V2,4,RA-province,B2C,1,16,14:00,18:00,16:07,,35.42
24069,2026-06-17,2026-06-17-PM-V2,5,RA-province,B2C,2,23,14:00,18:00,16:37,,35.42
24070,2026-06-17,2026-06-17-PM-V2,6,RA-province,B2C,2,40,14:00,18:00,17:12,,35.42
24071,2026-06-17,2026-06-17-AM-V3,1,RA-city,B2B,7,12,08:00,10:00,08:18,,19.42
24072,2026-06-17,2026-06-17-AM-V3,2,RA-city,B2B,3,14,08:00,10:00,08:44,,19.42
24073,2026-06-17,2026-06-17-AM-V3,3,RA-city,B2B,3,17,08:00,10:00,09:03,,19.42
24074,2026-06-17,2026-06-17-AM-V3,4,RA-city,B2B,7,13,08:00,10:00,09:23,missing_item,19.42
24075,2026-06-17,2026-06-17-AM-V3,5,RA-city,B2C,1,12,08:00,12:00,10:03,,19.42
24076,2026-06-17,2026-06-17-AM-V3,6,RA-city,B2C,3,20,08:00,12:00,10:22,,19.42
24077,2026-06-17,2026-06-17-AM-V3,7,RA-city,B2C,3,19,08:00,12:00,10:57,,19.42
24078,2026-06-17,2026-06-17-AM-V3,8,RA-city,B2C,3,10,08:00,12:00,11:31,,19.42
24079,2026-06-17,2026-06-17-AM-V3,9,RA-city,B2C,1,14,08:00,12:00,12:03,,19.42
24080,2026-06-17,2026-06-17-PM-V3,1,FC,B2B,8,28,14:00,16:00,14:28,,34.77
24081,2026-06-17,2026-06-17-PM-V3,2,FC,B2B,3,56,14:00,16:00,15:06,,34.77
24082,2026-06-17,2026-06-17-PM-V3,3,FC,B2C,4,55,14:00,18:00,15:45,,34.77
24083,2026-06-17,2026-06-17-PM-V3,4,FC,B2C,4,47,14:00,18:00,16:38,,34.77
24084,2026-06-17,2026-06-17-PM-V3,5,FC,B2C,3,56,14:00,18:00,17:19,,34.77
24085,2026-06-17,2026-06-17-PM-V3,6,FC,B2C,1,29,14:00,18:00,17:55,,34.77
24086,2026-06-18,2026-06-18-AM-V1,1,RA-city,B2B,8,17,08:00,10:00,08:23,,24.32
24087,2026-06-18,2026-06-18-AM-V1,2,RA-city,B2B,7,16,08:00,10:00,08:48,missing_item,24.32
24088,2026-06-18,2026-06-18-AM-V1,3,RA-city,B2C,2,15,08:00,12:00,09:26,,24.32
24089,2026-06-18,2026-06-18-AM-V1,4,RA-city,B2C,1,15,08:00,12:00,09:54,,24.32
24090,2026-06-18,2026-06-18-AM-V1,5,RA-city,B2C,2,11,08:00,12:00,10:16,,24.32
24091,2026-06-18,2026-06-18-AM-V1,6,RA-city,B2C,2,20,08:00,12:00,10:40,,24.32
24092,2026-06-18,2026-06-18-AM-V1,7,RA-city,B2C,2,19,08:00,12:00,11:09,,24.32
24093,2026-06-18,2026-06-18-PM-V1,1,RN,B2B,7,45,14:00,16:00,15:07,,51.5
24094,2026-06-18,2026-06-18-PM-V1,2,RN,B2C,6,64,14:00,18:00,15:37,,51.5
24095,2026-06-18,2026-06-18-PM-V1,3,RN,B2C,6,54,14:00,18:00,16:31,,51.5
24096,2026-06-18,2026-06-18-PM-V1,4,RN,B2C,3,46,14:00,18:00,17:26,,51.5
24097,2026-06-18,2026-06-18-AM-V2,1,FC,B2B,5,37,08:00,10:00,08:50,,31.66
24098,2026-06-18,2026-06-18-AM-V2,2,FC,B2B,7,51,08:00,10:00,09:16,,31.66
24099,2026-06-18,2026-06-18-AM-V2,3,FC,B2C,2,32,08:00,12:00,09:47,,31.66
24100,2026-06-18,2026-06-18-AM-V2,4,FC,B2C,4,29,08:00,12:00,10:20,,31.66
24101,2026-06-18,2026-06-18-AM-V2,5,FC,B2C,4,49,08:00,12:00,11:11,,31.66
24102,2026-06-18,2026-06-18-AM-V2,6,FC,B2C,4,35,08:00,12:00,11:57,,31.66
24103,2026-06-18,2026-06-18-AM-V2,7,FC,B2C,3,34,08:00,12:00,12:45,,31.66
24104,2026-06-18,2026-06-18-PM-V2,1,RA-province,B2B,5,38,14:00,16:00,14:52,,35.52
24105,2026-06-18,2026-06-18-PM-V2,2,RA-province,B2B,7,39,14:00,16:00,15:19,,35.52
24106,2026-06-18,2026-06-18-PM-V2,3,RA-province,B2B,3,16,14:00,16:00,15:54,,35.52
24107,2026-06-18,2026-06-18-PM-V2,4,RA-province,B2C,3,42,14:00,18:00,16:16,,35.52
24108,2026-06-18,2026-06-18-PM-V2,5,RA-province,B2C,1,17,14:00,18:00,16:53,,35.52
24109,2026-06-18,2026-06-18-PM-V2,6,RA-province,B2C,1,43,14:00,18:00,17:25,,35.52
24110,2026-06-18,2026-06-18-AM-V3,1,RN,B2B,6,66,08:00,10:00,09:25,,58.65
24111,2026-06-18,2026-06-18-AM-V3,2,RN,B2C,5,59,08:00,12:00,09:51,,58.65
24112,2026-06-18,2026-06-18-AM-V3,3,RN,B2C,4,51,08:00,12:00,10:46,transport_damage,58.65
24113,2026-06-18,2026-06-18-AM-V3,4,RN,B2C,2,67,08:00,12:00,11:41,,58.65
24114,2026-06-18,2026-06-18-PM-V3,1,BO,B2B,4,62,14:00,16:00,15:32,,59.46
24115,2026-06-18,2026-06-18-PM-V3,2,BO,B2C,4,57,14:00,18:00,15:58,,59.46
24116,2026-06-18,2026-06-18-PM-V3,3,BO,B2C,3,64,14:00,18:00,16:46,,59.46
24117,2026-06-18,2026-06-18-PM-V3,4,BO,B2C,2,74,14:00,18:00,17:23,missing_item,59.46
24118,2026-06-19,2026-06-19-AM-V1,1,RA-city,B2B,4,19,08:00,10:00,08:28,,18.48
24119,2026-06-19,2026-06-19-AM-V1,2,RA-city,B2C,3,15,08:00,12:00,08:46,,18.48
24120,2026-06-19,2026-06-19-AM-V1,3,RA-city,B2C,2,5,08:00,12:00,09:14,,18.48
24121,2026-06-19,2026-06-19-AM-V1,4,RA-city,B2C,1,16,08:00,12:00,09:38,,18.48
24122,2026-06-19,2026-06-19-AM-V1,5,RA-city,B2C,4,9,08:00,12:00,09:57,,18.48
24123,2026-06-19,2026-06-19-AM-V1,6,RA-city,B2C,3,14,08:00,12:00,10:30,,18.48
24124,2026-06-19,2026-06-19-AM-V1,7,RA-city,B2C,4,18,08:00,12:00,11:00,,18.48
24125,2026-06-19,2026-06-19-AM-V1,8,RA-city,B2C,1,14,08:00,12:00,11:39,,18.48
24126,2026-06-19,2026-06-19-AM-V1,9,RA-city,B2C,1,8,08:00,12:00,12:00,,18.48
24127,2026-06-19,2026-06-19-PM-V1,1,FE,B2C,5,94,14:00,18:00,16:03,,67.75
24128,2026-06-19,2026-06-19-PM-V1,2,FE,B2C,3,104,14:00,18:00,17:03,,67.75
24129,2026-06-19,2026-06-19-PM-V1,3,FE,B2C,5,99,14:00,18:00,17:54,,67.75
24130,2026-06-19,2026-06-19-PM-V1,4,FE,B2C,5,75,14:00,18:00,18:42,,67.75
24131,2026-06-19,2026-06-19-AM-V2,1,RA-city,B2B,7,15,08:00,10:00,08:19,,18.84
24132,2026-06-19,2026-06-19-AM-V2,2,RA-city,B2B,8,13,08:00,10:00,08:43,,18.84
24133,2026-06-19,2026-06-19-AM-V2,3,RA-city,B2B,6,6,08:00,10:00,09:10,,18.84
24134,2026-06-19,2026-06-19-AM-V2,4,RA-city,B2B,5,16,08:00,10:00,09:39,missing_item,18.84
24135,2026-06-19,2026-06-19-AM-V2,5,RA-city,B2C,3,11,08:00,12:00,10:11,,18.84
24136,2026-06-19,2026-06-19-AM-V2,6,RA-city,B2C,2,8,08:00,12:00,10:42,,18.84
24137,2026-06-19,2026-06-19-AM-V2,7,RA-city,B2C,4,18,08:00,12:00,11:10,,18.84
24138,2026-06-19,2026-06-19-AM-V2,8,RA-city,B2C,2,5,08:00,12:00,11:46,,18.84
24139,2026-06-19,2026-06-19-AM-V2,9,RA-city,B2C,2,8,08:00,12:00,12:15,,18.84
24140,2026-06-19,2026-06-19-PM-V2,1,RA-city,B2B,8,8,14:00,16:00,14:10,,20.14
24141,2026-06-19,2026-06-19-PM-V2,2,RA-city,B2B,5,9,14:00,16:00,14:35,,20.14
24142,2026-06-19,2026-06-19-PM-V2,3,RA-city,B2B,7,10,14:00,16:00,14:57,,20.14
24143,2026-06-19,2026-06-19-PM-V2,4,RA-city,B2B,7,8,14:00,16:00,15:23,,20.14
24144,2026-06-19,2026-06-19-PM-V2,5,RA-city,B2B,7,14,14:00,16:00,15:49,,20.14
24145,2026-06-19,2026-06-19-PM-V2,6,RA-city,B2C,3,6,14:00,18:00,16:14,,20.14
24146,2026-06-19,2026-06-19-PM-V2,7,RA-city,B2C,3,13,14:00,18:00,16:44,,20.14
24147,2026-06-19,2026-06-19-PM-V2,8,RA-city,B2C,1,10,14:00,18:00,17:17,,20.14
24148,2026-06-19,2026-06-19-AM-V3,1,RA-city,B2B,7,8,08:00,10:00,08:08,,23.21
24149,2026-06-19,2026-06-19-AM-V3,2,RA-city,B2B,4,10,08:00,10:00,08:38,,23.21
24150,2026-06-19,2026-06-19-AM-V3,3,RA-city,B2B,5,7,08:00,10:00,08:58,,23.21
24151,2026-06-19,2026-06-19-AM-V3,4,RA-city,B2C,3,15,08:00,12:00,09:20,,23.21
24152,2026-06-19,2026-06-19-AM-V3,5,RA-city,B2C,2,17,08:00,12:00,09:51,,23.21
24153,2026-06-19,2026-06-19-AM-V3,6,RA-city,B2C,2,9,08:00,12:00,10:16,,23.21
24154,2026-06-19,2026-06-19-AM-V3,7,RA-city,B2C,3,12,08:00,12:00,10:42,,23.21
24155,2026-06-19,2026-06-19-PM-V3,1,RA-province,B2C,2,20,14:00,18:00,14:19,,25.02
24156,2026-06-19,2026-06-19-PM-V3,2,RA-province,B2C,1,18,14:00,18:00,14:54,,25.02
24157,2026-06-19,2026-06-19-PM-V3,3,RA-province,B2C,4,28,14:00,18:00,15:23,,25.02
24158,2026-06-19,2026-06-19-PM-V3,4,RA-province,B2C,4,40,14:00,18:00,16:05,,25.02
24159,2026-06-19,2026-06-19-PM-V3,5,RA-province,B2C,3,38,14:00,18:00,16:46,,25.02
24160,2026-06-19,2026-06-19-PM-V3,6,RA-province,B2C,2,45,14:00,18:00,17:27,,25.02
24161,2026-06-19,2026-06-19-PM-V3,7,RA-province,B2C,4,26,14:00,18:00,18:01,,25.02
24162,2026-06-19,2026-06-19-PM-V3,8,RA-province,B2C,4,15,14:00,18:00,18:47,,25.02
24163,2026-06-20,2026-06-20-AM-V1,1,RA-city,B2B,7,10,08:00,10:00,08:12,,21.77
24164,2026-06-20,2026-06-20-AM-V1,2,RA-city,B2B,5,12,08:00,10:00,08:42,,21.77
24165,2026-06-20,2026-06-20-AM-V1,3,RA-city,B2C,2,10,08:00,12:00,09:04,,21.77
24166,2026-06-20,2026-06-20-AM-V1,4,RA-city,B2C,2,18,08:00,12:00,09:33,missing_item,21.77
24167,2026-06-20,2026-06-20-AM-V1,5,RA-city,B2C,1,8,08:00,12:00,10:11,,21.77
24168,2026-06-20,2026-06-20-AM-V1,6,RA-city,B2C,4,12,08:00,12:00,10:35,,21.77
24169,2026-06-20,2026-06-20-AM-V1,7,RA-city,B2C,2,20,08:00,12:00,11:11,,21.77
24170,2026-06-20,2026-06-20-AM-V1,8,RA-city,B2C,1,19,08:00,12:00,11:36,,21.77
24171,2026-06-20,2026-06-20-PM-V1,1,RA-province,B2B,3,16,14:00,16:00,14:18,,29.43
24172,2026-06-20,2026-06-20-PM-V1,2,RA-province,B2B,5,32,14:00,16:00,14:44,,29.43
24173,2026-06-20,2026-06-20-PM-V1,3,RA-province,B2B,7,28,14:00,16:00,15:12,,29.43
24174,2026-06-20,2026-06-20-PM-V1,4,RA-province,B2C,1,35,14:00,18:00,15:40,,29.43
24175,2026-06-20,2026-06-20-PM-V1,5,RA-province,B2C,1,21,14:00,18:00,16:11,,29.43
24176,2026-06-20,2026-06-20-PM-V1,6,RA-province,B2C,2,42,14:00,18:00,16:34,,29.43
24177,2026-06-20,2026-06-20-PM-V1,7,RA-province,B2C,2,45,14:00,18:00,17:06,,29.43
24178,2026-06-20,2026-06-20-AM-V2,1,BO,B2B,7,80,08:00,10:00,09:28,,52.77
24179,2026-06-20,2026-06-20-AM-V2,2,BO,B2B,7,86,08:00,10:00,10:12,,52.77
24180,2026-06-20,2026-06-20-AM-V2,3,BO,B2B,8,83,08:00,10:00,10:59,,52.77
24181,2026-06-20,2026-06-20-AM-V2,4,BO,B2C,6,63,08:00,12:00,11:33,,52.77
24182,2026-06-20,2026-06-20-AM-V2,5,BO,B2C,5,77,08:00,12:00,12:21,,52.77
24183,2026-06-20,2026-06-20-PM-V2,1,RA-city,B2B,4,9,14:00,16:00,14:50,,19.64
24184,2026-06-20,2026-06-20-PM-V2,2,RA-city,B2B,6,15,14:00,16:00,15:12,,19.64
24185,2026-06-20,2026-06-20-PM-V2,3,RA-city,B2C,2,20,14:00,18:00,15:38,,19.64
24186,2026-06-20,2026-06-20-PM-V2,4,RA-city,B2C,3,7,14:00,18:00,16:06,,19.64
24187,2026-06-20,2026-06-20-PM-V2,5,RA-city,B2C,3,19,14:00,18:00,16:43,,19.64
24188,2026-06-20,2026-06-20-PM-V2,6,RA-city,B2C,2,17,14:00,18:00,17:16,,19.64
24189,2026-06-20,2026-06-20-PM-V2,7,RA-city,B2C,4,8,14:00,18:00,17:42,,19.64
24190,2026-06-20,2026-06-20-PM-V2,8,RA-city,B2C,1,16,14:00,18:00,18:20,,19.64
24191,2026-06-20,2026-06-20-PM-V2,9,RA-city,B2C,3,18,14:00,18:00,18:39,,19.64
24192,2026-06-20,2026-06-20-AM-V3,1,RA-province,B2B,7,39,08:00,10:00,08:46,,28.78
24193,2026-06-20,2026-06-20-AM-V3,2,RA-province,B2B,7,20,08:00,10:00,09:17,,28.78
24194,2026-06-20,2026-06-20-AM-V3,3,RA-province,B2C,3,41,08:00,12:00,09:53,,28.78
24195,2026-06-20,2026-06-20-AM-V3,4,RA-province,B2C,4,30,08:00,12:00,10:28,,28.78
24196,2026-06-20,2026-06-20-AM-V3,5,RA-province,B2C,3,39,08:00,12:00,11:09,,28.78
24197,2026-06-20,2026-06-20-AM-V3,6,RA-province,B2C,3,31,08:00,12:00,11:44,,28.78
24198,2026-06-20,2026-06-20-AM-V3,7,RA-province,B2C,1,21,08:00,12:00,12:20,,28.78
24199,2026-06-20,2026-06-20-PM-V3,1,RA-province,B2B,6,32,14:00,16:00,14:39,,28.41
24200,2026-06-20,2026-06-20-PM-V3,2,RA-province,B2B,3,33,14:00,16:00,15:15,,28.41
24201,2026-06-20,2026-06-20-PM-V3,3,RA-province,B2B,7,30,14:00,16:00,15:39,,28.41
24202,2026-06-20,2026-06-20-PM-V3,4,RA-province,B2C,3,32,14:00,18:00,16:14,,28.41
24203,2026-06-20,2026-06-20-PM-V3,5,RA-province,B2C,2,35,14:00,18:00,16:49,,28.41
24204,2026-06-20,2026-06-20-PM-V3,6,RA-province,B2C,2,41,14:00,18:00,17:15,,28.41
24205,2026-06-20,2026-06-20-PM-V3,7,RA-province,B2C,4,19,14:00,18:00,17:47,,28.41
24206,2026-06-21,2026-06-21-AM-V1,1,BO,B2B,8,74,08:00,10:00,09:39,,60.28
24207,2026-06-21,2026-06-21-AM-V1,2,BO,B2C,5,73,08:00,12:00,10:28,,60.28
24208,2026-06-21,2026-06-21-AM-V1,3,BO,B2C,6,65,08:00,12:00,11:14,,60.28
24209,2026-06-21,2026-06-21-AM-V1,4,BO,B2C,2,64,08:00,12:00,12:06,,60.28
24210,2026-06-21,2026-06-21-PM-V1,1,FC,B2B,7,57,14:00,16:00,15:15,,40.07
24211,2026-06-21,2026-06-21-PM-V1,2,FC,B2B,7,60,14:00,16:00,15:55,,40.07
24212,2026-06-21,2026-06-21-PM-V1,3,FC,B2B,6,50,14:00,16:00,16:32,,40.07
24213,2026-06-21,2026-06-21-PM-V1,4,FC,B2C,3,27,14:00,18:00,17:14,,40.07
24214,2026-06-21,2026-06-21-PM-V1,5,FC,B2C,3,53,14:00,18:00,17:49,,40.07
24215,2026-06-21,2026-06-21-PM-V1,6,FC,B2C,4,46,14:00,18:00,18:40,,40.07
24216,2026-06-21,2026-06-21-AM-V2,1,FC,B2B,5,42,08:00,10:00,08:43,,33.05
24217,2026-06-21,2026-06-21-AM-V2,2,FC,B2B,7,30,08:00,10:00,09:09,transport_damage,33.05
24218,2026-06-21,2026-06-21-AM-V2,3,FC,B2C,2,57,08:00,12:00,09:58,,33.05
24219,2026-06-21,2026-06-21-AM-V2,4,FC,B2C,4,56,08:00,12:00,10:42,,33.05
24220,2026-06-21,2026-06-21-AM-V2,5,FC,B2C,2,53,08:00,12:00,11:20,,33.05
24221,2026-06-21,2026-06-21-AM-V2,6,FC,B2C,3,57,08:00,12:00,11:58,,33.05
24222,2026-06-21,2026-06-21-AM-V2,7,FC,B2C,1,39,08:00,12:00,12:41,,33.05
24223,2026-06-21,2026-06-21-PM-V2,1,FC,B2B,7,57,14:00,16:00,15:10,,33.42
24224,2026-06-21,2026-06-21-PM-V2,2,FC,B2B,3,37,14:00,16:00,15:45,,33.42
24225,2026-06-21,2026-06-21-PM-V2,3,FC,B2B,6,45,14:00,16:00,16:11,,33.42
24226,2026-06-21,2026-06-21-PM-V2,4,FC,B2B,6,25,14:00,16:00,16:41,,33.42
24227,2026-06-21,2026-06-21-PM-V2,5,FC,B2C,2,53,14:00,18:00,17:12,,33.42
24228,2026-06-21,2026-06-21-PM-V2,6,FC,B2C,1,48,14:00,18:00,17:49,,33.42
24229,2026-06-21,2026-06-21-PM-V2,7,FC,B2C,3,35,14:00,18:00,18:23,,33.42
24230,2026-06-21,2026-06-21-AM-V3,1,FE,B2B,10,63,08:00,10:00,09:27,,63.53
24231,2026-06-21,2026-06-21-AM-V3,2,FE,B2C,2,77,08:00,12:00,10:09,,63.53
24232,2026-06-21,2026-06-21-AM-V3,3,FE,B2C,3,108,08:00,12:00,10:52,,63.53
24233,2026-06-21,2026-06-21-AM-V3,4,FE,B2C,2,86,08:00,12:00,11:41,,63.53
24234,2026-06-21,2026-06-21-PM-V3,1,RA-city,B2B,3,11,14:00,16:00,14:12,,19.57
24235,2026-06-21,2026-06-21-PM-V3,2,RA-city,B2C,2,11,14:00,18:00,14:27,,19.57
24236,2026-06-21,2026-06-21-PM-V3,3,RA-city,B2C,2,7,14:00,18:00,14:51,,19.57
24237,2026-06-21,2026-06-21-PM-V3,4,RA-city,B2C,3,15,14:00,18:00,15:21,,19.57
24238,2026-06-21,2026-06-21-PM-V3,5,RA-city,B2C,4,10,14:00,18:00,15:50,,19.57
24239,2026-06-21,2026-06-21-PM-V3,6,RA-city,B2C,2,7,14:00,18:00,16:25,,19.57
24240,2026-06-21,2026-06-21-PM-V3,7,RA-city,B2C,1,11,14:00,18:00,16:55,,19.57
24241,2026-06-21,2026-06-21-PM-V3,8,RA-city,B2C,1,15,14:00,18:00,17:18,,19.57
24242,2026-06-21,2026-06-21-PM-V3,9,RA-city,B2C,3,19,14:00,18:00,17:41,,19.57
24243,2026-06-24,2026-06-24-AM-V1,1,RA-city,B2B,8,5,08:00,10:00,08:07,,21.12
24244,2026-06-24,2026-06-24-AM-V1,2,RA-city,B2C,3,16,08:00,12:00,08:33,,21.12
24245,2026-06-24,2026-06-24-AM-V1,3,RA-city,B2C,3,12,08:00,12:00,09:07,,21.12
24246,2026-06-24,2026-06-24-AM-V1,4,RA-city,B2C,3,19,08:00,12:00,09:43,,21.12
24247,2026-06-24,2026-06-24-AM-V1,5,RA-city,B2C,4,16,08:00,12:00,10:17,,21.12
24248,2026-06-24,2026-06-24-AM-V1,6,RA-city,B2C,2,20,08:00,12:00,10:56,,21.12
24249,2026-06-24,2026-06-24-AM-V1,7,RA-city,B2C,2,16,08:00,12:00,11:19,,21.12
24250,2026-06-24,2026-06-24-AM-V1,8,RA-city,B2C,2,17,08:00,12:00,11:47,,21.12
24251,2026-06-24,2026-06-24-PM-V1,1,RA-city,B2B,4,16,14:00,16:00,14:15,,23.58
24252,2026-06-24,2026-06-24-PM-V1,2,RA-city,B2B,7,11,14:00,16:00,14:34,,23.58
24253,2026-06-24,2026-06-24-PM-V1,3,RA-city,B2B,3,15,14:00,16:00,14:57,,23.58
24254,2026-06-24,2026-06-24-PM-V1,4,RA-city,B2C,1,11,14:00,18:00,15:16,,23.58
24255,2026-06-24,2026-06-24-PM-V1,5,RA-city,B2C,1,20,14:00,18:00,15:37,,23.58
24256,2026-06-24,2026-06-24-PM-V1,6,RA-city,B2C,4,7,14:00,18:00,16:00,,23.58
24257,2026-06-24,2026-06-24-PM-V1,7,RA-city,B2C,2,10,14:00,18:00,16:37,,23.58
24258,2026-06-24,2026-06-24-AM-V2,1,FC,B2B,8,51,08:00,10:00,09:17,,39.64
24259,2026-06-24,2026-06-24-AM-V2,2,FC,B2C,3,36,08:00,12:00,09:48,,39.64
24260,2026-06-24,2026-06-24-AM-V2,3,FC,B2C,3,55,08:00,12:00,10:34,,39.64
24261,2026-06-24,2026-06-24-AM-V2,4,FC,B2C,2,31,08:00,12:00,11:14,,39.64
24262,2026-06-24,2026-06-24-AM-V2,5,FC,B2C,2,49,08:00,12:00,11:50,,39.64
24263,2026-06-24,2026-06-24-AM-V2,6,FC,B2C,1,57,08:00,12:00,12:30,,39.64
24264,2026-06-24,2026-06-24-PM-V2,1,RA-province,B2B,6,19,14:00,16:00,14:33,,33.68
24265,2026-06-24,2026-06-24-PM-V2,2,RA-province,B2C,3,23,14:00,18:00,15:07,,33.68
24266,2026-06-24,2026-06-24-PM-V2,3,RA-province,B2C,1,23,14:00,18:00,15:40,,33.68
24267,2026-06-24,2026-06-24-PM-V2,4,RA-province,B2C,2,44,14:00,18:00,16:15,,33.68
24268,2026-06-24,2026-06-24-PM-V2,5,RA-province,B2C,1,38,14:00,18:00,16:45,,33.68
24269,2026-06-24,2026-06-24-PM-V2,6,RA-province,B2C,1,40,14:00,18:00,17:16,,33.68
24270,2026-06-24,2026-06-24-AM-V3,1,RA-province,B2B,6,38,08:00,10:00,08:49,,33.9
24271,2026-06-24,2026-06-24-AM-V3,2,RA-province,B2B,6,33,08:00,10:00,09:18,,33.9
24272,2026-06-24,2026-06-24-AM-V3,3,RA-province,B2C,1,29,08:00,12:00,09:43,,33.9
24273,2026-06-24,2026-06-24-AM-V3,4,RA-province,B2C,1,31,08:00,12:00,10:09,,33.9
24274,2026-06-24,2026-06-24-AM-V3,5,RA-province,B2C,1,44,08:00,12:00,10:31,,33.9
24275,2026-06-24,2026-06-24-AM-V3,6,RA-province,B2C,4,41,08:00,12:00,10:54,,33.9
24276,2026-06-24,2026-06-24-PM-V3,1,BO,B2C,4,74,14:00,18:00,15:34,,47.83
24277,2026-06-24,2026-06-24-PM-V3,2,BO,B2C,2,76,14:00,18:00,16:16,,47.83
24278,2026-06-24,2026-06-24-PM-V3,3,BO,B2C,2,80,14:00,18:00,16:51,,47.83
24279,2026-06-24,2026-06-24-PM-V3,4,BO,B2C,2,65,14:00,18:00,17:27,,47.83
24280,2026-06-24,2026-06-24-PM-V3,5,BO,B2C,3,56,14:00,18:00,17:58,,47.83
24281,2026-06-25,2026-06-25-AM-V1,1,RA-city,B2B,5,11,08:00,10:00,08:12,,20.71
24282,2026-06-25,2026-06-25-AM-V1,2,RA-city,B2B,7,11,08:00,10:00,08:34,,20.71
24283,2026-06-25,2026-06-25-AM-V1,3,RA-city,B2B,5,17,08:00,10:00,08:58,,20.71
24284,2026-06-25,2026-06-25-AM-V1,4,RA-city,B2C,4,20,08:00,12:00,09:20,,20.71
24285,2026-06-25,2026-06-25-AM-V1,5,RA-city,B2C,1,13,08:00,12:00,09:59,,20.71
24286,2026-06-25,2026-06-25-AM-V1,6,RA-city,B2C,2,5,08:00,12:00,10:17,,20.71
24287,2026-06-25,2026-06-25-AM-V1,7,RA-city,B2C,4,11,08:00,12:00,10:41,,20.71
24288,2026-06-25,2026-06-25-AM-V1,8,RA-city,B2C,3,16,08:00,12:00,11:14,,20.71
24289,2026-06-25,2026-06-25-PM-V1,1,FC,B2B,8,41,14:00,16:00,14:57,,36.82
24290,2026-06-25,2026-06-25-PM-V1,2,FC,B2C,1,38,14:00,18:00,15:31,,36.82
24291,2026-06-25,2026-06-25-PM-V1,3,FC,B2C,3,31,14:00,18:00,16:01,,36.82
24292,2026-06-25,2026-06-25-PM-V1,4,FC,B2C,4,46,14:00,18:00,16:41,,36.82
24293,2026-06-25,2026-06-25-PM-V1,5,FC,B2C,2,53,14:00,18:00,17:22,,36.82
24294,2026-06-25,2026-06-25-PM-V1,6,FC,B2C,3,45,14:00,18:00,18:05,,36.82
24295,2026-06-25,2026-06-25-AM-V2,1,FC,B2B,5,50,08:00,10:00,09:00,,35.84
24296,2026-06-25,2026-06-25-AM-V2,2,FC,B2B,5,40,08:00,10:00,09:33,,35.84
24297,2026-06-25,2026-06-25-AM-V2,3,FC,B2B,3,37,08:00,10:00,10:04,,35.84
24298,2026-06-25,2026-06-25-AM-V2,4,FC,B2B,8,38,08:00,10:00,10:31,missing_item,35.84
24299,2026-06-25,2026-06-25-AM-V2,5,FC,B2C,3,25,08:00,12:00,11:22,,35.84
24300,2026-06-25,2026-06-25-AM-V2,6,FC,B2C,1,46,08:00,12:00,12:06,,35.84
24301,2026-06-25,2026-06-25-AM-V2,7,FC,B2C,2,59,08:00,12:00,12:36,,35.84
24302,2026-06-25,2026-06-25-PM-V2,1,RA-city,B2B,7,6,14:00,16:00,14:29,,20.88
24303,2026-06-25,2026-06-25-PM-V2,2,RA-city,B2C,4,8,14:00,18:00,14:54,,20.88
24304,2026-06-25,2026-06-25-PM-V2,3,RA-city,B2C,4,10,14:00,18:00,15:33,,20.88
24305,2026-06-25,2026-06-25-PM-V2,4,RA-city,B2C,3,8,14:00,18:00,16:12,,20.88
24306,2026-06-25,2026-06-25-PM-V2,5,RA-city,B2C,1,16,14:00,18:00,16:45,,20.88
24307,2026-06-25,2026-06-25-PM-V2,6,RA-city,B2C,2,15,14:00,18:00,17:08,missing_item,20.88
24308,2026-06-25,2026-06-25-PM-V2,7,RA-city,B2C,3,15,14:00,18:00,17:52,,20.88
24309,2026-06-25,2026-06-25-PM-V2,8,RA-city,B2C,3,8,14:00,18:00,18:26,,20.88
24310,2026-06-25,2026-06-25-AM-V3,1,FE,B2B,8,75,08:00,10:00,09:43,,62.71
24311,2026-06-25,2026-06-25-AM-V3,2,FE,B2C,6,61,08:00,12:00,10:21,,62.71
24312,2026-06-25,2026-06-25-AM-V3,3,FE,B2C,5,83,08:00,12:00,11:30,,62.71
24313,2026-06-25,2026-06-25-AM-V3,4,FE,B2C,5,62,08:00,12:00,12:35,,62.71
24314,2026-06-25,2026-06-25-PM-V3,1,FC,B2B,8,31,14:00,16:00,15:09,,35.85
24315,2026-06-25,2026-06-25-PM-V3,2,FC,B2B,8,41,14:00,16:00,15:50,,35.85
24316,2026-06-25,2026-06-25-PM-V3,3,FC,B2B,4,40,14:00,16:00,16:29,,35.85
24317,2026-06-25,2026-06-25-PM-V3,4,FC,B2B,6,47,14:00,16:00,17:03,transport_damage,35.85
24318,2026-06-25,2026-06-25-PM-V3,5,FC,B2C,3,27,14:00,18:00,17:52,,35.85
24319,2026-06-25,2026-06-25-PM-V3,6,FC,B2C,4,34,14:00,18:00,18:32,,35.85
24320,2026-06-26,2026-06-26-AM-V1,1,RA-province,B2B,5,27,08:00,10:00,08:28,,25.59
24321,2026-06-26,2026-06-26-AM-V1,2,RA-province,B2B,5,19,08:00,10:00,08:53,,25.59
24322,2026-06-26,2026-06-26-AM-V1,3,RA-province,B2C,3,17,08:00,12:00,09:24,,25.59
24323,2026-06-26,2026-06-26-AM-V1,4,RA-province,B2C,1,16,08:00,12:00,10:05,,25.59
24324,2026-06-26,2026-06-26-AM-V1,5,RA-province,B2C,2,19,08:00,12:00,10:36,,25.59
24325,2026-06-26,2026-06-26-AM-V1,6,RA-province,B2C,3,21,08:00,12:00,11:05,,25.59
24326,2026-06-26,2026-06-26-AM-V1,7,RA-province,B2C,2,33,08:00,12:00,11:42,,25.59
24327,2026-06-26,2026-06-26-AM-V1,8,RA-province,B2C,1,29,08:00,12:00,12:09,,25.59
24328,2026-06-26,2026-06-26-PM-V1,1,FC,B2B,4,60,14:00,16:00,15:10,,41.27
24329,2026-06-26,2026-06-26-PM-V1,2,FC,B2B,5,56,14:00,16:00,15:52,,41.27
24330,2026-06-26,2026-06-26-PM-V1,3,FC,B2B,8,34,14:00,16:00,16:21,,41.27
24331,2026-06-26,2026-06-26-PM-V1,4,FC,B2B,3,49,14:00,16:00,16:52,,41.27
24332,2026-06-26,2026-06-26-PM-V1,5,FC,B2C,4,50,14:00,18:00,17:16,,41.27
24333,2026-06-26,2026-06-26-PM-V1,6,FC,B2C,3,60,14:00,18:00,18:12,,41.27
24334,2026-06-26,2026-06-26-AM-V2,1,RN,B2B,8,73,08:00,10:00,09:32,missing_item,47.96
24335,2026-06-26,2026-06-26-AM-V2,2,RN,B2B,7,50,08:00,10:00,10:13,,47.96
24336,2026-06-26,2026-06-26-AM-V2,3,RN,B2C,6,51,08:00,12:00,10:41,,47.96
24337,2026-06-26,2026-06-26-AM-V2,4,RN,B2C,3,56,08:00,12:00,11:43,,47.96
24338,2026-06-26,2026-06-26-AM-V2,5,RN,B2C,6,55,08:00,12:00,12:25,,47.96
24339,2026-06-26,2026-06-26-PM-V2,1,RA-province,B2B,5,41,14:00,16:00,15:09,,30.82
24340,2026-06-26,2026-06-26-PM-V2,2,RA-province,B2B,6,21,14:00,16:00,15:38,missing_item,30.82
24341,2026-06-26,2026-06-26-PM-V2,3,RA-province,B2C,4,20,14:00,18:00,16:23,,30.82
24342,2026-06-26,2026-06-26-PM-V2,4,RA-province,B2C,4,44,14:00,18:00,17:03,,30.82
24343,2026-06-26,2026-06-26-PM-V2,5,RA-province,B2C,4,42,14:00,18:00,17:45,,30.82
24344,2026-06-26,2026-06-26-PM-V2,6,RA-province,B2C,3,34,14:00,18:00,18:27,,30.82
24345,2026-06-26,2026-06-26-PM-V2,7,RA-province,B2C,3,32,14:00,18:00,19:11,,30.82
24346,2026-06-26,2026-06-26-AM-V3,1,RA-province,B2B,8,32,08:00,10:00,08:39,,29.89
24347,2026-06-26,2026-06-26-AM-V3,2,RA-province,B2C,1,19,08:00,12:00,09:18,,29.89
24348,2026-06-26,2026-06-26-AM-V3,3,RA-province,B2C,4,24,08:00,12:00,09:48,,29.89
24349,2026-06-26,2026-06-26-AM-V3,4,RA-province,B2C,4,35,08:00,12:00,10:25,,29.89
24350,2026-06-26,2026-06-26-AM-V3,5,RA-province,B2C,4,36,08:00,12:00,11:14,,29.89
24351,2026-06-26,2026-06-26-AM-V3,6,RA-province,B2C,3,29,08:00,12:00,11:58,,29.89
24352,2026-06-26,2026-06-26-AM-V3,7,RA-province,B2C,4,30,08:00,12:00,12:34,,29.89
24353,2026-06-26,2026-06-26-PM-V3,1,FC,B2B,6,31,14:00,16:00,14:31,,36.39
24354,2026-06-26,2026-06-26-PM-V3,2,FC,B2C,3,26,14:00,18:00,15:11,refused,36.39
24355,2026-06-26,2026-06-26-PM-V3,3,FC,B2C,1,60,14:00,18:00,16:02,,36.39
24356,2026-06-26,2026-06-26-PM-V3,4,FC,B2C,2,40,14:00,18:00,16:37,,36.39
24357,2026-06-26,2026-06-26-PM-V3,5,FC,B2C,2,48,14:00,18:00,17:11,,36.39
24358,2026-06-26,2026-06-26-PM-V3,6,FC,B2C,3,31,14:00,18:00,17:49,,36.39
24359,2026-06-27,2026-06-27-AM-V1,1,RA-province,B2B,4,43,08:00,10:00,08:49,,27.78
24360,2026-06-27,2026-06-27-AM-V1,2,RA-province,B2B,3,30,08:00,10:00,09:15,,27.78
24361,2026-06-27,2026-06-27-AM-V1,3,RA-province,B2B,3,38,08:00,10:00,09:41,,27.78
24362,2026-06-27,2026-06-27-AM-V1,4,RA-province,B2C,1,33,08:00,12:00,10:07,,27.78
24363,2026-06-27,2026-06-27-AM-V1,5,RA-province,B2C,1,35,08:00,12:00,10:37,,27.78
24364,2026-06-27,2026-06-27-AM-V1,6,RA-province,B2C,1,27,08:00,12:00,11:05,,27.78
24365,2026-06-27,2026-06-27-AM-V1,7,RA-province,B2C,2,41,08:00,12:00,11:39,,27.78
24366,2026-06-27,2026-06-27-AM-V1,8,RA-province,B2C,1,24,08:00,12:00,12:08,,27.78
24367,2026-06-27,2026-06-27-PM-V1,1,RA-province,B2B,6,24,14:00,16:00,14:28,missing_item,32.49
24368,2026-06-27,2026-06-27-PM-V1,2,RA-province,B2B,3,30,14:00,16:00,15:04,,32.49
24369,2026-06-27,2026-06-27-PM-V1,3,RA-province,B2C,1,43,14:00,18:00,15:31,,32.49
24370,2026-06-27,2026-06-27-PM-V1,4,RA-province,B2C,3,24,14:00,18:00,15:57,,32.49
24371,2026-06-27,2026-06-27-PM-V1,5,RA-province,B2C,4,21,14:00,18:00,16:35,,32.49
24372,2026-06-27,2026-06-27-PM-V1,6,RA-province,B2C,4,35,14:00,18:00,17:12,,32.49
24373,2026-06-27,2026-06-27-AM-V2,1,RA-city,B2B,5,18,08:00,10:00,08:20,,20.88
24374,2026-06-27,2026-06-27-AM-V2,2,RA-city,B2C,3,18,08:00,12:00,08:39,,20.88
24375,2026-06-27,2026-06-27-AM-V2,3,RA-city,B2C,3,13,08:00,12:00,09:08,,20.88
24376,2026-06-27,2026-06-27-AM-V2,4,RA-city,B2C,1,15,08:00,12:00,09:37,,20.88
24377,2026-06-27,2026-06-27-AM-V2,5,RA-city,B2C,3,15,08:00,12:00,10:00,,20.88
24378,2026-06-27,2026-06-27-AM-V2,6,RA-city,B2C,4,16,08:00,12:00,10:33,,20.88
24379,2026-06-27,2026-06-27-AM-V2,7,RA-city,B2C,2,9,08:00,12:00,11:06,,20.88
24380,2026-06-27,2026-06-27-AM-V2,8,RA-city,B2C,2,14,08:00,12:00,11:31,,20.88
24381,2026-06-27,2026-06-27-PM-V2,1,FC,B2B,4,51,14:00,16:00,15:12,,33.33
24382,2026-06-27,2026-06-27-PM-V2,2,FC,B2B,5,53,14:00,16:00,15:36,,33.33
24383,2026-06-27,2026-06-27-PM-V2,3,FC,B2B,7,37,14:00,16:00,16:05,,33.33
24384,2026-06-27,2026-06-27-PM-V2,4,FC,B2C,1,38,14:00,18:00,16:39,,33.33
24385,2026-06-27,2026-06-27-PM-V2,5,FC,B2C,1,34,14:00,18:00,17:11,,33.33
24386,2026-06-27,2026-06-27-PM-V2,6,FC,B2C,4,47,14:00,18:00,17:36,,33.33
24387,2026-06-27,2026-06-27-PM-V2,7,FC,B2C,2,47,14:00,18:00,18:15,,33.33
24388,2026-06-27,2026-06-27-AM-V3,1,RA-province,B2B,7,21,08:00,10:00,08:22,,33.03
24389,2026-06-27,2026-06-27-AM-V3,2,RA-province,B2B,5,29,08:00,10:00,08:52,,33.03
24390,2026-06-27,2026-06-27-AM-V3,3,RA-province,B2B,4,41,08:00,10:00,09:21,,33.03
24391,2026-06-27,2026-06-27-AM-V3,4,RA-province,B2C,2,43,08:00,12:00,09:45,,33.03
24392,2026-06-27,2026-06-27-AM-V3,5,RA-province,B2C,4,36,08:00,12:00,10:22,,33.03
24393,2026-06-27,2026-06-27-AM-V3,6,RA-province,B2C,4,40,08:00,12:00,11:01,,33.03
24394,2026-06-27,2026-06-27-PM-V3,1,RA-city,B2B,8,20,14:00,16:00,14:23,,24.97
24395,2026-06-27,2026-06-27-PM-V3,2,RA-city,B2C,2,6,14:00,18:00,14:50,,24.97
24396,2026-06-27,2026-06-27-PM-V3,3,RA-city,B2C,3,8,14:00,18:00,15:20,,24.97
24397,2026-06-27,2026-06-27-PM-V3,4,RA-city,B2C,2,18,14:00,18:00,15:49,,24.97
24398,2026-06-27,2026-06-27-PM-V3,5,RA-city,B2C,3,8,14:00,18:00,16:19,,24.97
24399,2026-06-27,2026-06-27-PM-V3,6,RA-city,B2C,2,5,14:00,18:00,16:52,,24.97
24400,2026-06-27,2026-06-27-PM-V3,7,RA-city,B2C,4,17,14:00,18:00,17:20,,24.97
24401,2026-06-28,2026-06-28-AM-V1,1,RA-city,B2B,6,12,08:00,10:00,08:15,,21.04
24402,2026-06-28,2026-06-28-AM-V1,2,RA-city,B2C,3,9,08:00,12:00,08:39,,21.04
24403,2026-06-28,2026-06-28-AM-V1,3,RA-city,B2C,3,9,08:00,12:00,09:11,,21.04
24404,2026-06-28,2026-06-28-AM-V1,4,RA-city,B2C,4,7,08:00,12:00,09:42,,21.04
24405,2026-06-28,2026-06-28-AM-V1,5,RA-city,B2C,1,12,08:00,12:00,10:22,,21.04
24406,2026-06-28,2026-06-28-AM-V1,6,RA-city,B2C,2,11,08:00,12:00,10:46,,21.04
24407,2026-06-28,2026-06-28-AM-V1,7,RA-city,B2C,1,13,08:00,12:00,11:12,,21.04
24408,2026-06-28,2026-06-28-AM-V1,8,RA-city,B2C,3,10,08:00,12:00,11:35,,21.04
24409,2026-06-28,2026-06-28-PM-V1,1,RN,B2B,7,60,14:00,16:00,14:59,,42.68
24410,2026-06-28,2026-06-28-PM-V1,2,RN,B2C,2,64,14:00,18:00,15:36,,42.68
24411,2026-06-28,2026-06-28-PM-V1,3,RN,B2C,2,73,14:00,18:00,16:14,,42.68
24412,2026-06-28,2026-06-28-PM-V1,4,RN,B2C,4,72,14:00,18:00,16:42,,42.68
24413,2026-06-28,2026-06-28-PM-V1,5,RN,B2C,6,49,14:00,18:00,17:30,,42.68
24414,2026-06-28,2026-06-28-PM-V1,6,RN,B2C,6,77,14:00,18:00,18:21,,42.68
24415,2026-06-28,2026-06-28-AM-V2,1,BO,B2B,8,87,08:00,10:00,09:25,,60.44
24416,2026-06-28,2026-06-28-AM-V2,2,BO,B2C,5,81,08:00,12:00,09:57,,60.44
24417,2026-06-28,2026-06-28-AM-V2,3,BO,B2C,3,87,08:00,12:00,10:40,,60.44
24418,2026-06-28,2026-06-28-AM-V2,4,BO,B2C,4,61,08:00,12:00,11:20,,60.44
24419,2026-06-28,2026-06-28-PM-V2,1,RA-province,B2B,8,20,14:00,16:00,14:29,,27.94
24420,2026-06-28,2026-06-28-PM-V2,2,RA-province,B2B,6,29,14:00,16:00,14:59,,27.94
24421,2026-06-28,2026-06-28-PM-V2,3,RA-province,B2B,8,44,14:00,16:00,15:31,,27.94
24422,2026-06-28,2026-06-28-PM-V2,4,RA-province,B2C,3,24,14:00,18:00,15:59,,27.94
24423,2026-06-28,2026-06-28-PM-V2,5,RA-province,B2C,1,22,14:00,18:00,16:37,,27.94
24424,2026-06-28,2026-06-28-PM-V2,6,RA-province,B2C,2,21,14:00,18:00,17:02,,27.94
24425,2026-06-28,2026-06-28-PM-V2,7,RA-province,B2C,4,32,14:00,18:00,17:32,,27.94
24426,2026-06-28,2026-06-28-AM-V3,1,RA-city,B2B,3,19,08:00,10:00,08:19,,19.06
24427,2026-06-28,2026-06-28-AM-V3,2,RA-city,B2B,5,12,08:00,10:00,08:41,,19.06
24428,2026-06-28,2026-06-28-AM-V3,3,RA-city,B2C,3,17,08:00,12:00,09:06,,19.06
24429,2026-06-28,2026-06-28-AM-V3,4,RA-city,B2C,3,12,08:00,12:00,09:36,,19.06
24430,2026-06-28,2026-06-28-AM-V3,5,RA-city,B2C,4,20,08:00,12:00,10:05,,19.06
24431,2026-06-28,2026-06-28-AM-V3,6,RA-city,B2C,3,16,08:00,12:00,10:40,,19.06
24432,2026-06-28,2026-06-28-AM-V3,7,RA-city,B2C,3,11,08:00,12:00,11:11,,19.06
24433,2026-06-28,2026-06-28-AM-V3,8,RA-city,B2C,4,14,08:00,12:00,11:41,,19.06
24434,2026-06-28,2026-06-28-AM-V3,9,RA-city,B2C,4,7,08:00,12:00,12:21,,19.06
24435,2026-06-28,2026-06-28-PM-V3,1,RA-province,B2B,5,23,14:00,16:00,14:33,,34.88
24436,2026-06-28,2026-06-28-PM-V3,2,RA-province,B2C,2,41,14:00,18:00,15:04,,34.88
24437,2026-06-28,2026-06-28-PM-V3,3,RA-province,B2C,2,40,14:00,18:00,15:41,,34.88
24438,2026-06-28,2026-06-28-PM-V3,4,RA-province,B2C,2,23,14:00,18:00,16:20,,34.88
24439,2026-06-28,2026-06-28-PM-V3,5,RA-province,B2C,1,31,14:00,18:00,16:52,,34.88
24440,2026-06-28,2026-06-28-PM-V3,6,RA-province,B2C,4,43,14:00,18:00,17:24,,34.88
24441,2026-07-01,2026-07-01-AM-V1,1,FC,B2B,8,29,08:00,10:00,08:31,,37.91
24442,2026-07-01,2026-07-01-AM-V1,2,FC,B2C,3,39,08:00,12:00,09:09,,37.91
24443,2026-07-01,2026-07-01-AM-V1,3,FC,B2C,4,44,08:00,12:00,09:58,,37.91
24444,2026-07-01,2026-07-01-AM-V1,4,FC,B2C,2,44,08:00,12:00,10:39,,37.91
24445,2026-07-01,2026-07-01-AM-V1,5,FC,B2C,2,29,08:00,12:00,11:13,,37.91
24446,2026-07-01,2026-07-01-AM-V1,6,FC,B2C,1,54,08:00,12:00,11:52,,37.91
24447,2026-07-01,2026-07-01-PM-V1,1,FE,B2B,5,72,14:00,16:00,15:46,,62.88
24448,2026-07-01,2026-07-01-PM-V1,2,FE,B2C,4,90,14:00,18:00,16:16,,62.88
24449,2026-07-01,2026-07-01-PM-V1,3,FE,B2C,5,79,14:00,18:00,17:06,,62.88
24450,2026-07-01,2026-07-01-PM-V1,4,FE,B2C,5,71,14:00,18:00,18:01,,62.88
24451,2026-07-01,2026-07-01-AM-V2,1,RA-province,B2B,5,25,08:00,10:00,08:37,,31.73
24452,2026-07-01,2026-07-01-AM-V2,2,RA-province,B2B,3,27,08:00,10:00,09:01,,31.73
24453,2026-07-01,2026-07-01-AM-V2,3,RA-province,B2C,4,44,08:00,12:00,09:25,,31.73
24454,2026-07-01,2026-07-01-AM-V2,4,RA-province,B2C,4,40,08:00,12:00,10:08,,31.73
24455,2026-07-01,2026-07-01-AM-V2,5,RA-province,B2C,3,45,08:00,12:00,10:53,,31.73
24456,2026-07-01,2026-07-01-AM-V2,6,RA-province,B2C,3,17,08:00,12:00,11:35,,31.73
24457,2026-07-01,2026-07-01-PM-V2,1,RN,B2B,7,74,14:00,16:00,15:25,,50.04
24458,2026-07-01,2026-07-01-PM-V2,2,RN,B2B,10,73,14:00,16:00,16:04,transport_damage,50.04
24459,2026-07-01,2026-07-01-PM-V2,3,RN,B2C,6,47,14:00,18:00,16:53,,50.04
24460,2026-07-01,2026-07-01-PM-V2,4,RN,B2C,6,66,14:00,18:00,17:42,,50.04
24461,2026-07-01,2026-07-01-PM-V2,5,RN,B2C,2,71,14:00,18:00,18:43,,50.04
24462,2026-07-01,2026-07-01-AM-V3,1,RA-province,B2B,8,39,08:00,10:00,08:56,,40.03
24463,2026-07-01,2026-07-01-AM-V3,2,RA-province,B2C,2,15,08:00,12:00,09:29,,40.03
24464,2026-07-01,2026-07-01-AM-V3,3,RA-province,B2C,1,41,08:00,12:00,10:04,,40.03
24465,2026-07-01,2026-07-01-AM-V3,4,RA-province,B2C,2,26,08:00,12:00,10:25,,40.03
24466,2026-07-01,2026-07-01-AM-V3,5,RA-province,B2C,3,36,08:00,12:00,10:56,,40.03
24467,2026-07-01,2026-07-01-PM-V3,1,FE,B2C,6,75,14:00,18:00,15:14,,64.66
24468,2026-07-01,2026-07-01-PM-V3,2,FE,B2C,3,106,14:00,18:00,16:05,,64.66
24469,2026-07-01,2026-07-01-PM-V3,3,FE,B2C,6,80,14:00,18:00,16:47,,64.66
24470,2026-07-01,2026-07-01-PM-V3,4,FE,B2C,6,92,14:00,18:00,17:39,,64.66
24471,2026-07-02,2026-07-02-AM-V1,1,BO,B2C,4,73,08:00,12:00,09:51,,63.04
24472,2026-07-02,2026-07-02-AM-V1,2,BO,B2C,6,77,08:00,12:00,10:34,,63.04
24473,2026-07-02,2026-07-02-AM-V1,3,BO,B2C,2,68,08:00,12:00,11:26,,63.04
24474,2026-07-02,2026-07-02-AM-V1,4,BO,B2C,2,89,08:00,12:00,11:59,,63.04
24475,2026-07-02,2026-07-02-PM-V1,1,BO,B2B,10,87,14:00,16:00,16:21,,55.11
24476,2026-07-02,2026-07-02-PM-V1,2,BO,B2B,5,69,14:00,16:00,17:01,,55.11
24477,2026-07-02,2026-07-02-PM-V1,3,BO,B2B,4,74,14:00,16:00,17:44,,55.11
24478,2026-07-02,2026-07-02-PM-V1,4,BO,B2C,2,84,14:00,18:00,18:13,,55.11
24479,2026-07-02,2026-07-02-PM-V1,5,BO,B2C,3,88,14:00,18:00,18:50,,55.11
24480,2026-07-02,2026-07-02-AM-V2,1,RN,B2B,7,80,08:00,10:00,09:29,,48.48
24481,2026-07-02,2026-07-02-AM-V2,2,RN,B2C,6,52,08:00,12:00,09:58,,48.48
24482,2026-07-02,2026-07-02-AM-V2,3,RN,B2C,6,74,08:00,12:00,10:52,,48.48
24483,2026-07-02,2026-07-02-AM-V2,4,RN,B2C,6,57,08:00,12:00,11:52,,48.48
24484,2026-07-02,2026-07-02-AM-V2,5,RN,B2C,5,55,08:00,12:00,12:46,,48.48
24485,2026-07-02,2026-07-02-PM-V2,1,RN,B2C,5,64,14:00,18:00,16:00,,47.83
24486,2026-07-02,2026-07-02-PM-V2,2,RN,B2C,3,57,14:00,18:00,16:47,,47.83
24487,2026-07-02,2026-07-02-PM-V2,3,RN,B2C,3,67,14:00,18:00,17:28,,47.83
24488,2026-07-02,2026-07-02-PM-V2,4,RN,B2C,2,59,14:00,18:00,18:00,,47.83
24489,2026-07-02,2026-07-02-PM-V2,5,RN,B2C,6,65,14:00,18:00,18:34,,47.83
24490,2026-07-02,2026-07-02-AM-V3,1,RN,B2C,3,69,08:00,12:00,09:12,,40.18
24491,2026-07-02,2026-07-02-AM-V3,2,RN,B2C,3,49,08:00,12:00,09:49,,40.18
24492,2026-07-02,2026-07-02-AM-V3,3,RN,B2C,2,70,08:00,12:00,10:23,,40.18
24493,2026-07-02,2026-07-02-AM-V3,4,RN,B2C,2,46,08:00,12:00,10:51,,40.18
24494,2026-07-02,2026-07-02-AM-V3,5,RN,B2C,6,65,08:00,12:00,11:22,,40.18
24495,2026-07-02,2026-07-02-AM-V3,6,RN,B2C,4,64,08:00,12:00,12:13,,40.18
24496,2026-07-02,2026-07-02-PM-V3,1,FC,B2B,4,32,14:00,16:00,15:01,,43.54
24497,2026-07-02,2026-07-02-PM-V3,2,FC,B2B,6,49,14:00,16:00,15:35,,43.54
24498,2026-07-02,2026-07-02-PM-V3,3,FC,B2B,4,48,14:00,16:00,16:16,,43.54
24499,2026-07-02,2026-07-02-PM-V3,4,FC,B2C,2,32,14:00,18:00,16:56,,43.54
24500,2026-07-02,2026-07-02-PM-V3,5,FC,B2C,4,39,14:00,18:00,17:36,,43.54
24501,2026-07-03,2026-07-03-AM-V1,1,RN,B2B,9,74,08:00,10:00,09:41,,60.28
24502,2026-07-03,2026-07-03-AM-V1,2,RN,B2B,6,52,08:00,10:00,10:15,,60.28
24503,2026-07-03,2026-07-03-AM-V1,3,RN,B2C,2,73,08:00,12:00,10:52,,60.28
24504,2026-07-03,2026-07-03-AM-V1,4,RN,B2C,6,72,08:00,12:00,11:20,,60.28
24505,2026-07-03,2026-07-03-PM-V1,1,RA-city,B2B,6,8,14:00,16:00,14:08,,23.58
24506,2026-07-03,2026-07-03-PM-V1,2,RA-city,B2B,8,9,14:00,16:00,14:35,,23.58
24507,2026-07-03,2026-07-03-PM-V1,3,RA-city,B2C,2,16,14:00,18:00,15:03,,23.58
24508,2026-07-03,2026-07-03-PM-V1,4,RA-city,B2C,3,9,14:00,18:00,15:29,,23.58
24509,2026-07-03,2026-07-03-PM-V1,5,RA-city,B2C,2,8,14:00,18:00,16:00,,23.58
24510,2026-07-03,2026-07-03-PM-V1,6,RA-city,B2C,4,10,14:00,18:00,16:25,,23.58
24511,2026-07-03,2026-07-03-PM-V1,7,RA-city,B2C,3,14,14:00,18:00,17:07,,23.58
24512,2026-07-03,2026-07-03-AM-V2,1,RA-city,B2B,5,16,08:00,10:00,08:23,,23.67
24513,2026-07-03,2026-07-03-AM-V2,2,RA-city,B2C,2,6,08:00,12:00,08:51,,23.67
24514,2026-07-03,2026-07-03-AM-V2,3,RA-city,B2C,2,11,08:00,12:00,09:18,,23.67
24515,2026-07-03,2026-07-03-AM-V2,4,RA-city,B2C,1,16,08:00,12:00,09:47,,23.67
24516,2026-07-03,2026-07-03-AM-V2,5,RA-city,B2C,3,20,08:00,12:00,10:07,,23.67
24517,2026-07-03,2026-07-03-AM-V2,6,RA-city,B2C,3,12,08:00,12:00,10:39,,23.67
24518,2026-07-03,2026-07-03-AM-V2,7,RA-city,B2C,1,8,08:00,12:00,11:07,missing_item,23.67
24519,2026-07-03,2026-07-03-PM-V2,1,BO,B2C,5,84,14:00,18:00,15:46,,65.8
24520,2026-07-03,2026-07-03-PM-V2,2,BO,B2C,4,66,14:00,18:00,16:33,,65.8
24521,2026-07-03,2026-07-03-PM-V2,3,BO,B2C,5,74,14:00,18:00,17:23,,65.8
24522,2026-07-03,2026-07-03-PM-V2,4,BO,B2C,4,83,14:00,18:00,18:18,,65.8
24523,2026-07-03,2026-07-03-AM-V3,1,RA-city,B2B,5,20,08:00,10:00,08:24,,21.12
24524,2026-07-03,2026-07-03-AM-V3,2,RA-city,B2B,7,7,08:00,10:00,08:50,,21.12
24525,2026-07-03,2026-07-03-AM-V3,3,RA-city,B2B,8,20,08:00,10:00,09:16,,21.12
24526,2026-07-03,2026-07-03-AM-V3,4,RA-city,B2C,1,17,08:00,12:00,09:48,,21.12
24527,2026-07-03,2026-07-03-AM-V3,5,RA-city,B2C,4,8,08:00,12:00,10:12,,21.12
24528,2026-07-03,2026-07-03-AM-V3,6,RA-city,B2C,4,11,08:00,12:00,10:45,,21.12
24529,2026-07-03,2026-07-03-AM-V3,7,RA-city,B2C,3,13,08:00,12:00,11:20,missing_item,21.12
24530,2026-07-03,2026-07-03-AM-V3,8,RA-city,B2C,2,5,08:00,12:00,12:01,,21.12
24531,2026-07-03,2026-07-03-PM-V3,1,FC,B2B,5,40,14:00,16:00,14:43,,42.5
24532,2026-07-03,2026-07-03-PM-V3,2,FC,B2B,5,39,14:00,16:00,15:10,,42.5
24533,2026-07-03,2026-07-03-PM-V3,3,FC,B2C,3,31,14:00,18:00,15:40,,42.5
24534,2026-07-03,2026-07-03-PM-V3,4,FC,B2C,4,59,14:00,18:00,16:18,,42.5
24535,2026-07-03,2026-07-03-PM-V3,5,FC,B2C,1,48,14:00,18:00,17:00,,42.5
24536,2026-07-04,2026-07-04-AM-V1,1,BO,B2C,5,73,08:00,12:00,09:33,,58.49
24537,2026-07-04,2026-07-04-AM-V1,2,BO,B2C,6,61,08:00,12:00,10:35,,58.49
24538,2026-07-04,2026-07-04-AM-V1,3,BO,B2C,5,71,08:00,12:00,11:29,,58.49
24539,2026-07-04,2026-07-04-AM-V1,4,BO,B2C,2,53,08:00,12:00,12:12,,58.49
24540,2026-07-04,2026-07-04-PM-V1,1,FE,B2C,4,62,14:00,18:00,15:16,,65.96
24541,2026-07-04,2026-07-04-PM-V1,2,FE,B2C,6,81,14:00,18:00,16:13,,65.96
24542,2026-07-04,2026-07-04-PM-V1,3,FE,B2C,3,82,14:00,18:00,17:21,,65.96
24543,2026-07-04,2026-07-04-PM-V1,4,FE,B2C,3,86,14:00,18:00,18:13,,65.96
24544,2026-07-04,2026-07-04-AM-V2,1,RA-province,B2B,7,33,08:00,10:00,08:37,,36.52
24545,2026-07-04,2026-07-04-AM-V2,2,RA-province,B2B,7,42,08:00,10:00,09:13,,36.52
24546,2026-07-04,2026-07-04-AM-V2,3,RA-province,B2B,4,34,08:00,10:00,09:46,refused,36.52
24547,2026-07-04,2026-07-04-AM-V2,4,RA-province,B2C,2,43,08:00,12:00,10:19,,36.52
24548,2026-07-04,2026-07-04-AM-V2,5,RA-province,B2C,2,19,08:00,12:00,10:48,,36.52
24549,2026-07-04,2026-07-04-PM-V2,1,RA-city,B2B,6,7,14:00,16:00,14:09,,26.97
24550,2026-07-04,2026-07-04-PM-V2,2,RA-city,B2C,3,7,14:00,18:00,14:38,,26.97
24551,2026-07-04,2026-07-04-PM-V2,3,RA-city,B2C,2,16,14:00,18:00,15:13,,26.97
24552,2026-07-04,2026-07-04-PM-V2,4,RA-city,B2C,1,5,14:00,18:00,15:40,,26.97
24553,2026-07-04,2026-07-04-PM-V2,5,RA-city,B2C,1,5,14:00,18:00,16:00,,26.97
24554,2026-07-04,2026-07-04-PM-V2,6,RA-city,B2C,2,15,14:00,18:00,16:19,,26.97
24555,2026-07-04,2026-07-04-AM-V3,1,FE,B2B,8,88,08:00,10:00,09:27,,85.57
24556,2026-07-04,2026-07-04-AM-V3,2,FE,B2C,4,65,08:00,12:00,10:07,,85.57
24557,2026-07-04,2026-07-04-AM-V3,3,FE,B2C,4,78,08:00,12:00,10:57,,85.57
24558,2026-07-04,2026-07-04-PM-V3,1,FE,B2B,8,89,14:00,16:00,15:56,,73.11
24559,2026-07-04,2026-07-04-PM-V3,2,FE,B2C,3,105,14:00,18:00,16:40,,73.11
24560,2026-07-04,2026-07-04-PM-V3,3,FE,B2C,4,91,14:00,18:00,17:19,,73.11
24561,2026-07-04,2026-07-04-PM-V3,4,FE,B2C,6,110,14:00,18:00,18:14,,73.11
24562,2026-07-05,2026-07-05-AM-V1,1,FE,B2B,6,89,08:00,10:00,09:59,,71.81
24563,2026-07-05,2026-07-05-AM-V1,2,FE,B2B,6,91,08:00,10:00,10:37,,71.81
24564,2026-07-05,2026-07-05-AM-V1,3,FE,B2C,3,109,08:00,12:00,11:07,,71.81
24565,2026-07-05,2026-07-05-AM-V1,4,FE,B2C,2,108,08:00,12:00,11:58,,71.81
24566,2026-07-05,2026-07-05-PM-V1,1,FC,B2B,3,58,14:00,16:00,16:04,,41.16
24567,2026-07-05,2026-07-05-PM-V1,2,FC,B2C,1,46,14:00,18:00,16:28,,41.16
24568,2026-07-05,2026-07-05-PM-V1,3,FC,B2C,2,60,14:00,18:00,17:05,,41.16
24569,2026-07-05,2026-07-05-PM-V1,4,FC,B2C,1,35,14:00,18:00,17:40,,41.16
24570,2026-07-05,2026-07-05-PM-V1,5,FC,B2C,3,43,14:00,18:00,18:11,,41.16
24571,2026-07-05,2026-07-05-PM-V1,6,FC,B2C,4,57,14:00,18:00,18:55,,41.16
24572,2026-07-05,2026-07-05-AM-V2,1,FC,B2B,5,59,08:00,10:00,09:04,,43.28
24573,2026-07-05,2026-07-05-AM-V2,2,FC,B2B,7,37,08:00,10:00,09:35,,43.28
24574,2026-07-05,2026-07-05-AM-V2,3,FC,B2B,3,45,08:00,10:00,10:04,,43.28
24575,2026-07-05,2026-07-05-AM-V2,4,FC,B2C,2,25,08:00,12:00,10:33,,43.28
24576,2026-07-05,2026-07-05-AM-V2,5,FC,B2C,1,33,08:00,12:00,11:06,,43.28
24577,2026-07-05,2026-07-05-PM-V2,1,FC,B2B,4,60,14:00,16:00,15:03,,36.93
24578,2026-07-05,2026-07-05-PM-V2,2,FC,B2C,2,30,14:00,18:00,15:26,,36.93
24579,2026-07-05,2026-07-05-PM-V2,3,FC,B2C,2,31,14:00,18:00,15:57,,36.93
24580,2026-07-05,2026-07-05-PM-V2,4,FC,B2C,2,53,14:00,18:00,16:36,,36.93
24581,2026-07-05,2026-07-05-PM-V2,5,FC,B2C,1,35,14:00,18:00,17:19,,36.93
24582,2026-07-05,2026-07-05-PM-V2,6,FC,B2C,1,25,14:00,18:00,17:49,,36.93
24583,2026-07-05,2026-07-05-AM-V3,1,FE,B2B,5,101,08:00,10:00,09:42,,71.65
24584,2026-07-05,2026-07-05-AM-V3,2,FE,B2C,4,78,08:00,12:00,10:22,,71.65
24585,2026-07-05,2026-07-05-AM-V3,3,FE,B2C,4,108,08:00,12:00,11:10,,71.65
24586,2026-07-05,2026-07-05-AM-V3,4,FE,B2C,2,98,08:00,12:00,11:54,,71.65
24587,2026-07-05,2026-07-05-PM-V3,1,RA-city,B2B,8,8,14:00,16:00,14:31,,23.21
24588,2026-07-05,2026-07-05-PM-V3,2,RA-city,B2B,3,20,14:00,16:00,15:03,,23.21
24589,2026-07-05,2026-07-05-PM-V3,3,RA-city,B2B,8,8,14:00,16:00,15:22,,23.21
24590,2026-07-05,2026-07-05-PM-V3,4,RA-city,B2B,7,11,14:00,16:00,15:47,,23.21
24591,2026-07-05,2026-07-05-PM-V3,5,RA-city,B2C,3,7,14:00,18:00,16:18,,23.21
24592,2026-07-05,2026-07-05-PM-V3,6,RA-city,B2C,1,7,14:00,18:00,16:53,,23.21
24593,2026-07-05,2026-07-05-PM-V3,7,RA-city,B2C,4,11,14:00,18:00,17:11,,23.21
